precision,recall
0.1537,1.0
0.15371537153715373,1.0
0.15373074614922985,1.0
0.15374612383715114,1.0
0.15376150460184074,1.0
0.1537768884442221,1.0
0.15379227536521914,1.0
0.15380766536575602,1.0
0.1538230584467574,1.0
0.15383845460914825,1.0
0.15385385385385386,1.0
0.15386925618179997,1.0
0.1538846615939127,1.0
0.15379993992189847,0.9993493819128172
0.1538153414780693,0.9993493819128172
0.15383074611917877,0.9993493819128172
0.15384615384615385,0.9993493819128172
0.15386156465992187,0.9993493819128172
0.15387697856141053,0.9993493819128172
0.15389239555154793,0.9993493819128172
0.15390781563126252,0.9993493819128172
0.15392323880148312,0.9993493819128172
0.1539386650631389,0.9993493819128172
0.15395409441715946,0.9993493819128172
0.15396952686447474,0.9993493819128172
0.15398496240601503,0.9993493819128172
0.15400040104271104,0.9993493819128172
0.15401584277549382,0.9993493819128172
0.15403128760529483,0.9993493819128172
0.15404673553304582,0.9993493819128172
0.15406218655967904,0.9993493819128172
0.154077640686127,0.9993493819128172
0.15409309791332262,0.9993493819128172
0.15410855824219927,0.9993493819128172
0.15412402167369055,0.9993493819128172
0.15413948820873055,0.9993493819128172
0.15415495784825373,0.9993493819128172
0.15417043059319482,0.9993493819128172
0.15418590644448907,0.9993493819128172
0.154201385403072,0.9993493819128172
0.15421686746987953,0.9993493819128172
0.15423235264584798,0.9993493819128172
0.15424784093191404,0.9993493819128172
0.15426333232901476,0.9993493819128172
0.15427882683808758,0.9993493819128172
0.15429432446007033,0.9993493819128172
0.15430982519590114,0.9993493819128172
0.15432532904651863,0.9993493819128172
0.15434083601286175,0.9993493819128172
0.15435634609586976,0.9993493819128172
0.15437185929648242,0.9993493819128172
0.15438737561563975,0.9993493819128172
0.15440289505428226,0.9993493819128172
0.15441841761335076,0.9993493819128172
0.15443394329378646,0.9993493819128172
0.15444947209653093,0.9993493819128172
0.15446500402252614,0.9993493819128172
0.15448053907271447,0.9993493819128172
0.15449607724803863,0.9993493819128172
0.1545116185494417,0.9993493819128172
0.1545271629778672,0.9993493819128172
0.15454271053425897,0.9993493819128172
0.1545582612195613,0.9993493819128172
0.15457381503471873,0.9993493819128172
0.15458937198067632,0.9993493819128172
0.15460493205837947,0.9993493819128172
0.15462049526877392,0.9993493819128172
0.1546360616128058,0.9993493819128172
0.15465163109142166,0.9993493819128172
0.1546672037055684,0.9993493819128172
0.15468277945619335,0.9993493819128172
0.15469835834424414,0.9993493819128172
0.15471394037066882,0.9993493819128172
0.15472952553641584,0.9993493819128172
0.154745113842434,0.9993493819128172
0.15476070528967253,0.9993493819128172
0.154776299879081,0.9993493819128172
0.15479189761160939,0.9993493819128172
0.15480749848820802,0.9993493819128172
0.15482310250982764,0.9993493819128172
0.15483870967741936,0.9993493819128172
0.15485431999193466,0.9993493819128172
0.15486993345432548,0.9993493819128172
0.15488555006554403,0.9993493819128172
0.15490116982654295,0.9993493819128172
0.15491679273827533,0.9993493819128172
0.15493241880169456,0.9993493819128172
0.15494804801775447,0.9993493819128172
0.1549636803874092,0.9993493819128172
0.15497931591161335,0.9993493819128172
0.15489404641775983,0.9986987638256344
0.154909678070441,0.9986987638256344
0.15492531287848205,0.9986987638256344
0.1549409508428384,0.9986987638256344
0.15495659196446598,0.9986987638256344
0.15497223624432105,0.9986987638256344
0.15498788368336025,0.9986987638256344
0.15500353428254066,0.9986987638256344
0.15501918804281964,0.9986987638256344
0.15503484496515504,0.9986987638256344
0.15505050505050505,0.9986987638256344
0.15506616829982828,0.9986987638256344
0.15508183471408366,0.9986987638256344
0.15509750429423058,0.9986987638256344
0.1551131770412288,0.9986987638256344
0.1551288529560384,0.9986987638256344
0.15514453203961998,0.9986987638256344
0.1551602142929344,0.9986987638256344
0.15517589971694298,0.9986987638256344
0.15519158831260743,0.9986987638256344
0.1552072800808898,0.9986987638256344
0.15522297502275256,0.9986987638256344
0.15513754045307443,0.9980481457384516
0.1551532315161323,0.9980481457384516
0.15516892575359092,0.9980481457384516
0.15518462316641377,0.9980481457384516
0.15520032375556456,0.9980481457384516
0.1552160275220075,0.9980481457384516
0.15523173446670716,0.9980481457384516
0.15524744459062848,0.9980481457384516
0.15526315789473685,0.9980481457384516
0.155278874379998,0.9980481457384516
0.155294594047378,0.9980481457384516
0.15531031689784347,0.9980481457384516
0.15532604293236127,0.9980481457384516
0.15534177215189873,0.9980481457384516
0.15535750455742353,0.9980481457384516
0.15537324014990378,0.9980481457384516
0.15538897893030795,0.9980481457384516
0.15540472089960491,0.9980481457384516
0.15542046605876392,0.9980481457384516
0.15533488701996148,0.9973975276512687
0.15535062829347385,0.9973975276512687
0.15536637275767712,0.9973975276512687
0.15538212041354146,0.9973975276512687
0.15529650278763305,0.9967469095640858
0.15531224655312248,0.9967469095640858
0.1553279935111021,0.9967469095640858
0.15534374366254308,0.9967469095640858
0.155359497008417,0.9967469095640858
0.15537525354969575,0.9967469095640858
0.15539101328735166,0.9967469095640858
0.1554067762223575,0.9967469095640858
0.1554225423556863,0.9967469095640858
0.15543831168831168,0.9967469095640858
0.15545408422120752,0.9967469095640858
0.1554698599553481,0.9967469095640858
0.1554856388917081,0.9967469095640858
0.1555014210312627,0.9967469095640858
0.1555172063749873,0.9967469095640858
0.15553299492385786,0.9967469095640858
0.15554878667885064,0.9967469095640858
0.15556458164094233,0.9967469095640858
0.15558037981110998,0.9967469095640858
0.1555961811903311,0.9967469095640858
0.15561198577958354,0.9967469095640858
0.1556277935798456,0.9967469095640858
0.15554200954993397,0.996096291476903
0.1555578134525503,0.996096291476903
0.15557362056701554,0.996096291476903
0.15558943089430893,0.996096291476903
0.1556052444354101,0.996096291476903
0.15562106119129904,0.996096291476903
0.15563688116295618,0.996096291476903
0.1555510370069134,0.9954456733897202
0.15556685307574988,0.9954456733897202
0.15558267236119586,0.9954456733897202
0.1555984948642327,0.9954456733897202
0.15561432058584215,0.9954456733897202
0.1556301495270064,0.9954456733897202
0.15564598168870802,0.9954456733897202
0.15566181707193,0.9954456733897202
0.15567765567765568,0.9954456733897202
0.15569349750686884,0.9954456733897202
0.15570934256055363,0.9954456733897202
0.15572519083969466,0.9954456733897202
0.1557410423452769,0.9954456733897202
0.15575689707828566,0.9954456733897202
0.15577275503970678,0.9954456733897202
0.15578861623052642,0.9954456733897202
0.15580448065173116,0.9954456733897202
0.15582034830430797,0.9954456733897202
0.15583621918924426,0.9954456733897202
0.15585209330752775,0.9954456733897202
0.1558679706601467,0.9954456733897202
0.15588385124808965,0.9954456733897202
0.15589973507234564,0.9954456733897202
0.155915622133904,0.9954456733897202
0.15593151243375458,0.9954456733897202
0.15584547956375497,0.9947950553025374
0.15586136595310907,0.9947950553025374
0.15587725558160873,0.9947950553025374
0.1558931484502447,0.9947950553025374
0.15590904456000815,0.9947950553025374
0.15592494391189068,0.9947950553025374
0.15583885772565018,0.9941444372153546
0.1558547531619747,0.9941444372153546
0.15587065184127308,0.9941444372153546
0.15588655376453786,0.9941444372153546
0.15590245893276197,0.9941444372153546
0.15591836734693879,0.9941444372153546
0.15593427900806206,0.9941444372153546
0.15595019391712595,0.9941444372153546
0.15596611207512504,0.9941444372153546
0.1559820334830543,0.9941444372153546
0.15599795814190914,0.9941444372153546
0.15601388605268532,0.9941444372153546
0.15602981721637904,0.9941444372153546
0.15604575163398693,0.9941444372153546
0.15606168930650596,0.9941444372153546
0.1560776302349336,0.9941444372153546
0.15609357442026764,0.9941444372153546
0.15610952186350632,0.9941444372153546
0.15612547256564832,0.9941444372153546
0.15603923973022685,0.9934938191281718
0.15605518650996422,0.9934938191281718
0.15607113654946853,0.9934938191281718
0.15608708984973935,0.9934938191281718
0.15610304641177672,0.9934938191281718
0.15611900623658112,0.9934938191281718
0.15613496932515336,0.9934938191281718
0.15615093567849472,0.9934938191281718
0.1560646348946615,0.9928432010409889
0.15608059732024138,0.9928432010409889
0.15609656301145663,0.9928432010409889
0.15611253196930946,0.9928432010409889
0.15612850419480254,0.9928432010409889
0.1561444796889389,0.9928432010409889
0.15616045845272206,0.9928432010409889
0.15617644048715587,0.9928432010409889
0.15619242579324463,0.9928432010409889
0.15620841437199304,0.9928432010409889
0.15622440622440623,0.9928432010409889
0.1562404013514897,0.9928432010409889
0.15625639975424943,0.9928432010409889
0.15627240143369175,0.9928432010409889
0.15628840639082342,0.9928432010409889
0.15630441462665165,0.9928432010409889
0.15632042614218397,0.9928432010409889
0.15633644093842844,0.9928432010409889
0.15635245901639344,0.9928432010409889
0.1563684803770878,0.9928432010409889
0.1563845050215208,0.9928432010409889
0.15640053295070205,0.9928432010409889
0.15641656416564165,0.9928432010409889
0.15643259866735007,0.9928432010409889
0.1564486364568382,0.9928432010409889
0.1564646775351174,0.9928432010409889
0.15648072190319934,0.9928432010409889
0.15649676956209618,0.9928432010409889
0.1565128205128205,0.9928432010409889
0.15652887475638527,0.9928432010409889
0.15654493229380387,0.9928432010409889
0.1565609931260901,0.9928432010409889
0.15657705725425816,0.9928432010409889
0.15659312467932274,0.9928432010409889
0.15660919540229884,0.9928432010409889
0.156625269424202,0.9928432010409889
0.15664134674604804,0.9928432010409889
0.1566574273688533,0.9928432010409889
0.1566735112936345,0.9928432010409889
0.15668959852140876,0.9928432010409889
0.15670568905319368,0.9928432010409889
0.15672178289000718,0.9928432010409889
0.1567378800328677,0.9928432010409889
0.15675398048279404,0.9928432010409889
0.15677008424080544,0.9928432010409889
0.1567861913079215,0.9928432010409889
0.15680230168516235,0.9928432010409889
0.15681841537354846,0.9928432010409889
0.15673175745118192,0.9921925829538061
0.1567478672011512,0.9921925829538061
0.15676398026315788,0.9921925829538061
0.1567800966382235,0.9921925829538061
0.15679621632736992,0.9921925829538061
0.15681233933161953,0.9921925829538061
0.15682846565199507,0.9921925829538061
0.1568445952895197,0.9921925829538061
0.15686072824521705,0.9921925829538061
0.1568768645201111,0.9921925829538061
0.15689300411522633,0.9921925829538061
0.15690914703158762,0.9921925829538061
0.1569252932702202,0.9921925829538061
0.15694144283214984,0.9921925829538061
0.15695759571840265,0.9921925829538061
0.15697375193000515,0.9921925829538061
0.15698991146798436,0.9921925829538061
0.1569031195305261,0.9915419648666233
0.1569192751235585,0.9915419648666233
0.15693543404386778,0.9915419648666233
0.15695159629248198,0.9915419648666233
0.1569677618704295,0.9915419648666233
0.15698393077873918,0.9915419648666233
0.1570001030184403,0.9915419648666233
0.15701627859056255,0.9915419648666233
0.157032457496136,0.9915419648666233
0.15704863973619126,0.9915419648666233
0.15706482531175925,0.9915419648666233
0.15708101422387136,0.9915419648666233
0.15709720647355943,0.9915419648666233
0.15711340206185567,0.9915419648666233
0.15712960098979276,0.9915419648666233
0.1571458032584038,0.9915419648666233
0.15716200886872228,0.9915419648666233
0.15717821782178218,0.9915419648666233
0.15719443011861783,0.9915419648666233
0.15721064576026408,0.9915419648666233
0.1572268647477561,0.9915419648666233
0.15724308708212958,0.9915419648666233
0.1572593127644206,0.9915419648666233
0.15727554179566564,0.9915419648666233
0.15729177417690163,0.9915419648666233
0.157308009909166,0.9915419648666233
0.15732424899349645,0.9915419648666233
0.15734049143093123,0.9915419648666233
0.15735673722250904,0.9915419648666233
0.15737298636926889,0.9915419648666233
0.15738923887225034,0.9915419648666233
0.1574054947324933,0.9915419648666233
0.1574217539510381,0.9915419648666233
0.1574380165289256,0.9915419648666233
0.15745428246719703,0.9915419648666233
0.15747055176689398,0.9915419648666233
0.1574868244290586,0.9915419648666233
0.15739975196362133,0.9908913467794405
0.15741602067183463,0.9908913467794405
0.157432292743436,0.9908913467794405
0.15744856817946862,0.9908913467794405
0.15746484698097601,0.9908913467794405
0.15748112914900217,0.9908913467794405
0.15749741468459152,0.9908913467794405
0.1575137035887889,0.9908913467794405
0.15752999586263963,0.9908913467794405
0.1575462915071894,0.9908913467794405
0.15756259052348437,0.9908913467794405
0.15757889291257113,0.9908913467794405
0.15759519867549668,0.9908913467794405
0.1576115078133085,0.9908913467794405
0.15762782032705444,0.9908913467794405
0.15764413621778284,0.9908913467794405
0.15766045548654245,0.9908913467794405
0.15767677813438244,0.9908913467794405
0.15769310416235247,0.9908913467794405
0.15770943357150255,0.9908913467794405
0.15772576636288319,0.9908913467794405
0.1577421025375453,0.9908913467794405
0.1577584420965403,0.9908913467794405
0.15777478504091993,0.9908913467794405
0.15779113137173642,0.9908913467794405
0.15780748109004247,0.9908913467794405
0.1578238341968912,0.9908913467794405
0.1578401906933361,0.9908913467794405
0.1578565505804312,0.9908913467794405
0.15787291385923086,0.9908913467794405
0.15788928053078996,0.9908913467794405
0.15790565059616382,0.9908913467794405
0.15792202405640812,0.9908913467794405
0.15793840091257907,0.9908913467794405
0.15795478116573325,0.9908913467794405
0.15797116481692772,0.9908913467794405
0.1579875518672199,0.9908913467794405
0.15800394231766782,0.9908913467794405
0.15802033616932973,0.9908913467794405
0.1580367334232645,0.9908913467794405
0.15805313408053134,0.9908913467794405
0.15806953814218994,0.9908913467794405
0.1580859456093004,0.9908913467794405
0.15810235648292328,0.9908913467794405
0.1581187707641196,0.9908913467794405
0.15813518845395078,0.9908913467794405
0.1581516095534787,0.9908913467794405
0.1581680340637657,0.9908913467794405
0.15818446198587452,0.9908913467794405
0.1582008933208684,0.9908913467794405
0.15821732806981093,0.9908913467794405
0.15823376623376623,0.9908913467794405
0.15825020781379884,0.9908913467794405
0.1582666528109737,0.9908913467794405
0.15828310122635628,0.9908913467794405
0.15819561376156324,0.9902407286922577
0.15821205821205822,0.9902407286922577
0.15822850608171327,0.9902407286922577
0.1582449573715949,0.9902407286922577
0.1582614120827701,0.9902407286922577
0.15827787021630615,0.9902407286922577
0.15829433177327093,0.9902407286922577
0.15831079675473267,0.9902407286922577
0.15832726516176013,0.9902407286922577
0.1583437369954224,0.9902407286922577
0.1583602122567891,0.9902407286922577
0.15837669094693027,0.9902407286922577
0.15839317306691644,0.9902407286922577
0.15840965861781847,0.9902407286922577
0.1584261476007078,0.9902407286922577
0.15844264001665626,0.9902407286922577
0.15845913586673607,0.9902407286922577
0.15847563515201998,0.9902407286922577
0.15849213787358118,0.9902407286922577
0.15850864403249323,0.9902407286922577
0.15852515362983022,0.9902407286922577
0.15854166666666666,0.9902407286922577
0.15855818314407752,0.9902407286922577
0.15857470306313814,0.9902407286922577
0.15859122642492446,0.9902407286922577
0.1586077532305127,0.9902407286922577
0.15862428348097968,0.9902407286922577
0.15864081717740255,0.9902407286922577
0.15865735432085895,0.9902407286922577
0.15867389491242703,0.9902407286922577
0.15869043895318527,0.9902407286922577
0.15870698644421272,0.9902407286922577
0.1587235373865888,0.9902407286922577
0.15874009178139342,0.9902407286922577
0.1587566496297069,0.9902407286922577
0.15877321093261004,0.9902407286922577
0.15878977569118413,0.9902407286922577
0.15880634390651086,0.9902407286922577
0.15882291557967235,0.9902407286922577
0.15873512836568565,0.9895901106050748
0.1587516960651289,0.9895901106050748
0.15876826722338205,0.9895901106050748
0.15878484184152836,0.9895901106050748
0.1588014199206515,0.9895901106050748
0.15881800146183564,0.9895901106050748
0.1588345864661654,0.9895901106050748
0.15885117493472584,0.9895901106050748
0.15886776686860246,0.9895901106050748
0.15888436226888122,0.9895901106050748
0.15890096113664856,0.9895901106050748
0.15891756347299132,0.9895901106050748
0.15893416927899687,0.9895901106050748
0.15895077855575296,0.9895901106050748
0.15896739130434784,0.9895901106050748
0.1589840075258702,0.9895901106050748
0.15900062722140915,0.9895901106050748
0.15901725039205436,0.9895901106050748
0.15903387703889585,0.9895901106050748
0.15905050716302416,0.9895901106050748
0.15906714076553022,0.9895901106050748
0.1590837778475055,0.9895901106050748
0.15910041841004183,0.9895901106050748
0.1591170624542316,0.9895901106050748
0.1591337099811676,0.9895901106050748
0.15915036099194307,0.9895901106050748
0.15916701548765175,0.9895901106050748
0.15918367346938775,0.9895901106050748
0.15920033493824576,0.9895901106050748
0.15921699989532084,0.9895901106050748
0.15912897822445563,0.988939492517892
0.15914563920008376,0.988939492517892
0.15916230366492146,0.988939492517892
0.15907424861242014,0.9882888744307091
0.1590909090909091,0.9882888744307091
0.15910757305959988,0.9882888744307091
0.15912424051958934,0.9882888744307091
0.15914091147197484,0.9882888744307091
0.15915758591785414,0.9882888744307091
0.15917426385832548,0.9882888744307091
0.15919094529448752,0.9882888744307091
0.15920763022743947,0.9882888744307091
0.15922431865828093,0.9882888744307091
0.15913617779641473,0.9876382563435263
0.15915286223526945,0.9876382563435263
0.15916955017301038,0.9876382563435263
0.15918624161073824,0.9876382563435263
0.15920293654955428,0.9876382563435263
0.15911474722047408,0.9869876382563435
0.1591314381621735,0.9869876382563435
0.15914813260595886,0.9869876382563435
0.15916483055293254,0.9869876382563435
0.15918153200419727,0.9869876382563435
0.15919823696085633,0.9869876382563435
0.15921494542401343,0.9869876382563435
0.15912669255799308,0.9863370201691607
0.1591433970186857,0.9863370201691607
0.15916010498687663,0.9863370201691607
0.15917681646367074,0.9863370201691607
0.15919353145017326,0.9863370201691607
0.15921024994749003,0.9863370201691607
0.15922697195672725,0.9863370201691607
0.15924369747899159,0.9863370201691607
0.15926042651539027,0.9863370201691607
0.15927715906703088,0.9863370201691607
0.15929389513502154,0.9863370201691607
0.15931063472047077,0.9863370201691607
0.15932737782448766,0.9863370201691607
0.15934412444818163,0.9863370201691607
0.15936087459266268,0.9863370201691607
0.1593776282590412,0.9863370201691607
0.15939438544842813,0.9863370201691607
0.15930599369085174,0.9856864020819779
0.159322746871385,0.9856864020819779
0.15933950357593604,0.9856864020819779
0.1593562638056169,0.9856864020819779
0.15926783084367768,0.9850357839947951
0.1592845870594424,0.9850357839947951
0.1593013468013468,0.9850357839947951
0.15931811007050406,0.9850357839947951
0.15933487686802777,0.9850357839947951
0.15935164719503211,0.9850357839947951
0.15936842105263158,0.9850357839947951
0.15938519844194127,0.9850357839947951
0.15940197936407666,0.9850357839947951
0.15941876382015374,0.9850357839947951
0.15943555181128896,0.9850357839947951
0.15945234333859926,0.9850357839947951
0.159469138403202,0.9850357839947951
0.1594859370062151,0.9850357839947951
0.15939738727349348,0.9843851659076123
0.15941418185649564,0.9843851659076123
0.1594309799789252,0.9843851659076123
0.15944778164190115,0.9843851659076123
0.159464586846543,0.9843851659076123
0.1594813955939707,0.9843851659076123
0.15949820788530467,0.9843851659076123
0.1595150237216658,0.9843851659076123
0.15942640236187264,0.9837345478204295
0.15944321417273014,0.9837345478204295
0.1594600295296351,0.9837345478204295
0.15947684843370952,0.9837345478204295
0.15949367088607594,0.9837345478204295
0.15951049688785737,0.9837345478204295
0.15952732644017725,0.9837345478204295
0.15954415954415954,0.9837345478204295
0.15956099620092867,0.9837345478204295
0.1595778364116095,0.9837345478204295
0.15959468017732742,0.9837345478204295
0.1596115274992083,0.9837345478204295
0.15962837837837837,0.9837345478204295
0.15964523281596452,0.9837345478204295
0.159662090813094,0.9837345478204295
0.1596789523708945,0.9837345478204295
0.1596958174904943,0.9837345478204295
0.1597126861730221,0.9837345478204295
0.159729558419607,0.9837345478204295
0.15974643423137877,0.9837345478204295
0.15976331360946747,0.9837345478204295
0.1596745218218324,0.9830839297332465
0.15969139716761785,0.9830839297332465
0.15970827608075255,0.9830839297332465
0.15972515856236785,0.9830839297332465
0.1597420446135955,0.9830839297332465
0.15975893423556778,0.9830839297332465
0.15977582742941737,0.9830839297332465
0.1596869712351946,0.9824333116460637
0.15970386039132733,0.9824333116460637
0.15972075312037232,0.9824333116460637
0.15973764942346344,0.9824333116460637
0.15975454930173508,0.9824333116460637
0.15977145275632207,0.9824333116460637
0.15978835978835979,0.9824333116460637
0.159805270398984,0.9824333116460637
0.15982218458933106,0.9824333116460637
0.15983910236053775,0.9824333116460637
0.15985602371374127,0.9824333116460637
0.1598729486500794,0.9824333116460637
0.15978398983481576,0.9817826935588809
0.15980091072752303,0.9817826935588809
0.15981783520440584,0.9817826935588809
0.15983476326660312,0.9817826935588809
0.15985169491525425,0.9817826935588809
0.1598686301514991,0.9817826935588809
0.15988556897647807,0.9817826935588809
0.159902511391332,0.9817826935588809
0.1599194573972022,0.9817826935588809
0.1599364069952305,0.9817826935588809
0.15995336018655926,0.9817826935588809
0.1599703169723312,0.9817826935588809
0.15988125530110264,0.9811320754716981
0.1598982080373237,0.9811320754716981
0.159915164369035,0.9811320754716981
0.15993212429738043,0.9811320754716981
0.15994908782350445,0.9811320754716981
0.15996605494855204,0.9811320754716981
0.15998302567366857,0.9811320754716981
0.16,0.9811320754716981
0.1600169779286927,0.9811320754716981
0.16003395946089355,0.9811320754716981
0.16005094459774993,0.9811320754716981
0.16006793334040972,0.9811320754716981
0.15997876857749468,0.9804814573845153
0.15988958488162225,0.9798308392973325
0.15990656190273944,0.9798308392973325
0.15992354252946797,0.9798308392973325
0.15994052676295667,0.9798308392973325
0.15995751460435476,0.9798308392973325
0.15997450605481198,0.9798308392973325
0.1599915011154786,0.9798308392973325
0.1600084997875053,0.9798308392973325
0.16002550207204336,0.9798308392973325
0.1600425079702444,0.9798308392973325
0.16005951748326072,0.9798308392973325
0.1600765306122449,0.9798308392973325
0.16009354735835016,0.9798308392973325
0.16011056772273016,0.9798308392973325
0.16012759170653906,0.9798308392973325
0.16014461931093152,0.9798308392973325
0.16016165053706263,0.9798308392973325
0.16017868538608807,0.9798308392973325
0.16019572385916392,0.9798308392973325
0.1602127659574468,0.9798308392973325
0.16022981168209385,0.9798308392973325
0.1602468610342626,0.9798308392973325
0.1602639140151112,0.9798308392973325
0.1602809706257982,0.9798308392973325
0.16019159127195318,0.9791802212101497
0.1602086438152012,0.9791802212101497
0.16022569998935376,0.9791802212101497
0.16013628620102216,0.9785296031229668
0.16015333830263018,0.9785296031229668
0.16006389776357827,0.977878985035784
0.1600809457876238,0.977878985035784
0.16009799744354494,0.977878985035784
0.1601150527325024,0.977878985035784
0.16013211165565736,0.977878985035784
0.16014917421417155,0.977878985035784
0.16016624040920716,0.977878985035784
0.1601833102419269,0.977878985035784
0.16020038371349393,0.977878985035784
0.16021746082507196,0.977878985035784
0.16023454157782516,0.977878985035784
0.16025162597291823,0.977878985035784
0.16026871401151632,0.977878985035784
0.16028580569478512,0.977878985035784
0.16030290102389078,0.977878985035784
0.16032,0.977878985035784
0.16033710262427991,0.977878985035784
0.16035420889789823,0.977878985035784
0.16037131882202305,0.977878985035784
0.16038843239782308,0.977878985035784
0.16040554962646744,0.977878985035784
0.16042267050912584,0.977878985035784
0.1604397950469684,0.977878985035784
0.1603501654745383,0.9772283669486012
0.16036728592782404,0.9772283669486012
0.1603844100373732,0.9772283669486012
0.16040153780435712,0.9772283669486012
0.16041866922994766,0.9772283669486012
0.16043580431531723,0.9772283669486012
0.1604529430616387,0.9772283669486012
0.16047008547008548,0.9772283669486012
0.1604872315418314,0.9772283669486012
0.16050438127805086,0.9772283669486012
0.16052153467991878,0.9772283669486012
0.16053869174861052,0.9772283669486012
0.16055585248530196,0.9772283669486012
0.16057301689116954,0.9772283669486012
0.16059018496739014,0.9772283669486012
0.16060735671514115,0.9772283669486012
0.16062453213560046,0.9772283669486012
0.16064171122994653,0.9772283669486012
0.16065889399935823,0.9772283669486012
0.16067608044501497,0.9772283669486012
0.1606932705680967,0.9772283669486012
0.16071046436978387,0.9772283669486012
0.16072766185125736,0.9772283669486012
0.16074486301369864,0.9772283669486012
0.16065503585572086,0.9765777488614183
0.16067223292656818,0.9765777488614183
0.16068943367947758,0.9765777488614183
0.16070663811563168,0.9765777488614183
0.16072384623621372,0.9765777488614183
0.16074105804240738,0.9765777488614183
0.16075827353539682,0.9765777488614183
0.16077549271636676,0.9765777488614183
0.1607927155865024,0.9765777488614183
0.1608099421469895,0.9765777488614183
0.16082717239901426,0.9765777488614183
0.1608444063437634,0.9765777488614183
0.16086164398242417,0.9765777488614183
0.16087888531618436,0.9765777488614183
0.16089613034623218,0.9765777488614183
0.16091337907375644,0.9765777488614183
0.16093063149994638,0.9765777488614183
0.16094788762599185,0.9765777488614183
0.16085790884718498,0.9759271307742355
0.16087516087516088,0.9759271307742355
0.1608924166040974,0.9759271307742355
0.16090967603518558,0.9759271307742355
0.160926939169617,0.9759271307742355
0.1609442060085837,0.9759271307742355
0.16096147655327825,0.9759271307742355
0.16097875080489377,0.9759271307742355
0.1609960287646238,0.9759271307742355
0.16101331043366252,0.9759271307742355
0.1610305958132045,0.9759271307742355
0.1610478849044449,0.9759271307742355
0.1610651777085794,0.9759271307742355
0.16108247422680413,0.9759271307742355
0.16109977446031576,0.9759271307742355
0.1611170784103115,0.9759271307742355
0.16113438607798905,0.9759271307742355
0.16115169746454663,0.9759271307742355
0.161169012571183,0.9759271307742355
0.16118633139909735,0.9759271307742355
0.16120365394948952,0.9759271307742355
0.16122098022355977,0.9759271307742355
0.16123831022250887,0.9759271307742355
0.16125564394753816,0.9759271307742355
0.16127298139984947,0.9759271307742355
0.16129032258064516,0.9759271307742355
0.16130766749112807,0.9759271307742355
0.1613250161325016,0.9759271307742355
0.16134236850596967,0.9759271307742355
0.16135972461273665,0.9759271307742355
0.16137708445400753,0.9759271307742355
0.16139444803098774,0.9759271307742355
0.16141181534488325,0.9759271307742355
0.16142918639690057,0.9759271307742355
0.16144656118824668,0.9759271307742355
0.16146393972012918,0.9759271307742355
0.16148132199375606,0.9759271307742355
0.16149870801033592,0.9759271307742355
0.16151609777107784,0.9759271307742355
0.16153349127719147,0.9759271307742355
0.16155088852988692,0.9759271307742355
0.16156828953037483,0.9759271307742355
0.1615856942798664,0.9759271307742355
0.16160310277957338,0.9759271307742355
0.1616205150307079,0.9759271307742355
0.16163793103448276,0.9759271307742355
0.1615475805582498,0.9752765126870527
0.16156499245527053,0.9752765126870527
0.16158240810606878,0.9752765126870527
0.1614920224234584,0.9746258945998699
0.16150943396226414,0.9746258945998699
0.16152684925598448,0.9746258945998699
0.16154426830583415,0.9746258945998699
0.16156169111302848,0.9746258945998699
0.1615791176787833,0.9746258945998699
0.161596548004315,0.9746258945998699
0.16161398209084044,0.9746258945998699
0.16163141993957703,0.9746258945998699
0.16164886155174274,0.9746258945998699
0.16166630692855602,0.9746258945998699
0.16168375607123583,0.9746258945998699
0.16170120898100174,0.9746258945998699
0.16171866565907372,0.9746258945998699
0.16173612610667243,0.9746258945998699
0.1617535903250189,0.9746258945998699
0.16177105831533478,0.9746258945998699
0.1617885300788422,0.9746258945998699
0.1618060056167639,0.9746258945998699
0.161823484930323,0.9746258945998699
0.1618409680207433,0.9746258945998699
0.16185845488924905,0.9746258945998699
0.16187594553706505,0.9746258945998699
0.1618934399654166,0.9746258945998699
0.16191093817552962,0.9746258945998699
0.16192844016863042,0.9746258945998699
0.16194594594594594,0.9746258945998699
0.16196345550870364,0.9746258945998699
0.16187283737024222,0.973975276512687
0.1618903428138856,0.973975276512687
0.1617996971663422,0.9733246584255042
0.16181719848566792,0.9733246584255042
0.16183470359151883,0.9733246584255042
0.16185221248512388,0.9733246584255042
0.1618697251677126,0.9733246584255042
0.1618872416405151,0.9733246584255042
0.1619047619047619,0.9733246584255042
0.16192228596168418,0.9733246584255042
0.16193981381251354,0.9733246584255042
0.16184908520082278,0.9726740403383214
0.1618666089216111,0.9726740403383214
0.1617758527341635,0.9720234222511386
0.1617933723196881,0.9720234222511386
0.1618108957002058,0.9720234222511386
0.16182842287694973,0.9720234222511386
0.16184595385115372,0.9720234222511386
0.161863488624052,0.9720234222511386
0.1618810271968794,0.9720234222511386
0.16189856957087126,0.9720234222511386
0.16191611574726347,0.9720234222511386
0.16193366572729243,0.9720234222511386
0.16195121951219513,0.9720234222511386
0.16196877710320903,0.9720234222511386
0.16198633850157215,0.9720234222511386
0.1618954673606593,0.9713728041639558
0.16191302461772042,0.9713728041639558
0.16193058568329718,0.9713728041639558
0.1619481505586289,0.9713728041639558
0.16185723584291603,0.970722186076773
0.16187479657155257,0.970722186076773
0.1618923611111111,0.970722186076773
0.16190992946283234,0.970722186076773
0.16181897113088778,0.9700715679895902
0.16183653533051123,0.9700715679895902
0.16185410334346503,0.9700715679895902
0.1618716751709912,0.9700715679895902
0.16188925081433225,0.9700715679895902
0.16190683027473124,0.9700715679895902
0.1619244135534318,0.9700715679895902
0.16194200065167808,0.9700715679895902
0.16195959157071474,0.9700715679895902
0.16197718631178706,0.9700715679895902
0.1619947848761408,0.9700715679895902
0.16201238726502226,0.9700715679895902
0.16202999347967834,0.9700715679895902
0.1620476035213564,0.9700715679895902
0.16206521739130436,0.9700715679895902
0.16208283509077073,0.9700715679895902
0.16210045662100456,0.9700715679895902
0.16211808198325542,0.9700715679895902
0.16213571117877337,0.9700715679895902
0.16204458945078848,0.9694209499024072
0.16206221448770938,0.9694209499024072
0.16207984335907755,0.9694209499024072
0.16209747606614447,0.9694209499024072
0.16200631052116202,0.9687703318152244
0.1620239390642002,0.9687703318152244
0.16204157144411796,0.9687703318152244
0.16205920766216805,0.9687703318152244
0.1620768477196038,0.9687703318152244
0.16209449161767908,0.9687703318152244
0.16211213935764834,0.9687703318152244
0.16212979094076654,0.9687703318152244
0.16214744636828923,0.9687703318152244
0.16216510564147243,0.9687703318152244
0.1621827687615728,0.9687703318152244
0.1622004357298475,0.9687703318152244
0.1622181065475542,0.9687703318152244
0.1622357812159512,0.9687703318152244
0.16225345973629726,0.9687703318152244
0.16227114210985177,0.9687703318152244
0.16228882833787467,0.9687703318152244
0.16230651842162633,0.9687703318152244
0.16232421236236783,0.9687703318152244
0.16234191016136065,0.9687703318152244
0.16235961181986697,0.9687703318152244
0.1623773173391494,0.9687703318152244
0.16239502672047115,0.9687703318152244
0.16241273996509598,0.9687703318152244
0.16243045707428821,0.9687703318152244
0.16244817804931266,0.9687703318152244
0.1624659028914348,0.9687703318152244
0.16248363160192056,0.9687703318152244
0.16250136418203645,0.9687703318152244
0.16251910063304956,0.9687703318152244
0.16253684095622747,0.9687703318152244
0.16255458515283844,0.9687703318152244
0.16246315099901737,0.9681197137280416
0.1624808910242411,0.9681197137280416
0.16249863492410177,0.9681197137280416
0.16251638269986893,0.9681197137280416
0.16253413435281266,0.9681197137280416
0.16255188988420363,0.9681197137280416
0.162569649295313,0.9681197137280416
0.16258741258741258,0.9681197137280416
0.16260517976177466,0.9681197137280416
0.16262295081967212,0.9681197137280416
0.1626407257623784,0.9681197137280416
0.16265850459116746,0.9681197137280416
0.16267628730731387,0.9681197137280416
0.16258473649682922,0.9674690956408588
0.16260251503553855,0.9674690956408588
0.16262029746281714,0.9674690956408588
0.16263808377994093,0.9674690956408588
0.1626558739881864,0.9674690956408588
0.16267366808883055,0.9674690956408588
0.162691466083151,0.9674690956408588
0.16270926797242588,0.9674690956408588
0.1627270737579339,0.9674690956408588
0.16274488344095436,0.9674690956408588
0.16276269702276708,0.9674690956408588
0.16278051450465245,0.9674690956408588
0.1627983358878914,0.9674690956408588
0.16281616117376546,0.9674690956408588
0.16283399036355672,0.9674690956408588
0.16285182345854782,0.9674690956408588
0.1628696604600219,0.9674690956408588
0.16288750136926278,0.9674690956408588
0.16290534618755478,0.9674690956408588
0.16292319491618276,0.9674690956408588
0.16283147052377822,0.966818477553676
0.16284931506849315,0.966818477553676
0.16286716352476985,0.966818477553676
0.16288501589389456,0.966818477553676
0.16290287217715413,0.966818477553676
0.16292073237583599,0.966818477553676
0.16293859649122808,0.966818477553676
0.16295646452461893,0.966818477553676
0.16297433647729764,0.966818477553676
0.16299221235055392,0.966818477553676
0.16301009214567794,0.966818477553676
0.1630279758639605,0.966818477553676
0.163045863506693,0.966818477553676
0.16306375507516735,0.966818477553676
0.16308165057067603,0.966818477553676
0.16309954999451212,0.966818477553676
0.16311745334796926,0.966818477553676
0.16313536063234163,0.966818477553676
0.16315327184892403,0.966818477553676
0.16317118699901176,0.966818477553676
0.16318910608390072,0.966818477553676
0.16320702910488744,0.966818477553676
0.1632249560632689,0.966818477553676
0.16324288696034275,0.966818477553676
0.16326082179740717,0.966818477553676
0.1632787605757609,0.966818477553676
0.1632967032967033,0.966818477553676
0.1632047477744807,0.9661678594664932
0.16322268630468234,0.9661678594664932
0.16324062877871826,0.9661678594664932
0.1632585751978892,0.9661678594664932
0.16327652556349642,0.9661678594664932
0.16329447987684187,0.9661678594664932
0.16331243813922797,0.9661678594664932
0.16333040035195776,0.9661678594664932
0.16334836651633483,0.9661678594664932
0.16325632563256326,0.9655172413793104
0.16327428760039608,0.9655172413793104
0.16329225352112675,0.9655172413793104
0.1633102233960603,0.9655172413793104
0.1633281972265023,0.9655172413793104
0.16334617501375895,0.9655172413793104
0.16336415675913693,0.9655172413793104
0.16338214246394364,0.9655172413793104
0.16329002422373926,0.9648666232921275
0.163197885695408,0.9642160052049447
0.163215859030837,0.9642160052049447
0.16323383632558652,0.9642160052049447
0.16314166115884557,0.9635653871177619
0.1631596342403878,0.9635653871177619
0.1631776112825033,0.9635653871177619
0.16319559228650138,0.9635653871177619
0.16321357725369187,0.9635653871177619
0.1632315661853852,0.9635653871177619
0.1632495590828924,0.9635653871177619
0.16326755594752507,0.9635653871177619
0.16328555678059536,0.9635653871177619
0.16330356158341602,0.9635653871177619
0.1633215703573004,0.9635653871177619
0.16333958310356236,0.9635653871177619
0.16324729759541143,0.962914769030579
0.16315499172642028,0.9622641509433962
0.16306266548984996,0.9616135328562134
0.16308065761888998,0.9616135328562134
0.16309865371882587,0.9616135328562134
0.1631166537909723,0.9616135328562134
0.1631346578366446,0.9616135328562134
0.16315266585715862,0.9616135328562134
0.16317067785383088,0.9616135328562134
0.16318869382797835,0.9616135328562134
0.16309628975265017,0.9609629147690306
0.163114301490889,0.9609629147690306
0.16302186878727634,0.9603122966818478
0.1630398762841047,0.9603122966818478
0.16305788775961114,0.9603122966818478
0.16307590321511437,0.9603122966818478
0.16298342541436464,0.9596616785946649
0.16300143662283126,0.9596616785946649
0.16301945181255525,0.9596616785946649
0.16303747098485685,0.9596616785946649
0.16305549414105683,0.9596616785946649
0.1630735212824765,0.9596616785946649
0.16298098186643079,0.9590110605074821
0.16299900475505916,0.9590110605074821
0.1630170316301703,0.9590110605074821
0.16303506249308705,0.9590110605074821
0.16305309734513274,0.9590110605074821
0.1630711361876314,0.9590110605074821
0.1630891790219075,0.9590110605074821
0.16310722584928627,0.9590110605074821
0.16312527667109342,0.9590110605074821
0.16314333148865523,0.9590110605074821
0.16316139030329865,0.9590110605074821
0.16317945311635115,0.9590110605074821
0.16319751992914083,0.9590110605074821
0.16321559074299635,0.9590110605074821
0.16323366555924695,0.9590110605074821
0.16325174437922252,0.9590110605074821
0.16326982720425343,0.9590110605074821
0.16328791403567078,0.9590110605074821
0.16330600487480612,0.9590110605074821
0.1633240997229917,0.9590110605074821
0.1633421985815603,0.9590110605074821
0.1633603014518453,0.9590110605074821
0.16337840833518066,0.9590110605074821
0.16339651923290102,0.9590110605074821
0.16341463414634147,0.9590110605074821
0.1634327530768378,0.9590110605074821
0.16345087602572633,0.9590110605074821
0.16346900299434403,0.9590110605074821
0.1634871339840284,0.9590110605074821
0.1635052689961176,0.9590110605074821
0.1635234080319503,0.9590110605074821
0.16354155109286586,0.9590110605074821
0.16355969818020416,0.9590110605074821
0.1634668738208856,0.9583604424202993
0.1634850166481687,0.9583604424202993
0.1635031635031635,0.9583604424202993
0.16352131438721138,0.9583604424202993
0.16353946930165428,0.9583604424202993
0.1634465911614479,0.9577098243331165
0.1634647418101055,0.9577098243331165
0.1634828964904487,0.9577098243331165
0.16350105520382094,0.9577098243331165
0.16351921795156632,0.9577098243331165
0.16353738473502943,0.9577098243331165
0.16344444444444445,0.9570592062459337
0.16346260695632847,0.9570592062459337
0.1634807735052234,0.9570592062459337
0.16349894409247526,0.9570592062459337
0.16351711871943087,0.9570592062459337
0.16353529738743747,0.9570592062459337
0.163553480097843,0.9570592062459337
0.163571666851996,0.9570592062459337
0.16358985765124556,0.9570592062459337
0.16360805249694138,0.9570592062459337
0.16362625139043382,0.9570592062459337
0.16364445433307376,0.9570592062459337
0.16366266132621274,0.9570592062459337
0.16368087237120285,0.9570592062459337
0.16369908746939685,0.9570592062459337
0.16371730662214803,0.9570592062459337
0.16373552983081033,0.9570592062459337
0.16375375709673828,0.9570592062459337
0.163771988421287,0.9570592062459337
0.16379022380581226,0.9570592062459337
0.16380846325167037,0.9570592062459337
0.1638267067602183,0.9570592062459337
0.16384495433281354,0.9570592062459337
0.1638632059708143,0.9570592062459337
0.16388146167557932,0.9570592062459337
0.16389972144846796,0.9570592062459337
0.16380655226209048,0.9564085881587508
0.16382480775660313,0.9564085881587508
0.16384306732055284,0.9564085881587508
0.16386133095530042,0.9564085881587508
0.16376811594202897,0.955757970071568
0.16378637529267476,0.955757970071568
0.16380463871543266,0.955757970071568
0.16371138619382178,0.9551073519843851
0.1637296453267901,0.9551073519843851
0.1637479085331846,0.9551073519843851
0.1637661758143686,0.9551073519843851
0.1637844471717059,0.9551073519843851
0.16380272260656104,0.9551073519843851
0.16382100212029907,0.9551073519843851
0.16383928571428572,0.9551073519843851
0.16385757338988727,0.9551073519843851
0.16387586514847063,0.9551073519843851
0.16389416099140336,0.9551073519843851
0.1639124609200536,0.9551073519843851
0.16393076493579006,0.9551073519843851
0.16394907303998213,0.9551073519843851
0.16396738523399979,0.9551073519843851
0.16398570151921357,0.9551073519843851
0.16400402189699476,0.9551073519843851
0.16402234636871507,0.9551073519843851
0.164040674935747,0.9551073519843851
0.16394725078229772,0.9544567338972023
0.16396557505309042,0.9544567338972023
0.16398390342052313,0.9544567338972023
0.16400223588596982,0.9544567338972023
0.164020572450805,0.9544567338972023
0.1640389131164039,0.9544567338972023
0.16405725788414224,0.9544567338972023
0.16407560675539648,0.9544567338972023
0.16409395973154361,0.9544567338972023
0.1641123168139613,0.9544567338972023
0.16413067800402775,0.9544567338972023
0.16414904330312186,0.9544567338972023
0.16416741271262308,0.9544567338972023
0.16418578623391158,0.9544567338972023
0.16420416386836803,0.9544567338972023
0.1642225456173738,0.9544567338972023
0.16424093148231078,0.9544567338972023
0.16425932146456165,0.9544567338972023
0.16427771556550952,0.9544567338972023
0.16429611378653824,0.9544567338972023
0.16431451612903225,0.9544567338972023
0.16433292259437662,0.9544567338972023
0.16435133318395698,0.9544567338972023
0.16436974789915967,0.9544567338972023
0.16438816674137158,0.9544567338972023
0.16429451978034293,0.9538061158100195
0.16431293431965927,0.9538061158100195
0.16433135298733326,0.9538061158100195
0.16434977578475338,0.9538061158100195
0.16436820271330865,0.9538061158100195
0.16438663377438886,0.9538061158100195
0.1644050689693843,0.9538061158100195
0.16442350829968597,0.9538061158100195
0.16444195176668536,0.9538061158100195
0.16446039937177473,0.9538061158100195
0.1644788511163469,0.9538061158100195
0.16449730700179532,0.9538061158100195
0.1645157670295141,0.9538061158100195
0.16453423120089786,0.9538061158100195
0.16444045347401504,0.9531554977228367
0.1644589133363269,0.9531554977228367
0.1644773773436623,0.9531554977228367
0.16449584549741747,0.9531554977228367
0.16451431779898934,0.9531554977228367
0.16453279424977538,0.9531554977228367
0.16455127485117377,0.9531554977228367
0.16456975960458323,0.9531554977228367
0.16458824851140322,0.9531554977228367
0.1646067415730337,0.9531554977228367
0.16462523879087537,0.9531554977228367
0.16464374016632952,0.9531554977228367
0.16466224570079802,0.9531554977228367
0.16468075539568344,0.9531554977228367
0.16469926925238898,0.9531554977228367
0.16471778727231842,0.9531554977228367
0.1647363094568762,0.9531554977228367
0.1647548358074674,0.9531554977228367
0.1647733663254977,0.9531554977228367
0.16479190101237345,0.9531554977228367
0.16481043986950164,0.9531554977228367
0.16471647164716471,0.9525048796356539
0.16462248227748397,0.9518542615484711
0.1646410083277065,0.9518542615484711
0.1646595385481148,0.9518542615484711
0.16467807294011708,0.9518542615484711
0.16469661150512213,0.9518542615484711
0.16471515424453953,0.9518542615484711
0.1647337011597793,0.9518542615484711
0.16475225225225226,0.9518542615484711
0.16477080752336976,0.9518542615484711
0.16478936697454383,0.9518542615484711
0.16480793060718713,0.9518542615484711
0.16482649842271294,0.9518542615484711
0.1648450704225352,0.9518542615484711
0.16486364660806851,0.9518542615484711
0.16488222698072805,0.9518542615484711
0.16490081154192968,0.9518542615484711
0.16491940029308985,0.9518542615484711
0.16493799323562572,0.9518542615484711
0.164956590370955,0.9518542615484711
0.16497519170049615,0.9518542615484711
0.1648810195105447,0.9512036434612883
0.16489961651251975,0.9512036434612883
0.16491821771009588,0.9512036434612883
0.16493682310469315,0.9512036434612883
0.16495543269773214,0.9512036434612883
0.16486120514556535,0.9505530253741054
0.16487981040514615,0.9505530253741054
0.16489841986455983,0.9505530253741054
0.16491703352522857,0.9505530253741054
0.1649356513885753,0.9505530253741054
0.16495427345602348,0.9505530253741054
0.16497289972899729,0.9505530253741054
0.16499153020892152,0.9505530253741054
0.1650101648972216,0.9505530253741054
0.16502880379532361,0.9505530253741054
0.1650474469046543,0.9505530253741054
0.16506609422664106,0.9505530253741054
0.16508474576271187,0.9505530253741054
0.1651034015142954,0.9505530253741054
0.16512206148282096,0.9505530253741054
0.16514072566971855,0.9505530253741054
0.16515939407641872,0.9505530253741054
0.16517806670435276,0.9505530253741054
0.1651967435549525,0.9505530253741054
0.16521542462965058,0.9505530253741054
0.1652341099298801,0.9505530253741054
0.165252799457075,0.9505530253741054
0.16527149321266968,0.9505530253741054
0.16529019119809935,0.9505530253741054
0.16530889341479973,0.9505530253741054
0.1653275998642073,0.9505530253741054
0.16534631054775917,0.9505530253741054
0.16536502546689305,0.9505530253741054
0.1653837446230473,0.9505530253741054
0.16540246801766104,0.9505530253741054
0.16542119565217392,0.9505530253741054
0.16543992752802628,0.9505530253741054
0.16545866364665912,0.9505530253741054
0.1654774040095141,0.9505530253741054
0.16549614861803352,0.9505530253741054
0.16551489747366036,0.9505530253741054
0.1655336505778382,0.9505530253741054
0.16555240793201134,0.9505530253741054
0.16557116953762466,0.9505530253741054
0.16558993539612377,0.9505530253741054
0.16560870550895487,0.9505530253741054
0.1656274798775649,0.9505530253741054
0.16564625850340137,0.9505530253741054
0.16566504138791247,0.9505530253741054
0.16568382853254707,0.9505530253741054
0.16570261993875468,0.9505530253741054
0.16572141560798548,0.9505530253741054
0.1657402155416903,0.9505530253741054
0.16575901974132062,0.9505530253741054
0.1657778282083286,0.9505530253741054
0.16579664094416705,0.9505530253741054
0.1658154579502894,0.9505530253741054
0.16583427922814983,0.9505530253741054
0.1658531047792031,0.9505530253741054
0.16587193460490463,0.9505530253741054
0.16589076870671057,0.9505530253741054
0.1659096070860777,0.9505530253741054
0.16592844974446339,0.9505530253741054
0.16594729668332575,0.9505530253741054
0.1659661479041236,0.9505530253741054
0.1659850034083163,0.9505530253741054
0.16600386319736393,0.9505530253741054
0.16602272727272727,0.9505530253741054
0.1660415956358677,0.9505530253741054
0.16606046828824733,0.9505530253741054
0.16607934523132886,0.9505530253741054
0.1660982264665757,0.9505530253741054
0.16611711199545195,0.9505530253741054
0.16613600181942234,0.9505530253741054
0.16615489593995222,0.9505530253741054
0.16617379435850774,0.9505530253741054
0.16619269707655557,0.9505530253741054
0.16621160409556315,0.9505530253741054
0.16623051541699851,0.9505530253741054
0.16624943104233045,0.9505530253741054
0.16626835097302833,0.9505530253741054
0.16628727521056225,0.9505530253741054
0.16630620375640295,0.9505530253741054
0.16632513661202186,0.9505530253741054
0.16634407377889104,0.9505530253741054
0.16636301525848327,0.9505530253741054
0.16638196105227196,0.9505530253741054
0.1664009111617312,0.9505530253741054
0.1664198655883358,0.9505530253741054
0.16643882433356116,0.9505530253741054
0.16645778739888345,0.9505530253741054
0.1664767547857794,0.9505530253741054
0.1664957264957265,0.9505530253741054
0.16651470253020287,0.9505530253741054
0.16641969679699076,0.9499024072869225
0.1664386684906521,0.9499024072869225
0.16645764451031808,0.9499024072869225
0.16647662485746864,0.9499024072869225
0.16649560953358422,0.9499024072869225
0.166514598540146,0.9499024072869225
0.16641952777460933,0.9492517891997397
0.16643851243440566,0.9492517891997397
0.16645750142612664,0.9492517891997397
0.16647649475125514,0.9492517891997397
0.16649549241127468,0.9492517891997397
0.1665144944076695,0.9492517891997397
0.16641935852071682,0.9486011711125569
0.16643835616438357,0.9486011711125569
0.16645735814590706,0.9486011711125569
0.16647636446677325,0.9486011711125569
0.16649537512846865,0.9486011711125569
0.1665143901324806,0.9486011711125569
0.16653340948029696,0.9486011711125569
0.16655243317340646,0.9486011711125569
0.1665714612132983,0.9486011711125569
0.16659049360146252,0.9486011711125569
0.16660953033938977,0.9486011711125569
0.16662857142857143,0.9486011711125569
0.16664761687049948,0.9486011711125569
0.16666666666666666,0.9486011711125569
0.16668572081856636,0.9486011711125569
0.16670477932769265,0.9486011711125569
0.16672384219554032,0.9486011711125569
0.16662854528819762,0.9479505530253741
0.16664760379732357,0.9479505530253741
0.16666666666666666,0.9479505530253741
0.16668573389772337,0.9479505530253741
0.16670480549199085,0.9479505530253741
0.16672388145096692,0.9479505530253741
0.16674296177615014,0.9479505530253741
0.16676204646903972,0.9479505530253741
0.16678113553113552,0.9479505530253741
0.16680022896393817,0.9479505530253741
0.16681932676894892,0.9479505530253741
0.16683842894766976,0.9479505530253741
0.1668575355016033,0.9479505530253741
0.1668766464322529,0.9479505530253741
0.16689576174112256,0.9479505530253741
0.16691488142971703,0.9479505530253741
0.1669340054995417,0.9479505530253741
0.16695313395210268,0.9479505530253741
0.16697226678890673,0.9479505530253741
0.16687679083094556,0.9472999349381913
0.166895919303072,0.9472999349381913
0.16691505216095381,0.9472999349381913
0.16693418940609953,0.9472999349381913
0.16695333104001836,0.9472999349381913
0.1669724770642202,0.9472999349381913
0.16699162748021562,0.9472999349381913
0.16701078228951594,0.9472999349381913
0.16702994149363312,0.9472999349381913
0.16704910509407986,0.9472999349381913
0.1670682730923695,0.9472999349381913
0.16708744549001606,0.9472999349381913
0.16710662228853437,0.9472999349381913
0.16712580348943984,0.9472999349381913
0.16714498909424866,0.9472999349381913
0.16716417910447762,0.9472999349381913
0.16718337352164428,0.9472999349381913
0.16720257234726688,0.9472999349381913
0.16722177558286436,0.9472999349381913
0.16724098322995634,0.9472999349381913
0.16726019529006317,0.9472999349381913
0.16727941176470587,0.9472999349381913
0.16729863265540618,0.9472999349381913
0.1673178579636865,0.9472999349381913
0.16733708769107,0.9472999349381913
0.16735632183908045,0.9472999349381913
0.16737556040924245,0.9472999349381913
0.16739480340308116,0.9472999349381913
0.16729906864436012,0.9466493168510085
0.1673183072677093,0.9466493168510085
0.16733755031627373,0.9466493168510085
0.16735679779158041,0.9466493168510085
0.16737604969515701,0.9466493168510085
0.16739530602853198,0.9466493168510085
0.16741456679323438,0.9466493168510085
0.167433831990794,0.9466493168510085
0.1674531016227414,0.9466493168510085
0.16747237569060774,0.9466493168510085
0.16749165419592493,0.9466493168510085
0.16751093714022566,0.9466493168510085
0.16753022452504318,0.9466493168510085
0.16754951635191156,0.9466493168510085
0.16745364505355292,0.9459986987638256
0.16747293250403134,0.9459986987638256
0.16749222439811082,0.9459986987638256
0.1675115207373272,0.9459986987638256
0.16741560087567692,0.9453480806766428
0.16743489283244986,0.9453480806766428
0.16745418923591102,0.9453480806766428
0.16747349008759796,0.9453480806766428
0.167492795389049,0.9453480806766428
0.16739681807701176,0.94469746258946
0.16741611898996886,0.94469746258946
0.16743542435424355,0.94469746258946
0.16745473417137585,0.94469746258946
0.1674740484429066,0.94469746258946
0.16749336717037722,0.94469746258946
0.16751269035532995,0.94469746258946
0.16753201799930773,0.94469746258946
0.16755135010385414,0.94469746258946
0.16757068667051356,0.94469746258946
0.16759002770083103,0.94469746258946
0.16749393974373775,0.9440468445022772
0.16751327637958902,0.9440468445022772
0.16753261748066042,0.9440468445022772
0.16755196304849884,0.9440468445022772
0.1675713130846518,0.9440468445022772
0.1675906675906676,0.9440468445022772
0.16761002656809518,0.9440468445022772
0.1676293900184843,0.9440468445022772
0.16764875794338532,0.9440468445022772
0.16766813034434944,0.9440468445022772
0.16768750722292847,0.9440468445022772
0.16770688858067498,0.9440468445022772
0.16772627441914228,0.9440468445022772
0.1677456647398844,0.9440468445022772
0.167765059544456,0.9440468445022772
0.1677844588344126,0.9440468445022772
0.16780386261131028,0.9440468445022772
0.16782327087670598,0.9440468445022772
0.16784268363215732,0.9440468445022772
0.16786210087922257,0.9440468445022772
0.16788152261946085,0.9440468445022772
0.16790094885443185,0.9440468445022772
0.1679203795856961,0.9440468445022772
0.16793981481481482,0.9440468445022772
0.16784350040513948,0.9433962264150944
0.16786293123408197,0.9433962264150944
0.16788236656246383,0.9433962264150944
0.16790180639184807,0.9433962264150944
0.1679212507237985,0.9433962264150944
0.16782487838776927,0.9427456083279115
0.1678443183134484,0.9427456083279115
0.16786376274328083,0.9427456083279115
0.16776735024910208,0.9420949902407287
0.16778679026651216,0.9420949902407287
0.16780623478966278,0.9420949902407287
0.16782568382012053,0.9420949902407287
0.1678451373594529,0.9420949902407287
0.1678645954092279,0.9420949902407287
0.1678840579710145,0.9420949902407287
0.1679035250463822,0.9420949902407287
0.1679229966369013,0.9420949902407287
0.1679424727441429,0.9420949902407287
0.1679619533696787,0.9420949902407287
0.1679814385150812,0.9420949902407287
0.16800092818192366,0.9420949902407287
0.16802042237178,0.9420949902407287
0.1680399210862249,0.9420949902407287
0.1680594243268338,0.9420949902407287
0.16807893209518282,0.9420949902407287
0.1679823543069422,0.9414443721535458
0.16800185765703007,0.9414443721535458
0.16802136553646074,0.9414443721535458
0.1679247474160957,0.940793754066363
0.1678281068524971,0.9401431359791802
0.1678476013474271,0.9401431359791802
0.1678671003717472,0.9401431359791802
0.16788660392703614,0.9401431359791802
0.16790611201487335,0.9401431359791802
0.16792562463683905,0.9401431359791802
0.16794514179451417,0.9401431359791802
0.16796466348948041,0.9401431359791802
0.16798418972332016,0.9401431359791802
0.16800372049761655,0.9401431359791802
0.1680232558139535,0.9401431359791802
0.16804279567391558,0.9401431359791802
0.16806234007908816,0.9401431359791802
0.16808188903105734,0.9401431359791802
0.16810144253140996,0.9401431359791802
0.16812100058173357,0.9401431359791802
0.16802420293227832,0.9394925178919974
0.16804375654602582,0.9394925178919974
0.16794692737430167,0.9388418998048146
0.16796647654522173,0.9388418998048146
0.1679860302677532,0.9388418998048146
0.16800558854348585,0.9388418998048146
0.16802515137401025,0.9388418998048146
0.16804471876091767,0.9388418998048146
0.16806429070580015,0.9388418998048146
0.16808386721025043,0.9388418998048146
0.16810344827586207,0.9388418998048146
0.16812303390422928,0.9388418998048146
0.1681426240969471,0.9388418998048146
0.16804568232140776,0.9381912817176318
0.16806526806526806,0.9381912817176318
0.16808485837510198,0.9381912817176318
0.16810445325250642,0.9381912817176318
0.16812405269907893,0.9381912817176318
0.1681436567164179,0.9381912817176318
0.1680466472303207,0.937540663630449
0.16806624679262888,0.937540663630449
0.16808585092733,0.937540663630449
0.1679888007466169,0.936890045543266
0.168008400420021,0.936890045543266
0.16802800466744458,0.936890045543266
0.16804761349048897,0.936890045543266
0.16806722689075632,0.936890045543266
0.16808684486984943,0.936890045543266
0.16810646742937194,0.936890045543266
0.1681260945709282,0.936890045543266
0.16814572629612332,0.936890045543266
0.16816536260656312,0.936890045543266
0.16818500350385424,0.936890045543266
0.16820464898960402,0.936890045543266
0.16822429906542055,0.936890045543266
0.16824395373291273,0.936890045543266
0.1682636129936901,0.936890045543266
0.1682832768493631,0.936890045543266
0.16830294530154277,0.936890045543266
0.16832261835184104,0.936890045543266
0.16834229600187048,0.936890045543266
0.16836197825324448,0.936890045543266
0.16838166510757718,0.936890045543266
0.16840135656648345,0.936890045543266
0.16842105263157894,0.936890045543266
0.16844075330448005,0.936890045543266
0.16834347215722975,0.9362394274560832
0.16836316836316836,0.9362394274560832
0.16838286917856307,0.9362394274560832
0.16828554710356933,0.9355888093689004
0.1683052434456929,0.9355888093689004
0.1683249443989231,0.9355888093689004
0.1683446499648794,0.9355888093689004
0.16836436014518205,0.9355888093689004
0.168384074941452,0.9355888093689004
0.16840379435531092,0.9355888093689004
0.16830639494026703,0.9349381912817176
0.16832610987466323,0.9349381912817176
0.16834582942830364,0.9349381912817176
0.16836555360281194,0.9349381912817176
0.1683852823998125,0.9349381912817176
0.1684050158209305,0.9349381912817176
0.16842475386779185,0.9349381912817176
0.1684444965420232,0.9349381912817176
0.16846424384525205,0.9349381912817176
0.16848399577910658,0.9349381912817176
0.16850375234521575,0.9349381912817176
0.16852351354520934,0.9349381912817176
0.1685432793807178,0.9349381912817176
0.16856304985337242,0.9349381912817176
0.16846550915063352,0.9342875731945348
0.16848527513786227,0.9342875731945348
0.16850504576390518,0.9342875731945348
0.16852482103039548,0.9342875731945348
0.16854460093896714,0.9342875731945348
0.16856438549125485,0.9342875731945348
0.1685841746888941,0.9342875731945348
0.1686039685335212,0.9342875731945348
0.16862376702677312,0.9342875731945348
0.16864357017028772,0.9342875731945348
0.16866337796570355,0.9342875731945348
0.16868319041465993,0.9342875731945348
0.16858552631578946,0.933636955107352
0.16860533427329338,0.933636955107352
0.16850763807285546,0.9329863370201692
0.168527441532495,0.9329863370201692
0.16854724964739068,0.9329863370201692
0.1685670624191842,0.9329863370201692
0.16858687984951798,0.9329863370201692
0.16860670194003527,0.9329863370201692
0.16862652869238007,0.9329863370201692
0.1685287545572151,0.9323357189329864
0.16854857680545754,0.9323357189329864
0.16845077049758853,0.9316851008458035
0.1683529411764706,0.9310344827586207
0.16825508883398047,0.9303838646714379
0.16827488820899036,0.9303838646714379
0.16829469224432153,0.9303838646714379
0.1683145009416196,0.9303838646714379
0.1683343143025309,0.9303838646714379
0.1683541323287026,0.9303838646714379
0.16837395502178265,0.9303838646714379
0.16839378238341968,0.9303838646714379
0.16841361441526323,0.9303838646714379
0.1684334511189635,0.9303838646714379
0.16845329249617153,0.9303838646714379
0.16847313854853913,0.9303838646714379
0.16849298927771886,0.9303838646714379
0.16851284468536412,0.9303838646714379
0.16853270477312904,0.9303838646714379
0.16855256954266856,0.9303838646714379
0.16857243899563834,0.9303838646714379
0.16859231313369488,0.9303838646714379
0.16861219195849547,0.9303838646714379
0.16863207547169812,0.9303838646714379
0.16865196367496166,0.9303838646714379
0.16867185656994574,0.9303838646714379
0.16869175415831072,0.9303838646714379
0.1687116564417178,0.9303838646714379
0.1687315634218289,0.9303838646714379
0.16875147510030683,0.9303838646714379
0.16877139147881506,0.9303838646714379
0.16879131255901794,0.9303838646714379
0.16881123834258058,0.9303838646714379
0.16883116883116883,0.9303838646714379
0.1688511040264494,0.9303838646714379
0.16887104393008975,0.9303838646714379
0.1688909885437581,0.9303838646714379
0.16891093786912356,0.9303838646714379
0.16893089190785587,0.9303838646714379
0.1689508506616257,0.9303838646714379
0.16897081413210446,0.9303838646714379
0.16899078232096432,0.9303838646714379
0.16889256589055668,0.929733246584255
0.16891252955082742,0.929733246584255
0.16893249793119755,0.929733246584255
0.1689524710333412,0.929733246584255
0.16897244885893342,0.929733246584255
0.16899243140964995,0.929733246584255
0.16901241868716735,0.929733246584255
0.169032410693163,0.929733246584255
0.16905240742931504,0.929733246584255
0.1690724088973024,0.929733246584255
0.16909241509880488,0.929733246584255
0.16911242603550297,0.929733246584255
0.16913244170907799,0.929733246584255
0.16915246212121213,0.929733246584255
0.16917248727358825,0.929733246584255
0.16907411792564528,0.9290826284970722
0.16909413854351688,0.9290826284970722
0.16911416390336334,0.9290826284970722
0.1691341940068696,0.9290826284970722
0.1691542288557214,0.9290826284970722
0.16917426845160527,0.9290826284970722
0.16919431279620853,0.9290826284970722
0.16921436189121933,0.9290826284970722
0.16923441573832662,0.9290826284970722
0.1692544743392201,0.9290826284970722
0.16927453769559034,0.9290826284970722
0.16929460580912864,0.9290826284970722
0.16931467868152716,0.9290826284970722
0.16933475631447883,0.9290826284970722
0.1693548387096774,0.9290826284970722
0.16937492586881747,0.9290826284970722
0.1693950177935943,0.9290826284970722
0.16941511448570412,0.9290826284970722
0.16943521594684385,0.9290826284970722
0.1694553221787113,0.9290826284970722
0.16935675290766675,0.9284320104098894
0.16937685459940652,0.9284320104098894
0.16939696106362773,0.9284320104098894
0.16941707230203015,0.9284320104098894
0.1694371883163144,0.9284320104098894
0.16945730910818194,0.9284320104098894
0.1694774346793349,0.9284320104098894
0.16949756503147642,0.9284320104098894
0.1695177001663103,0.9284320104098894
0.16953784008554118,0.9284320104098894
0.16955798479087453,0.9284320104098894
0.16957813428401664,0.9284320104098894
0.16959828856667458,0.9284320104098894
0.16961844764055628,0.9284320104098894
0.16963861150737042,0.9284320104098894
0.16965878016882655,0.9284320104098894
0.16967895362663496,0.9284320104098894
0.16969913188250685,0.9284320104098894
0.16971931493815415,0.9284320104098894
0.16973950279528963,0.9284320104098894
0.16975969545562694,0.9284320104098894
0.16977989292088042,0.9284320104098894
0.16980009519276534,0.9284320104098894
0.16982030227299774,0.9284320104098894
0.16984051416329446,0.9284320104098894
0.16986073086537318,0.9284320104098894
0.16976190476190475,0.9277813923227066
0.1697821169186808,0.9277813923227066
0.1698023338890212,0.9277813923227066
0.16982255567464571,0.9277813923227066
0.1698427822772749,0.9277813923227066
0.16986301369863013,0.9277813923227066
0.16988324994043363,0.9277813923227066
0.16990349100440844,0.9277813923227066
0.16992373689227835,0.9277813923227066
0.1699439876057681,0.9277813923227066
0.1699642431466031,0.9277813923227066
0.1699845035165097,0.9277813923227066
0.17000476871721507,0.9277813923227066
0.1700250387504471,0.9277813923227066
0.17004531361793465,0.9277813923227066
0.17006559332140728,0.9277813923227066
0.1700858778625954,0.9277813923227066
0.17010616724323036,0.9277813923227066
0.17012646146504415,0.9277813923227066
0.1701467605297697,0.9277813923227066
0.1701670644391408,0.9277813923227066
0.170187373194892,0.9277813923227066
0.17020768679875867,0.9277813923227066
0.17022800525247703,0.9277813923227066
0.17024832855778416,0.9277813923227066
0.17026865671641792,0.9277813923227066
0.17028898973011702,0.9277813923227066
0.17030932760062104,0.9277813923227066
0.17021022455805065,0.9271307742355237
0.17023055787838967,0.9271307742355237
0.17025089605734767,0.9271307742355237
0.17027123909666628,0.9271307742355237
0.17029158699808794,0.9271307742355237
0.17031193976335604,0.9271307742355237
0.17033229739421468,0.9271307742355237
0.17035265989240886,0.9271307742355237
0.17037302725968437,0.9271307742355237
0.17039339949778787,0.9271307742355237
0.17041377660846688,0.9271307742355237
0.1704341585934697,0.9271307742355237
0.17045454545454544,0.9271307742355237
0.1704749371934442,0.9271307742355237
0.17049533381191673,0.9271307742355237
0.17051573531171474,0.9271307742355237
0.17053614169459072,0.9271307742355237
0.17055655296229802,0.9271307742355237
0.17057696911659084,0.9271307742355237
0.17059739015922423,0.9271307742355237
0.17061781609195403,0.9271307742355237
0.17063824691653695,0.9271307742355237
0.17065868263473055,0.9271307742355237
0.1706791232482932,0.9271307742355237
0.17069956875898418,0.9271307742355237
0.17072001916856355,0.9271307742355237
0.17062065660196502,0.9264801561483409
0.1706411024565608,0.9264801561483409
0.1705417066155321,0.9258295380611581
0.17056214790842622,0.9258295380611581
0.17058259410213378,0.9258295380611581
0.17060304519841746,0.9258295380611581
0.17062350119904077,0.9258295380611581
0.17064396210576807,0.9258295380611581
0.17054449508275366,0.9251789199739753
0.1705649514213746,0.9251789199739753
0.17058541266794625,0.9251789199739753
0.17060587882423514,0.9251789199739753
0.17062634989200864,0.9251789199739753
0.17064682587303492,0.9251789199739753
0.17066730676908307,0.9251789199739753
0.17068779258192293,0.9251789199739753
0.17070828331332533,0.9251789199739753
0.17060871653259696,0.9245283018867925
0.17062920268972143,0.9245283018867925
0.17064969376726313,0.9245283018867925
0.17067018976699497,0.9245283018867925
0.17069069069069068,0.9245283018867925
0.17071119654012493,0.9245283018867925
0.17073170731707318,0.9245283018867925
0.1707522230233117,0.9245283018867925
0.1707727436606177,0.9245283018867925
0.17079326923076923,0.9245283018867925
0.17081379973554514,0.9245283018867925
0.17083433517672517,0.9245283018867925
0.17085487555608994,0.9245283018867925
0.17087542087542087,0.9245283018867925
0.1708959711365003,0.9245283018867925
0.17079624729372142,0.9238776837996097
0.17081679297485866,0.9238776837996097
0.17083734359961503,0.9238776837996097
0.170857899169775,0.9238776837996097
0.17087845968712395,0.9238776837996097
0.17089902515344807,0.9238776837996097
0.17091959557053443,0.9238776837996097
0.17094017094017094,0.9238776837996097
0.1709607512641464,0.9238776837996097
0.17086092715231788,0.9232270657124269
0.17076107899807322,0.9225764476252439
0.17066120679272553,0.9219258295380611
0.17068176343049868,0.9219258295380611
0.1707023250210818,0.9219258295380611
0.17072289156626505,0.9219258295380611
0.17062296662248463,0.9212752114508783
0.17064352856109907,0.9212752114508783
0.170664095456189,0.9212752114508783
0.17068466730954676,0.9212752114508783
0.17070524412296564,0.9212752114508783
0.17060525681215336,0.9206245933636955
0.17062582901242013,0.9206245933636955
0.17064640617462615,0.9206245933636955
0.17066698830056687,0.9206245933636955
0.1706875753920386,0.9206245933636955
0.17070816745083847,0.9206245933636955
0.17072876447876448,0.9206245933636955
0.17074936647761554,0.9206245933636955
0.1707699734491914,0.9206245933636955
0.17066988533494268,0.9199739752765127
0.17069048768710768,0.9199739752765127
0.17071109501388385,0.9199739752765127
0.17073170731707318,0.9199739752765127
0.17075232459847844,0.9199739752765127
0.17077294685990338,0.9199739752765127
0.17079357410315255,0.9199739752765127
0.17081420633003142,0.9199739752765127
0.17083484354234627,0.9199739752765127
0.1708554857419043,0.9199739752765127
0.1708761329305136,0.9199739752765127
0.17077592458303117,0.9193233571893299
0.17079656714613803,0.9193233571893299
0.17081721470019343,0.9193233571893299
0.17071696288236005,0.9186727391021471
0.17073760580411124,0.9186727391021471
0.17075825371870842,0.9186727391021471
0.17077890662796325,0.9186727391021471
0.17079956453368816,0.9186727391021471
0.1708202274376966,0.9186727391021471
0.17084089534180277,0.9186727391021471
0.17086156824782187,0.9186727391021471
0.1708822461575699,0.9186727391021471
0.17090292907286372,0.9186727391021471
0.1709236169955211,0.9186727391021471
0.1709443099273608,0.9186727391021471
0.1709650078702022,0.9186727391021471
0.17098571082586583,0.9186727391021471
0.17100641879617295,0.9186727391021471
0.17102713178294573,0.9186727391021471
0.17104784978800727,0.9186727391021471
0.1710685728131815,0.9186727391021471
0.17108930086029323,0.9186727391021471
0.1711100339311682,0.9186727391021471
0.17113077202763302,0.9186727391021471
0.17115151515151514,0.9186727391021471
0.171172263304643,0.9186727391021471
0.17107177497575168,0.9180221210149642
0.1710925184915727,0.9180221210149642
0.17099199611933058,0.9173715029277814
0.17101273499090358,0.9173715029277814
0.17091217855409996,0.9167208848405985
0.1709329127744753,0.9167208848405985
0.1708323222518806,0.9160702667534157
0.17085305181410024,0.9160702667534157
0.170873786407767,0.9160702667534157
0.17089452603471295,0.9160702667534157
0.17079388201019666,0.9154196486662329
0.17081461697219863,0.9154196486662329
0.17083535696940264,0.9154196486662329
0.17085610200364298,0.9154196486662329
0.17087685207675493,0.9154196486662329
0.1708976071905745,0.9154196486662329
0.17091836734693877,0.9154196486662329
0.17093913254768558,0.9154196486662329
0.1709599027946537,0.9154196486662329
0.17098067808968284,0.9154196486662329
0.1710014584346135,0.9154196486662329
0.17102224383128722,0.9154196486662329
0.17104303428154632,0.9154196486662329
0.17106382978723406,0.9154196486662329
0.17108463035019456,0.9154196486662329
0.1711054359722729,0.9154196486662329
0.171126246655315,0.9154196486662329
0.17114706240116775,0.9154196486662329
0.17116788321167883,0.9154196486662329
0.17118870908869693,0.9154196486662329
0.17120954003407154,0.9154196486662329
0.17123037604965316,0.9154196486662329
0.1711295034079844,0.9147690305790501
0.1711503347534997,0.9147690305790501
0.17117117117117117,0.9147690305790501
0.1710702544746134,0.9141184124918673
0.1710910862152947,0.9141184124918673
0.1711119230300816,0.9141184124918673
0.17113276492082827,0.9141184124918673
0.1710317943720307,0.9134677944046844
0.17105263157894737,0.9134677944046844
0.17107347386377483,0.9134677944046844
0.17109432122836948,0.9134677944046844
0.17111517367458867,0.9134677944046844
0.17113603120429058,0.9134677944046844
0.17103498719980495,0.9128171763175016
0.17105584003901486,0.9128171763175016
0.17107669796366295,0.9128171763175016
0.17109756097560977,0.9128171763175016
0.17111842907671668,0.9128171763175016
0.17113930226884605,0.9128171763175016
0.17116018055386117,0.9128171763175016
0.17118106393362617,0.9128171763175016
0.1712019524100061,0.9128171763175016
0.17122284598486698,0.9128171763175016
0.17124374466007566,0.9128171763175016
0.1712646484375,0.9128171763175016
0.17128555731900866,0.9128171763175016
0.1713064713064713,0.9128171763175016
0.17132739040175846,0.9128171763175016
0.17134831460674158,0.9128171763175016
0.17136924392329303,0.9128171763175016
0.1713901783532861,0.9128171763175016
0.17141111789859498,0.9128171763175016
0.1714320625610948,0.9128171763175016
0.1714530123426616,0.9128171763175016
0.17147396724517233,0.9128171763175016
0.17137269282483805,0.9121665582303188
0.17139364303178484,0.9121665582303188
0.1714145983616579,0.9121665582303188
0.17143555881633651,0.9121665582303188
0.17145652439770087,0.9121665582303188
0.17135518590998042,0.911515940143136
0.17137614678899082,0.911515940143136
0.17139711279667239,0.911515940143136
0.17141808393490762,0.911515940143136
0.17143906020558003,0.911515940143136
0.171460041610574,0.911515940143136
0.1714810281517748,0.911515940143136
0.17150201983106866,0.911515940143136
0.1715230166503428,0.911515940143136
0.17154401861148524,0.911515940143136
0.17156502571638502,0.911515940143136
0.17158603796693203,0.911515940143136
0.17160705536501714,0.911515940143136
0.17162807791253215,0.911515940143136
0.17164910561136976,0.911515940143136
0.1716701384634236,0.911515940143136
0.17169117647058824,0.911515940143136
0.17171221963475916,0.911515940143136
0.1717332679578328,0.911515940143136
0.17175432144170652,0.911515940143136
0.17177538008827856,0.911515940143136
0.1717964438994482,0.911515940143136
0.17181751287711552,0.911515940143136
0.17183858702318164,0.911515940143136
0.17185966633954858,0.911515940143136
0.17188075082811924,0.911515940143136
0.17177914110429449,0.9108653220559532
0.17180022088599828,0.9108653220559532
0.1718213058419244,0.9108653220559532
0.17184239597397816,0.9108653220559532
0.1718634912840658,0.9108653220559532
0.17188459177409454,0.9108653220559532
0.1719056974459725,0.9108653220559532
0.17192680830160875,0.9108653220559532
0.17194792434291328,0.9108653220559532
0.17196904557179707,0.9108653220559532
0.171990171990172,0.9108653220559532
0.17201130359995084,0.9108653220559532
0.17203244040304744,0.9108653220559532
0.17205358240137641,0.9108653220559532
0.1720747295968535,0.9108653220559532
0.1720958819913952,0.9108653220559532
0.1721170395869191,0.9108653220559532
0.17213820238534366,0.9108653220559532
0.1721593703885883,0.9108653220559532
0.17218054359857335,0.9108653220559532
0.17220172201722017,0.9108653220559532
0.17222290564645099,0.9108653220559532
0.17224409448818898,0.9108653220559532
0.17226528854435832,0.9108653220559532
0.17228648781688408,0.9108653220559532
0.1723076923076923,0.9108653220559532
0.17232890201870998,0.9108653220559532
0.1722270097254709,0.9102147039687704
0.17224821472543708,0.9102147039687704
0.17226942494766653,0.9102147039687704
0.17229064039408867,0.9102147039687704
0.17231186106663382,0.9102147039687704
0.17233308696723332,0.9102147039687704
0.1723543180978194,0.9102147039687704
0.1723755544603253,0.9102147039687704
0.17239679605668515,0.9102147039687704
0.1722947991126448,0.9095640858815875
0.17231603599161838,0.9095640858815875
0.17233727810650887,0.9095640858815875
0.17235852545925287,0.9095640858815875
0.17237977805178792,0.9095640858815875
0.17240103588605254,0.9095640858815875
0.1724222989639862,0.9095640858815875
0.1723202170963365,0.9089134677944047
0.17221811004194423,0.9082628497072218
0.17223935842072793,0.9082628497072218
0.17226061204343535,0.9082628497072218
0.1722818709120079,0.9082628497072218
0.17230313502838807,0.9082628497072218
0.17232440439451918,0.9082628497072218
0.17234567901234568,0.9082628497072218
0.17236695888381282,0.9082628497072218
0.1723882440108669,0.9082628497072218
0.17240953439545512,0.9082628497072218
0.1724308300395257,0.9082628497072218
0.1724521309450278,0.9082628497072218
0.17247343711391153,0.9082628497072218
0.17249474854812802,0.9082628497072218
0.17251606524962926,0.9082628497072218
0.17253738722036832,0.9082628497072218
0.17255871446229915,0.9082628497072218
0.1725800469773767,0.9082628497072218
0.17260138476755688,0.9082628497072218
0.1726227278347966,0.9082628497072218
0.17264407618105368,0.9082628497072218
0.17266542980828695,0.9082628497072218
0.17268678871845622,0.9082628497072218
0.1727081529135222,0.9082628497072218
0.17272952239544667,0.9082628497072218
0.1727508971661923,0.9082628497072218
0.17277227722772276,0.9082628497072218
0.1727936625820027,0.9082628497072218
0.17281505323099777,0.9082628497072218
0.1728364491766745,0.9082628497072218
0.1728578504210005,0.9082628497072218
0.17287925696594428,0.9082628497072218
0.17290066881347535,0.9082628497072218
0.17292208596556422,0.9082628497072218
0.17294350842418235,0.9082628497072218
0.172841035807211,0.907612231620039
0.17286245353159851,0.907612231620039
0.17288387656463006,0.907612231620039
0.17290530490827963,0.907612231620039
0.17292673856452212,0.907612231620039
0.1729481775353335,0.907612231620039
0.17296962182269063,0.907612231620039
0.17299107142857142,0.907612231620039
0.17301252635495473,0.907612231620039
0.17303398660382038,0.907612231620039
0.17305545217714924,0.907612231620039
0.17295285359801488,0.9069616135328562
0.17297431443107086,0.9069616135328562
0.1729957805907173,0.9069616135328562
0.17301725207893756,0.9069616135328562
0.173038728897716,0.9069616135328562
0.17306021104903788,0.9069616135328562
0.1730816985348895,0.9069616135328562
0.17310319135725816,0.9069616135328562
0.17312468951813215,0.9069616135328562
0.17314619301950068,0.9069616135328562
0.17316770186335403,0.9069616135328562
0.17318921605168344,0.9069616135328562
0.17321073558648112,0.9069616135328562
0.17323226046974027,0.9069616135328562
0.17325379070345515,0.9069616135328562
0.1732753262896209,0.9069616135328562
0.17329686723023371,0.9069616135328562
0.1733184135272908,0.9069616135328562
0.17333996518279035,0.9069616135328562
0.1733615221987315,0.9069616135328562
0.17338308457711443,0.9069616135328562
0.1734046523199403,0.9069616135328562
0.17342622542921124,0.9069616135328562
0.17332337937041184,0.9063109954456734
0.17334494773519163,0.9063109954456734
0.17336652146857498,0.9063109954456734
0.1733881005725666,0.9063109954456734
0.17340968504917217,0.9063109954456734
0.17343127490039842,0.9063109954456734
0.17345287012825303,0.9063109954456734
0.1734744707347447,0.9063109954456734
0.17337152821023788,0.9056603773584906
0.17339312406576982,0.9056603773584906
0.1734147253021054,0.9056603773584906
0.17331173685522053,0.9050097592713078
0.17333333333333334,0.9050097592713078
0.17335493519441675,0.9050097592713078
0.17337654244048362,0.9050097592713078
0.17339815507354775,0.9050097592713078
0.17341977309562398,0.9050097592713078
0.17344139650872817,0.9050097592713078
0.17346302531487717,0.9050097592713078
0.1734846595160888,0.9050097592713078
0.17350629911438195,0.9050097592713078
0.17352794411177644,0.9050097592713078
0.1735495945102932,0.9050097592713078
0.17357125031195408,0.9050097592713078
0.17359291151878198,0.9050097592713078
0.1736145781328008,0.9050097592713078
0.17363625015603545,0.9050097592713078
0.17365792759051185,0.9050097592713078
0.17367961043825697,0.9050097592713078
0.1737012987012987,0.9050097592713078
0.17372299238166605,0.9050097592713078
0.17374469148138896,0.9050097592713078
0.17376639600249844,0.9050097592713078
0.17378810594702648,0.9050097592713078
0.1736848681744346,0.904359141184125
0.17370657335666084,0.904359141184125
0.17372828396450443,0.904359141184125
0.17375,0.904359141184125
0.17377172146518316,0.904359141184125
0.1737934483620905,0.904359141184125
0.17381518069275978,0.904359141184125
0.1738369184592296,0.904359141184125
0.17385866166353972,0.904359141184125
0.1738804103077308,0.904359141184125
0.17390216439384462,0.904359141184125
0.17392392392392392,0.904359141184125
0.17394568890001252,0.904359141184125
0.1739674593241552,0.904359141184125
0.1739892351983978,0.904359141184125
0.17401101652478718,0.904359141184125
0.17403280330537124,0.904359141184125
0.17405459554219885,0.904359141184125
0.17407639323731997,0.904359141184125
0.17409819639278556,0.904359141184125
0.17412000501064762,0.904359141184125
0.17414181909295917,0.904359141184125
0.17416363864177423,0.904359141184125
0.17406015037593986,0.903708523096942
0.17408196515854116,0.903708523096942
0.17410378540987717,0.903708523096942
0.1741256111320045,0.903708523096942
0.17414744232698096,0.903708523096942
0.1741692789968652,0.903708523096942
0.17419112114371707,0.903708523096942
0.17421296876959738,0.903708523096942
0.1741093828399398,0.9030579050097592
0.17413122569313763,0.9030579050097592
0.17415307402760352,0.9030579050097592
0.17404944158614633,0.9024072869225764
0.17394578313253012,0.9017566688353936
0.1739676164177231,0.9017566688353936
0.17398945518453426,0.9017566688353936
0.17401129943502824,0.9017566688353936
0.1739075841285786,0.9011060507482108
0.17392942358407634,0.9011060507482108
0.1739512685254961,0.9011060507482108
0.17397311895490516,0.9011060507482108
0.17399497487437185,0.9011060507482108
0.17401683628596556,0.9011060507482108
0.1740387031917567,0.9011060507482108
0.17406057559381677,0.9011060507482108
0.1740824534942182,0.9011060507482108
0.17410433689503457,0.9011060507482108
0.17412622579834044,0.9011060507482108
0.17414812020621148,0.9011060507482108
0.17417002012072436,0.9011060507482108
0.17419192554395674,0.9011060507482108
0.1742138364779874,0.9011060507482108
0.1742357529248962,0.9011060507482108
0.17425767488676397,0.9011060507482108
0.17427960236567258,0.9011060507482108
0.17430153536370502,0.9011060507482108
0.17432347388294525,0.9011060507482108
0.17434541792547834,0.9011060507482108
0.1743673674933904,0.9011060507482108
0.17438932258876857,0.9011060507482108
0.17441128321370106,0.9011060507482108
0.17443324937027707,0.9011060507482108
0.17445522106058697,0.9011060507482108
0.1744771982867221,0.9011060507482108
0.17449918105077486,0.9011060507482108
0.17452116935483872,0.9011060507482108
0.17454316320100818,0.9011060507482108
0.1745651625913789,0.9011060507482108
0.1745871675280474,0.9011060507482108
0.17460917801311146,0.9011060507482108
0.17463119404866978,0.9011060507482108
0.1746532156368222,0.9011060507482108
0.17467524277966956,0.9011060507482108
0.17469727547931382,0.9011060507482108
0.17471931373785796,0.9011060507482108
0.174741357557406,0.9011060507482108
0.1747634069400631,0.9011060507482108
0.1747854618879354,0.9011060507482108
0.17480752240313013,0.9011060507482108
0.17482958848775562,0.9011060507482108
0.17472541345789672,0.900455432661028
0.17474747474747473,0.900455432661028
0.174769541608789,0.900455432661028
0.1747916140439505,0.900455432661028
0.17481369205507136,0.900455432661028
0.17483577564426478,0.900455432661028
0.174857864813645,0.900455432661028
0.17487995956532726,0.900455432661028
0.17490205990142804,0.900455432661028
0.17492416582406473,0.900455432661028
0.17494627733535584,0.900455432661028
0.174968394437421,0.900455432661028
0.17499051713238084,0.900455432661028
0.17488619119878604,0.8998048145738452
0.17490830909320854,0.8998048145738452
0.1748039463698457,0.8991541964866623
0.1748260594560405,0.8991541964866623
0.17484817813765183,0.8991541964866623
0.17487030241680374,0.8991541964866623
0.17489243229562138,0.8991541964866623
0.17491456777623085,0.8991541964866623
0.1749367088607595,0.8991541964866623
0.1749588555513356,0.8991541964866623
0.17498100785008863,0.8991541964866623
0.17500316575914904,0.8991541964866623
0.17502532928064843,0.8991541964866623
0.17504749841671943,0.8991541964866623
0.17506967316949582,0.8991541964866623
0.17509185354111237,0.8991541964866623
0.17511403953370502,0.8991541964866623
0.1751362311494107,0.8991541964866623
0.17515842839036755,0.8991541964866623
0.17518063125871466,0.8991541964866623
0.1752028397565923,0.8991541964866623
0.17522505388614176,0.8991541964866623
0.17524727364950546,0.8991541964866623
0.175142675967026,0.8985035783994795
0.17516489091831558,0.8985035783994795
0.1751871115057719,0.8985035783994795
0.1752093377315402,0.8985035783994795
0.17523156959776678,0.8985035783994795
0.175253807106599,0.8985035783994795
0.1752760502601853,0.8985035783994795
0.1752982990606753,0.8985035783994795
0.17532055351021963,0.8985035783994795
0.17534281361097004,0.8985035783994795
0.17536507936507936,0.8985035783994795
0.17538735077470155,0.8985035783994795
0.17540962784199163,0.8985035783994795
0.1754319105691057,0.8985035783994795
0.175454198958201,0.8985035783994795
0.17547649301143584,0.8985035783994795
0.17549879273096963,0.8985035783994795
0.17552109811896288,0.8985035783994795
0.17554340917757721,0.8985035783994795
0.17556572590897535,0.8985035783994795
0.17558804831532104,0.8985035783994795
0.17561037639877924,0.8985035783994795
0.17563271016151596,0.8985035783994795
0.1756550496056983,0.8985035783994795
0.17567739473349447,0.8985035783994795
0.1756997455470738,0.8985035783994795
0.1757221020486067,0.8985035783994795
0.1757444642402647,0.8985035783994795
0.17576683212422045,0.8985035783994795
0.17578920570264767,0.8985035783994795
0.1758115849777212,0.8985035783994795
0.17583396995161701,0.8985035783994795
0.17585636062651216,0.8985035783994795
0.17587875700458483,0.8985035783994795
0.17590115908801426,0.8985035783994795
0.1759235668789809,0.8985035783994795
0.1759459803796662,0.8985035783994795
0.1759683995922528,0.8985035783994795
0.17599082451892442,0.8985035783994795
0.17601325516186592,0.8985035783994795
0.17603569152326323,0.8985035783994795
0.17605813360530342,0.8985035783994795
0.17608058141017469,0.8985035783994795
0.17610303494006632,0.8985035783994795
0.17612549419716872,0.8985035783994795
0.17614795918367346,0.8985035783994795
0.17617042990177317,0.8985035783994795
0.17619290635366164,0.8985035783994795
0.17621538854153376,0.8985035783994795
0.1762378764675855,0.8985035783994795
0.17626037013401405,0.8985035783994795
0.1762828695430176,0.8985035783994795
0.1763053746967956,0.8985035783994795
0.17632788559754853,0.8985035783994795
0.17635040224747797,0.8985035783994795
0.17624521072796934,0.8978529603122967
0.17613999233618596,0.8972023422251139
0.17616249361267247,0.8972023422251139
0.17618500063881437,0.8972023422251139
0.17620751341681573,0.8972023422251139
0.1762300319488818,0.8972023422251139
0.1762525562372188,0.8972023422251139
0.17614725808513357,0.896551724137931
0.1761697775504986,0.896551724137931
0.17619230277458126,0.896551724137931
0.1762148337595908,0.896551724137931
0.17623737050773755,0.896551724137931
0.17625991302123306,0.896551724137931
0.1762824613022899,0.896551724137931
0.1763050153531218,0.896551724137931
0.17619961612284069,0.8959011060507482
0.17622216534425392,0.8959011060507482
0.17624472033789837,0.8959011060507482
0.17626728110599077,0.8959011060507482
0.17628984765074895,0.8959011060507482
0.17631241997439182,0.8959011060507482
0.17620694070943782,0.8952504879635654
0.1762295081967213,0.8952504879635654
0.1762520814653516,0.8952504879635654
0.1762746605175506,0.8952504879635654
0.1762972453555413,0.8952504879635654
0.17631983598154793,0.8952504879635654
0.1763424323977957,0.8952504879635654
0.17636503460651115,0.8952504879635654
0.17638764260992182,0.8952504879635654
0.1764102564102564,0.8952504879635654
0.17643287600974483,0.8952504879635654
0.1764555014106181,0.8952504879635654
0.17647813261510836,0.8952504879635654
0.17650076962544894,0.8952504879635654
0.1765234124438743,0.8952504879635654
0.17654606107261997,0.8952504879635654
0.17656871551392275,0.8952504879635654
0.17659137577002054,0.8952504879635654
0.17661404184315235,0.8952504879635654
0.17663671373555842,0.8952504879635654
0.17665939144948004,0.8952504879635654
0.17668207498715974,0.8952504879635654
0.17670476435084115,0.8952504879635654
0.17672745954276908,0.8952504879635654
0.17675016056518947,0.8952504879635654
0.17677286742034942,0.8952504879635654
0.17679558011049723,0.8952504879635654
0.1768182986378823,0.8952504879635654
0.17684102300475518,0.8952504879635654
0.17673521850899743,0.8945998698763825
0.17675793803830828,0.8945998698763825
0.17678066340961687,0.8945998698763825
0.1768033946251768,0.8945998698763825
0.1768261316872428,0.8945998698763825
0.17684887459807075,0.8945998698763825
0.17674298945201955,0.8939492517891997
0.1767657275183327,0.8939492517891997
0.17678847143592383,0.8939492517891997
0.17681122120705187,0.8939492517891997
0.17683397683397684,0.8939492517891997
0.17685673831895998,0.8939492517891997
0.17687950566426364,0.8939492517891997
0.1769022788721514,0.8939492517891997
0.17692505794488797,0.8939492517891997
0.17694784288473922,0.8939492517891997
0.17697063369397217,0.8939492517891997
0.17699343037485507,0.8939492517891997
0.1770162329296573,0.8939492517891997
0.1770390413606494,0.8939492517891997
0.1770618556701031,0.8939492517891997
0.17708467586029128,0.8939492517891997
0.177107501933488,0.8939492517891997
0.17713033389196856,0.8939492517891997
0.1771531717380093,0.8939492517891997
0.1771760154738878,0.8939492517891997
0.1770698994067578,0.8932986337020169
0.1770927382948536,0.8932986337020169
0.17698658410732715,0.8926480156148341
0.1770094181395949,0.8926480156148341
0.17690322580645162,0.8919973975276513
0.17692605497483546,0.8919973975276513
0.17694889003613837,0.8919973975276513
0.17684264876726474,0.8913467794404685
0.17686547895688098,0.8913467794404685
0.17688831504196256,0.8913467794404685
0.17691115702479338,0.8913467794404685
0.17693400490765854,0.8913467794404685
0.17695685869284422,0.8913467794404685
0.1769797183826379,0.8913467794404685
0.17700258397932817,0.8913467794404685
0.1768962398242667,0.8906961613532857
0.1769191005427759,0.8906961613532857
0.176941967170738,0.8906961613532857
0.1769648397104447,0.8906961613532857
0.17698771816418876,0.8906961613532857
0.1768813033359193,0.8900455432661027
0.1769041769041769,0.8900455432661027
0.17692705638903258,0.8900455432661027
0.1769499417927823,0.8900455432661027
0.17697283311772316,0.8900455432661027
0.17699573036615346,0.8900455432661027
0.17701863354037267,0.8900455432661027
0.17704154264268152,0.8900455432661027
0.17706445767538181,0.8900455432661027
0.1770873786407767,0.8900455432661027
0.17711030554117038,0.8900455432661027
0.17700375501748025,0.8893949251789199
0.17702667702667702,0.8893949251789199
0.17704960497344904,0.8893949251789199
0.17707253886010363,0.8893949251789199
0.17709547868894934,0.8893949251789199
0.17698885721689556,0.8887443070917371
0.17701179214720747,0.8887443070917371
0.17703473302229134,0.8887443070917371
0.17705767984445886,0.8887443070917371
0.1770806326160228,0.8887443070917371
0.1771035913392973,0.8887443070917371
0.17712655601659752,0.8887443070917371
0.17714952665023992,0.8887443070917371
0.17717250324254216,0.8887443070917371
0.17706576728499157,0.8880936890045543
0.1770887389724961,0.8880936890045543
0.1771117166212534,0.8880936890045543
0.1771347002335842,0.8880936890045543
0.17715768981181051,0.8880936890045543
0.1770508826583593,0.8874430709173715
0.17707386732441907,0.8874430709173715
0.1770968579589717,0.8874430709173715
0.17699000129853265,0.8867924528301887
0.1768831168831169,0.8861418347430059
0.1769060917002208,0.8861418347430059
0.17692907248636008,0.8861418347430059
0.17682213849551773,0.885491216655823
0.17684511434511435,0.885491216655823
0.17686809616634178,0.885491216655823
0.17689108396152847,0.885491216655823
0.17691407773300402,0.885491216655823
0.17693707748309934,0.885491216655823
0.1769600832141464,0.885491216655823
0.17698309492847855,0.885491216655823
0.17700611262843022,0.885491216655823
0.17702913631633715,0.885491216655823
0.1769220762326005,0.8848405985686402
0.17694509497788186,0.8848405985686402
0.17683799609629147,0.8841899804814574
0.17686100989068193,0.8841899804814574
0.17688402967590786,0.8841899804814574
0.17677688102056757,0.8835393623942746
0.17679989584689493,0.8835393623942746
0.17682291666666666,0.8835393623942746
0.17684594348222424,0.8835393623942746
0.1768689762959104,0.8835393623942746
0.17689201511006905,0.8835393623942746
0.17691505992704534,0.8835393623942746
0.17693811074918567,0.8835393623942746
0.17696116757883765,0.8835393623942746
0.17698423041835007,0.8835393623942746
0.177007299270073,0.8835393623942746
0.17703037413635772,0.8835393623942746
0.17705345501955672,0.8835393623942746
0.17707654192202374,0.8835393623942746
0.1770996348461137,0.8835393623942746
0.17712273379418286,0.8835393623942746
0.17714583876858858,0.8835393623942746
0.17703848662752772,0.8828887443070917
0.1770615866388309,0.8828887443070917
0.1770846926791074,0.8828887443070917
0.17710780475071783,0.8828887443070917
0.17713092285602403,0.8828887443070917
0.17715404699738904,0.8828887443070917
0.17717717717717718,0.8828887443070917
0.177200313397754,0.8828887443070917
0.17722345566148623,0.8828887443070917
0.1772466039707419,0.8828887443070917
0.17726975832789027,0.8828887443070917
0.1772929187353018,0.8828887443070917
0.17731608519534822,0.8828887443070917
0.17720857292211187,0.8822381262199089
0.1772317344138021,0.8822381262199089
0.1772549019607843,0.8822381262199089
0.1772780755654334,0.8822381262199089
0.17730125523012552,0.8822381262199089
0.17732444095723812,0.8822381262199089
0.17734763274914989,0.8822381262199089
0.1773708306082407,0.8822381262199089
0.17739403453689168,0.8822381262199089
0.17728640586157268,0.8815875081327261
0.17730960481549332,0.8815875081327261
0.17733280984164376,0.8815875081327261
0.17735602094240838,0.8815875081327261
0.1773792381201728,0.8815875081327261
0.1774024613773239,0.8815875081327261
0.17742569071624983,0.8815875081327261
0.17744892613933996,0.8815875081327261
0.17747216764898494,0.8815875081327261
0.17749541524757664,0.8815875081327261
0.1775186689375082,0.8815875081327261
0.177541928721174,0.8815875081327261
0.17756519460096973,0.8815875081327261
0.17758846657929228,0.8815875081327261
0.1776117446585398,0.8815875081327261
0.17763502884111168,0.8815875081327261
0.1776583191294087,0.8815875081327261
0.17768161552583267,0.8815875081327261
0.17770491803278687,0.8815875081327261
0.17759706190975866,0.8809368900455433
0.17762035943854126,0.8809368900455433
0.1776436630805563,0.8809368900455433
0.1776669728382102,0.8809368900455433
0.17769028871391077,0.8809368900455433
0.17771361071006694,0.8809368900455433
0.177736938829089,0.8809368900455433
0.1777602730733885,0.8809368900455433
0.17778361344537816,0.8809368900455433
0.1778069599474721,0.8809368900455433
0.17783031258208562,0.8809368900455433
0.17772231708918954,0.8802862719583604
0.1777456647398844,0.8802862719583604
0.1777690185258179,0.8802862719583604
0.17779237844940868,0.8802862719583604
0.1778157445130766,0.8802862719583604
0.1778391167192429,0.8802862719583604
0.17786249507032995,0.8802862719583604
0.1778858795687615,0.8802862719583604
0.1779092702169625,0.8802862719583604
0.1779326670173593,0.8802862719583604
0.1779560699723793,0.8802862719583604
0.17797947908445147,0.8802862719583604
0.17800289435600578,0.8802862719583604
0.17802631578947367,0.8802862719583604
0.1780497433872878,0.8802862719583604
0.17807317715188206,0.8802862719583604
0.17809661708569172,0.8802862719583604
0.17812006319115323,0.8802862719583604
0.17814351547070442,0.8802862719583604
0.1781669739267843,0.8802862719583604
0.17819043856183328,0.8802862719583604
0.1780821917808219,0.8796356538711776
0.1781056514293242,0.8796356538711776
0.17812911725955205,0.8796356538711776
0.17815258927394914,0.8796356538711776
0.17817606747496045,0.8796356538711776
0.17819955186503228,0.8796356538711776
0.1782230424466122,0.8796356538711776
0.17824653922214898,0.8796356538711776
0.17813818565400844,0.8789850357839948
0.17816167743637082,0.8789850357839948
0.17818517541545767,0.8789850357839948
0.17820867959372114,0.8789850357839948
0.17823218997361479,0.8789850357839948
0.17825570655759335,0.8789850357839948
0.17827922934811297,0.8789850357839948
0.17830275834763099,0.8789850357839948
0.17819429778247095,0.878334417696812
0.1782178217821782,0.878334417696812
0.17824135199366253,0.878334417696812
0.17826488841938465,0.878334417696812
0.17828843106180667,0.878334417696812
0.1783119799233919,0.878334417696812
0.178335535006605,0.878334417696812
0.178359096313912,0.878334417696812
0.17838266384778012,0.878334417696812
0.17827408484207743,0.8776837996096292
0.17829764736981232,0.8776837996096292
0.1783212161269002,0.8776837996096292
0.17834479111581175,0.8776837996096292
0.17836837233901892,0.8776837996096292
0.17839195979899497,0.8776837996096292
0.17841555349821453,0.8776837996096292
0.17843915343915345,0.8776837996096292
0.17846275962428892,0.8776837996096292
0.1784863720560995,0.8776837996096292
0.17850999073706497,0.8776837996096292
0.1785336156696665,0.8776837996096292
0.1785572468563865,0.8776837996096292
0.17858088429970875,0.8776837996096292
0.17860452800211837,0.8776837996096292
0.1786281779661017,0.8776837996096292
0.17865183419414646,0.8776837996096292
0.17867549668874172,0.8776837996096292
0.1786991654523778,0.8776837996096292
0.17872284048754636,0.8776837996096292
0.17874652179674042,0.8776837996096292
0.17877020938245428,0.8776837996096292
0.17879390324718356,0.8776837996096292
0.17881760339342523,0.8776837996096292
0.17884130982367757,0.8776837996096292
0.1788650225404402,0.8776837996096292
0.17888874154621404,0.8776837996096292
0.17891246684350132,0.8776837996096292
0.1788035548481231,0.8770331815224464
0.17882727513929425,0.8770331815224464
0.17871832294016188,0.8763825634352636
0.1787420382165605,0.8763825634352636
0.1787657597876576,0.8763825634352636
0.17878948765595964,0.8763825634352636
0.17881322182397452,0.8763825634352636
0.17883696229421137,0.8763825634352636
0.17886070906918072,0.8763825634352636
0.17888446215139442,0.8763825634352636
0.17890822154336566,0.8763825634352636
0.17893198724760892,0.8763825634352636
0.17882290421150523,0.8757319453480806
0.17871379218708477,0.8750813272608978
0.1787375415282392,0.8750813272608978
0.17876129718234982,0.8750813272608978
0.17878505915193407,0.8750813272608978
0.17867588407338475,0.874430709173715
0.17869964100518548,0.874430709173715
0.17872340425531916,0.874430709173715
0.1787471738263067,0.874430709173715
0.1787709497206704,0.874430709173715
0.17879473194093387,0.874430709173715
0.17881852048962213,0.874430709173715
0.17884231536926148,0.874430709173715
0.17886611658237955,0.874430709173715
0.1788899241315054,0.874430709173715
0.17891373801916932,0.874430709173715
0.17880442018373052,0.8737800910865322
0.17869507323568576,0.8731294729993494
0.17871887068850711,0.8731294729993494
0.1787426744805541,0.8731294729993494
0.17876648461435993,0.8731294729993494
0.17879030109245936,0.8731294729993494
0.17868087941372418,0.8724788549121666
0.1787046908315565,0.8724788549121666
0.17872850859656136,0.8724788549121666
0.178752332711277,0.8724788549121666
0.1787761631782429,0.8724788549121666
0.1788,0.8724788549121666
0.17882384317909056,0.8724788549121666
0.17884769271805814,0.8724788549121666
0.1788715486194478,0.8724788549121666
0.17889541088580577,0.8724788549121666
0.17891927951967979,0.8724788549121666
0.1789431545236189,0.8724788549121666
0.1789670359001735,0.8724788549121666
0.1788574479444741,0.8718282368249838
0.1788813242557736,0.8718282368249838
0.17890520694259013,0.8718282368249838
0.17879556683135264,0.8711776187378009
0.17881944444444445,0.8711776187378009
0.17884332843595566,0.8711776187378009
0.17886721880844242,0.8711776187378009
0.17889111556446224,0.8711776187378009
0.17891501870657403,0.8711776187378009
0.17893892823733798,0.8711776187378009
0.17896284415931568,0.8711776187378009
0.17898676647507017,0.8711776187378009
0.17887700534759357,0.870527000650618
0.17890092258323306,0.870527000650618
0.17892484621556565,0.870527000650618
0.17894877624715796,0.870527000650618
0.17897271268057785,0.870527000650618
0.17899665551839464,0.870527000650618
0.17902060476317902,0.870527000650618
0.17904456041750302,0.870527000650618
0.17906852248394003,0.870527000650618
0.1790924909650649,0.870527000650618
0.1791164658634538,0.870527000650618
0.1791404471816843,0.870527000650618
0.1791644349223353,0.870527000650618
0.17918842908798716,0.870527000650618
0.17907848915081703,0.8698763825634352
0.17910247823174816,0.8698763825634352
0.1789924973204716,0.8692257644762524
0.17901648130778508,0.8692257644762524
0.17904047172339854,0.8692257644762524
0.1790644685698968,0.8692257644762524
0.17908847184986595,0.8692257644762524
0.17911248156589354,0.8692257644762524
0.17913649772056853,0.8692257644762524
0.17916052031648116,0.8692257644762524
0.1791845493562232,0.8692257644762524
0.17920858484238766,0.8692257644762524
0.1792326267775691,0.8692257644762524
0.17925667516436333,0.8692257644762524
0.17928073000536768,0.8692257644762524
0.17930479130318078,0.8692257644762524
0.1793288590604027,0.8692257644762524
0.17935293327963486,0.8692257644762524
0.17937701396348013,0.8692257644762524
0.17940110111454277,0.8692257644762524
0.17942519473542842,0.8692257644762524
0.1794492948287441,0.8692257644762524
0.17947340139709833,0.8692257644762524
0.17936316001612254,0.8685751463890696
0.1793872614888471,0.8685751463890696
0.17941136943959146,0.8685751463890696
0.17943548387096775,0.8685751463890696
0.17945960478558945,0.8685751463890696
0.17948373218607153,0.8685751463890696
0.17950786607503025,0.8685751463890696
0.17953200645508338,0.8685751463890696
0.17955615332885003,0.8685751463890696
0.17958030669895075,0.8685751463890696
0.17960446656800752,0.8685751463890696
0.1796286329386437,0.8685751463890696
0.17965280581348406,0.8685751463890696
0.17967698519515476,0.8685751463890696
0.17970117108628347,0.8685751463890696
0.1797253634894992,0.8685751463890696
0.17974956240743234,0.8685751463890696
0.1797737678427148,0.8685751463890696
0.1797979797979798,0.8685751463890696
0.17982219827586207,0.8685751463890696
0.17984642327899772,0.8685751463890696
0.17987065481002426,0.8685751463890696
0.17989489287158064,0.8685751463890696
0.17991913746630728,0.8685751463890696
0.17994338859684594,0.8685751463890696
0.17996764626583986,0.8685751463890696
0.17999191047593366,0.8685751463890696
0.18001618122977348,0.8685751463890696
0.18004045853000675,0.8685751463890696
0.18006474237928244,0.8685751463890696
0.1800890327802509,0.8685751463890696
0.18011332973556396,0.8685751463890696
0.18013763324787477,0.8685751463890696
0.18016194331983806,0.8685751463890696
0.18018625995410986,0.8685751463890696
0.18021058315334773,0.8685751463890696
0.1802349129202106,0.8685751463890696
0.1802592492573589,0.8685751463890696
0.18028359216745443,0.8685751463890696
0.18030794165316044,0.8685751463890696
0.1803322977171417,0.8685751463890696
0.1803566603620643,0.8685751463890696
0.18038102959059588,0.8685751463890696
0.1804054054054054,0.8685751463890696
0.1804297878091634,0.8685751463890696
0.18045417680454176,0.8685751463890696
0.18047857239421386,0.8685751463890696
0.1805029745808545,0.8685751463890696
0.18052738336713997,0.8685751463890696
0.1805517987557479,0.8685751463890696
0.1805762207493575,0.8685751463890696
0.18060064935064934,0.8685751463890696
0.1806250845623055,0.8685751463890696
0.18064952638700948,0.8685751463890696
0.18053863851671403,0.8679245283018868
0.1805630752571738,0.8679245283018868
0.18058751861378097,0.8679245283018868
0.18061196858922285,0.8679245283018868
0.18063642518618822,0.8679245283018868
0.18066088840736727,0.8679245283018868
0.1806853582554517,0.8679245283018868
0.18070983473313465,0.8679245283018868
0.1805988348462268,0.867273910214704
0.18062330623306233,0.867273910214704
0.18064778425260875,0.867273910214704
0.18067226890756302,0.867273910214704
0.18069676020062356,0.867273910214704
0.18072125813449025,0.867273910214704
0.1807457627118644,0.867273910214704
0.18063466232709519,0.8666232921275211
0.1805235318052353,0.8659726740403383
0.18054801953336952,0.8659726740403383
0.18057251390584725,0.8659726740403383
0.18059701492537314,0.8659726740403383
0.18062152259465328,0.8659726740403383
0.18064603691639522,0.8659726740403383
0.180670557893308,0.8659726740403383
0.1806950855281021,0.8659726740403383
0.18071961982348947,0.8659726740403383
0.18074416078218358,0.8659726740403383
0.18076870840689938,0.8659726740403383
0.1806574300461831,0.8653220559531555
0.18068197255807636,0.8653220559531555
0.18057065217391305,0.8646714378659727
0.18059518956379944,0.8646714378659727
0.1806197336232672,0.8646714378659727
0.18064428435503602,0.8646714378659727
0.18066884176182707,0.8646714378659727
0.180693405846363,0.8646714378659727
0.18071797661136796,0.8646714378659727
0.18074255405956752,0.8646714378659727
0.18076713819368878,0.8646714378659727
0.18079172901646035,0.8646714378659727
0.18081632653061225,0.8646714378659727
0.18084093073887603,0.8646714378659727
0.18086554164398475,0.8646714378659727
0.18089015924867294,0.8646714378659727
0.18091478355567656,0.8646714378659727
0.18093941456773316,0.8646714378659727
0.1809640522875817,0.8646714378659727
0.1809886967179627,0.8646714378659727
0.1810133478616181,0.8646714378659727
0.1810380057212914,0.8646714378659727
0.18106267029972753,0.8646714378659727
0.181087341599673,0.8646714378659727
0.18111201962387571,0.8646714378659727
0.1811367043750852,0.8646714378659727
0.18116139585605234,0.8646714378659727
0.18118609406952965,0.8646714378659727
0.18121079901827106,0.8646714378659727
0.18109914087003956,0.8640208197787899
0.18112384069830878,0.8640208197787899
0.18114854726503887,0.8640208197787899
0.18117326057298772,0.8640208197787899
0.1811979806249147,0.8640208197787899
0.1812227074235808,0.8640208197787899
0.18124744097174833,0.8640208197787899
0.18127218127218128,0.8640208197787899
0.18129692832764505,0.8640208197787899
0.1813216821409066,0.8640208197787899
0.1813464427147344,0.8640208197787899
0.181234635345534,0.863370201691607
0.18125939079360742,0.863370201691607
0.1812841530054645,0.863370201691607
0.18130892198387757,0.863370201691607
0.18133369773162067,0.863370201691607
0.1813584802514692,0.863370201691607
0.1813832695462001,0.863370201691607
0.18140806561859193,0.863370201691607
0.18143286847142467,0.863370201691607
0.18145767810747984,0.863370201691607
0.1814824945295405,0.863370201691607
0.1815073177403912,0.863370201691607
0.18153214774281806,0.863370201691607
0.1815569845396087,0.863370201691607
0.18158182813355228,0.863370201691607
0.18160667852743945,0.863370201691607
0.1816315357240624,0.863370201691607
0.18165639972621492,0.863370201691607
0.18168127053669222,0.863370201691607
0.1815692181295358,0.8627195836044242
0.18159408381265407,0.8627195836044242
0.18161895630735517,0.8627195836044242
0.18164383561643835,0.8627195836044242
0.18153171667351692,0.8620689655172413
0.18155659084680734,0.8620689655172413
0.18158147183774154,0.8620689655172413
0.1816063596491228,0.8620689655172413
0.181631254283756,0.8620689655172413
0.1816561557444475,0.8620689655172413
0.1815439462498286,0.8614183474300585
0.18156884256719694,0.8614183474300585
0.18159374571389383,0.8614183474300585
0.18161865569272978,0.8614183474300585
0.18164357250651667,0.8614183474300585
0.18166849615806804,0.8614183474300585
0.181693426650199,0.8614183474300585
0.18171836398572605,0.8614183474300585
0.1817433081674674,0.8614183474300585
0.18176825919824272,0.8614183474300585
0.18179321708087326,0.8614183474300585
0.18181818181818182,0.8614183474300585
0.18184315341299273,0.8614183474300585
0.18186813186813186,0.8614183474300585
0.1818931171864267,0.8614183474300585
0.18178070898598517,0.8607677293428757
0.1818056891576199,0.8607677293428757
0.18183067619571194,0.8607677293428757
0.18185567010309278,0.8607677293428757
0.18188067088259555,0.8607677293428757
0.1817681836931115,0.8601171112556929
0.1817931793179318,0.8601171112556929
0.18181818181818182,0.8601171112556929
0.18184319119669876,0.8601171112556929
0.18173063695143762,0.8594664931685101
0.18175564116675838,0.8594664931685101
0.18178065226365764,0.8594664931685101
0.1818056702449766,0.8594664931685101
0.18183069511355815,0.8594664931685101
0.1818557268722467,0.8594664931685101
0.1818807655238882,0.8594664931685101
0.18190581107133022,0.8594664931685101
0.18193086351742185,0.8594664931685101
0.18195592286501377,0.8594664931685101
0.18198098911695826,0.8594664931685101
0.18200606227610913,0.8594664931685101
0.18203114234532175,0.8594664931685101
0.18205622932745313,0.8594664931685101
0.18208132322536183,0.8594664931685101
0.1821064240419079,0.8594664931685101
0.18213153177995312,0.8594664931685101
0.18201875344732488,0.8588158750813273
0.18204385601985934,0.8588158750813273
0.1820689655172414,0.8588158750813273
0.18209408194233687,0.8588158750813273
0.18211920529801323,0.8588158750813273
0.1821443355871395,0.8588158750813273
0.18216947281258625,0.8588158750813273
0.18219461697722567,0.8588158750813273
0.18221976808393153,0.8588158750813273
0.1822449261355792,0.8588158750813273
0.18227009113504558,0.8588158750813273
0.1822952630852092,0.8588158750813273
0.18232044198895028,0.8588158750813273
0.18234562784915043,0.8588158750813273
0.182370820668693,0.8588158750813273
0.1823960204504629,0.8588158750813273
0.18228302929795467,0.8581652569941445
0.1823082239115411,0.8581652569941445
0.1823334254907382,0.8581652569941445
0.18235863403843494,0.8581652569941445
0.18224557522123894,0.8575146389069617
0.18227077859217258,0.8575146389069617
0.18229598893499308,0.8575146389069617
0.1823212062525937,0.8575146389069617
0.1823464305478694,0.8575146389069617
0.18223329182233292,0.8568640208197787
0.18225851093274287,0.8568640208197787
0.18228373702422146,0.8568640208197787
0.18230897009966776,0.8568640208197787
0.18233421016198256,0.8568640208197787
0.18235945721406813,0.8568640208197787
0.1823847112588284,0.8568640208197787
0.18240997229916897,0.8568640208197787
0.18243524033799696,0.8568640208197787
0.1824605153782211,0.8568640208197787
0.18248579742275184,0.8568640208197787
0.18251108647450112,0.8568640208197787
0.18253638253638255,0.8568640208197787
0.18256168561131134,0.8568640208197787
0.18258699570220435,0.8568640208197787
0.18261231281198004,0.8568640208197787
0.18263763694355845,0.8568640208197787
0.1826629680998613,0.8568640208197787
0.1826883062838119,0.8568640208197787
0.18271365149833518,0.8568640208197787
0.1827390037463577,0.8568640208197787
0.18276436303080765,0.8568640208197787
0.18278972935461485,0.8568640208197787
0.18267629094947252,0.8562134027325959
0.1827016520894072,0.8562134027325959
0.18272702027214663,0.8562134027325959
0.18275239550062491,0.8562134027325959
0.1827777777777778,0.8562134027325959
0.18280316710654257,0.8562134027325959
0.1828285634898583,0.8562134027325959
0.18285396693066555,0.8562134027325959
0.1828793774319066,0.8562134027325959
0.18290479499652537,0.8562134027325959
0.18293021962746733,0.8562134027325959
0.18295565132767969,0.8562134027325959
0.18298109010011124,0.8562134027325959
0.1830065359477124,0.8562134027325959
0.18303198887343533,0.8562134027325959
0.1830574488802337,0.8562134027325959
0.18308291597106288,0.8562134027325959
0.18310839014887992,0.8562134027325959
0.18313387141664347,0.8562134027325959
0.18315935977731385,0.8562134027325959
0.183184855233853,0.8562134027325959
0.18307114019212029,0.8555627846454131
0.1830966304650515,0.8555627846454131
0.18312212783734855,0.8555627846454131
0.18314763231197773,0.8555627846454131
0.18317314389190695,0.8555627846454131
0.1831986625801059,0.8555627846454131
0.18322418837954577,0.8555627846454131
0.18324972129319955,0.8555627846454131
0.18327526132404182,0.8555627846454131
0.1833008084750488,0.8555627846454131
0.1833263627491984,0.8555627846454131
0.18335192414947016,0.8555627846454131
0.18337749267884534,0.8555627846454131
0.18340306834030684,0.8555627846454131
0.18342865113683918,0.8555627846454131
0.18345424107142858,0.8555627846454131
0.18347983814706292,0.8555627846454131
0.1835054423667318,0.8555627846454131
0.18353105373342637,0.8555627846454131
0.18355667225013958,0.8555627846454131
0.18358229791986597,0.8555627846454131
0.18360793074560178,0.8555627846454131
0.18363357073034492,0.8555627846454131
0.18365921787709497,0.8555627846454131
0.18368487218885318,0.8555627846454131
0.18371053366862253,0.8555627846454131
0.18359647897163617,0.8549121665582303
0.18362213527110116,0.8549121665582303
0.18350803633822502,0.8542615484710475
0.18353368744758178,0.8542615484710475
0.18355934572906474,0.8542615484710475
0.18358501118568232,0.8542615484710475
0.18361068382044468,0.8542615484710475
0.18363636363636363,0.8542615484710475
0.18366205063645266,0.8542615484710475
0.1836877448237269,0.8542615484710475
0.1837134462012033,0.8542615484710475
0.18359921634480827,0.8536109303838647
0.18362491252624213,0.8536109303838647
0.18365061590145576,0.8536109303838647
0.18367632647347054,0.8536109303838647
0.18370204424530945,0.8536109303838647
0.18358773281053073,0.8529603122966819
0.18347338935574228,0.852309694209499
0.1834990895083345,0.852309694209499
0.18338470159708603,0.8516590761223162
0.18341039652515062,0.8516590761223162
0.18343609865470853,0.8516590761223162
0.18346180798878767,0.8516590761223162
0.18348752453041772,0.8516590761223162
0.18351324828263002,0.8516590761223162
0.18353897924845766,0.8516590761223162
0.18356471743093536,0.8516590761223162
0.18359046283309957,0.8516590761223162
0.1836162154579885,0.8516590761223162
0.18364197530864199,0.8516590761223162
0.18366774238810157,0.8516590761223162
0.18369351669941061,0.8516590761223162
0.18371929824561403,0.8516590761223162
0.18374508702975856,0.8516590761223162
0.18377088305489261,0.8516590761223162
0.18379668632406626,0.8516590761223162
0.18382249684033142,0.8516590761223162
0.18370786516853932,0.8510084580351334
0.18373367045933417,0.8510084580351334
0.18375948300084294,0.8510084580351334
0.18378530279612196,0.8510084580351334
0.18381112984822934,0.8510084580351334
0.1836964160224877,0.8503578399479506
0.18372223784087716,0.8503578399479506
0.18374806691972445,0.8503578399479506
0.18377390326209223,0.8503578399479506
0.18379974687104486,0.8503578399479506
0.18382559774964838,0.8503578399479506
0.1838514559009706,0.8503578399479506
0.18387732132808104,0.8503578399479506
0.18390319403405095,0.8503578399479506
0.18392907402195327,0.8503578399479506
0.18395496129486277,0.8503578399479506
0.18398085585585586,0.8503578399479506
0.1840067577080107,0.8503578399479506
0.18403266685440722,0.8503578399479506
0.18405858329812702,0.8503578399479506
0.18408450704225351,0.8503578399479506
0.18411043808987182,0.8503578399479506
0.18399549168779938,0.8497072218607677
0.18402141750035225,0.8497072218607677
0.18390642615558062,0.8490566037735849
0.18379140239605357,0.8484059856864021
0.1838173104031576,0.8484059856864021
0.18384322571549416,0.8484059856864021
0.18386914833615342,0.8484059856864021
0.18389507826822732,0.8484059856864021
0.18392101551480958,0.8484059856864021
0.18394696007899564,0.8484059856864021
0.18397291196388263,0.8484059856864021
0.1839988711725695,0.8484059856864021
0.18402483770815692,0.8484059856864021
0.18405081157374736,0.8484059856864021
0.18407679277244496,0.8484059856864021
0.18410278130735563,0.8484059856864021
0.18412877718158713,0.8484059856864021
0.18415478039824884,0.8484059856864021
0.18418079096045198,0.8484059856864021
0.1842068088713095,0.8484059856864021
0.18423283413393615,0.8484059856864021
0.18425886675144834,0.8484059856864021
0.18428490672696438,0.8484059856864021
0.18431095406360423,0.8484059856864021
0.1843370087644897,0.8484059856864021
0.18422168810971298,0.8477553675992192
0.1842477375565611,0.8477553675992192
0.18427379437137603,0.8477553675992192
0.1842998585572843,0.8477553675992192
0.18432593011741405,0.8477553675992192
0.1843520090548953,0.8477553675992192
0.18437809537285976,0.8477553675992192
0.18440418907444098,0.8477553675992192
0.18443029016277424,0.8477553675992192
0.1844563986409966,0.8477553675992192
0.18434093161546086,0.8471047495120364
0.18436703483432457,0.8471047495120364
0.18439314544682056,0.8471047495120364
0.18441926345609067,0.8471047495120364
0.18444538886527836,0.8471047495120364
0.18447152167752903,0.8471047495120364
0.1844976618959898,0.8471047495120364
0.18452380952380953,0.8471047495120364
0.1845499645641389,0.8471047495120364
0.18457612702013043,0.8471047495120364
0.18460229689493832,0.8471047495120364
0.18462847419171866,0.8471047495120364
0.1845128350588569,0.8464541314248536
0.1845390070921986,0.8464541314248536
0.18456518655128387,0.8464541314248536
0.18459137343927357,0.8464541314248536
0.18447566340286647,0.8458035133376708
0.18435992052228214,0.845152895250488
0.1843860894251242,0.845152895250488
0.184412265758092,0.845152895250488
0.18443844952435043,0.845152895250488
0.18446464072706617,0.845152895250488
0.18449083936940774,0.845152895250488
0.18451704545454545,0.845152895250488
0.18454325898565138,0.845152895250488
0.1845694799658994,0.845152895250488
0.18459570839846526,0.845152895250488
0.18462194428652642,0.845152895250488
0.18464818763326227,0.845152895250488
0.18467443844185386,0.845152895250488
0.18470069671548414,0.845152895250488
0.18472696245733788,0.845152895250488
0.18475323567060162,0.845152895250488
0.18463726884779516,0.8445022771633052
0.18466353677621283,0.8445022771633052
0.18468981217985203,0.8445022771633052
0.184573786822257,0.8438516590761224
0.18460005693139767,0.8438516590761224
0.18462633451957294,0.8438516590761224
0.18465261958997722,0.8438516590761224
0.18467891214580665,0.8438516590761224
0.18470521219025918,0.8438516590761224
0.18473151972653468,0.8438516590761224
0.18461538461538463,0.8432010409889394
0.18464168684997864,0.8432010409889394
0.1846679965802223,0.8432010409889394
0.18469431380932022,0.8432010409889394
0.1847206385404789,0.8432010409889394
0.18474697077690663,0.8432010409889394
0.1847733105218135,0.8432010409889394
0.1847996577784115,0.8432010409889394
0.18482601254991443,0.8432010409889394
0.18485237483953787,0.8432010409889394
0.18487874465049928,0.8432010409889394
0.18476244828078187,0.8425504229017566
0.18478881278538814,0.8425504229017566
0.1848151848151848,0.8425504229017566
0.18484156437339425,0.8425504229017566
0.18486795146324053,0.8425504229017566
0.18489434608794975,0.8425504229017566
0.18492074825074967,0.8425504229017566
0.18494715795487005,0.8425504229017566
0.18497357520354235,0.8425504229017566
0.18485714285714286,0.8418998048145738
0.18488355479354193,0.8418998048145738
0.18490997427836525,0.8418998048145738
0.18493640131484923,0.8418998048145738
0.18496283590623214,0.8418998048145738
0.1849892780557541,0.8418998048145738
0.18501572776665715,0.8418998048145738
0.18504218504218503,0.8418998048145738
0.18506864988558352,0.8418998048145738
0.18509512230010014,0.8418998048145738
0.18512160228898425,0.8418998048145738
0.18500500786950924,0.841249186727391
0.1850314825414997,0.841249186727391
0.18505796479175612,0.841249186727391
0.1850844546235328,0.841249186727391
0.1851109520400859,0.841249186727391
0.1849942726231386,0.8405985686402082
0.18502076471430617,0.8405985686402082
0.1850472643941564,0.8405985686402082
0.18507377166595043,0.8405985686402082
0.1851002865329513,0.8405985686402082
0.18512680899842385,0.8405985686402082
0.18515333906563486,0.8405985686402082
0.18517987673785294,0.8405985686402082
0.18520642201834864,0.8405985686402082
0.18523297491039425,0.8405985686402082
0.18525953541726412,0.8405985686402082
0.18528610354223432,0.8405985686402082
0.18531267928858292,0.8405985686402082
0.18533926265958972,0.8405985686402082
0.18536585365853658,0.8405985686402082
0.18539245228870713,0.8405985686402082
0.18541905855338692,0.8405985686402082
0.18544567245586335,0.8405985686402082
0.18532873959230547,0.8399479505530254
0.1853553481694185,0.8399479505530254
0.18538196438828258,0.8399479505530254
0.18540858825219014,0.8399479505530254
0.1854352197644355,0.8399479505530254
0.1854618589283149,0.8399479505530254
0.1853448275862069,0.8392973324658426
0.18537146141687025,0.8392973324658426
0.18539810290313308,0.8392973324658426
0.18528101193042978,0.8386467143786597
0.18530764807360553,0.8386467143786597
0.18533429187634795,0.8386467143786597
0.18536094334196146,0.8386467143786597
0.18538760247375233,0.8386467143786597
0.18541426927502877,0.8386467143786597
0.18544094374910086,0.8386467143786597
0.18546762589928056,0.8386467143786597
0.18549431572888186,0.8386467143786597
0.18537708693149108,0.8379960962914769
0.18540377141212033,0.8379960962914769
0.18543046357615894,0.8379960962914769
0.18545716342692584,0.8379960962914769
0.18548387096774194,0.8379960962914769
0.18551058620193,0.8379960962914769
0.18553730913281474,0.8379960962914769
0.1855640397637228,0.8379960962914769
0.18559077809798272,0.8379960962914769
0.185473411154345,0.8373454782042941
0.18550014413375612,0.8373454782042941
0.1855268848205276,0.8373454782042941
0.18540945790080737,0.8366948601171112
0.18543619322278299,0.8366948601171112
0.18546293625612922,0.8366948601171112
0.1854896870041829,0.8366948601171112
0.18551644547028276,0.8366948601171112
0.18554321165776944,0.8366948601171112
0.18556998556998558,0.8366948601171112
0.18559676721027565,0.8366948601171112
0.18562355658198615,0.8366948601171112
0.1856503536884654,0.8366948601171112
0.18567715853306382,0.8366948601171112
0.1857039711191336,0.8366948601171112
0.18573079145002888,0.8366948601171112
0.18575761952910588,0.8366948601171112
0.18563998844264665,0.8360442420299284
0.18566681115445746,0.8360442420299284
0.1856936416184971,0.8360442420299284
0.1857204798381269,0.8360442420299284
0.18574732581671002,0.8360442420299284
0.1857741795576117,0.8360442420299284
0.18580104106419895,0.8360442420299284
0.18582791033984092,0.8360442420299284
0.1858547873879086,0.8360442420299284
0.18588167221177493,0.8360442420299284
0.1857638888888889,0.8353936239427456
0.185790768340327,0.8353936239427456
0.18581765557163532,0.8353936239427456
0.18584455058619193,0.8353936239427456
0.18587145338737696,0.8353936239427456
0.18589836397857246,0.8353936239427456
0.1857804807413843,0.8347430058555628
0.18580738595220855,0.8347430058555628
0.1858342989571263,0.8347430058555628
0.18586121975952485,0.8347430058555628
0.18588814836279338,0.8347430058555628
0.18591508477032315,0.8347430058555628
0.18579710144927536,0.8340923877683799
0.1858240324684737,0.8340923877683799
0.18585097129602784,0.8340923877683799
0.1858779179353342,0.8340923877683799
0.18590487238979117,0.8340923877683799
0.18593183466279914,0.8340923877683799
0.18581375108790252,0.8334417696811971
0.18569563325112434,0.8327911515940143
0.1857225769007545,0.8327911515940143
0.18574952837033812,0.8327911515940143
0.18577648766328012,0.8327911515940143
0.18580345478298738,0.8327911515940143
0.18583042973286876,0.8327911515940143
0.1858574125163351,0.8327911515940143
0.1858844031367993,0.8327911515940143
0.1859114015976761,0.8327911515940143
0.18593840790238234,0.8327911515940143
0.18582013656835683,0.8321405335068315
0.1858471374600407,0.8321405335068315
0.1858741461996803,0.8321405335068315
0.18590116279069768,0.8321405335068315
0.18592818723651694,0.8321405335068315
0.18595521954056413,0.8321405335068315
0.18598225970626728,0.8321405335068315
0.18600930773705643,0.8321405335068315
0.18603636363636364,0.8321405335068315
0.18606342740762294,0.8321405335068315
0.18609049905427033,0.8321405335068315
0.1861175785797439,0.8321405335068315
0.18614466598748364,0.8321405335068315
0.18617176128093157,0.8321405335068315
0.18619886446353182,0.8321405335068315
0.18622597553873035,0.8321405335068315
0.18625309450997524,0.8321405335068315
0.18628022138071657,0.8321405335068315
0.1863073561544064,0.8321405335068315
0.18633449883449885,0.8321405335068315
0.18636164942444994,0.8321405335068315
0.18638880792771786,0.8321405335068315
0.18641597434776272,0.8321405335068315
0.18629737609329447,0.8314899154196487
0.1863245371045342,0.8314899154196487
0.18635170603674542,0.8314899154196487
0.1863788828933936,0.8314899154196487
0.18640606767794632,0.8314899154196487
0.1864332603938731,0.8314899154196487
0.18646046104464548,0.8314899154196487
0.18648766963373706,0.8314899154196487
0.18636894337419732,0.8308392973324659
0.1863961465479492,0.8308392973324659
0.18642335766423357,0.8308392973324659
0.18645057672652943,0.8308392973324659
0.18647780373831777,0.8308392973324659
0.18650503870308163,0.8308392973324659
0.18653228162430616,0.8308392973324659
0.18655953250547846,0.8308392973324659
0.1864406779661017,0.8301886792452831
0.1863217886891714,0.8295380611581002
0.18634902075416546,0.8295380611581002
0.18637626078058764,0.8295380611581002
0.18640350877192982,0.8295380611581002
0.1862845445240532,0.8288874430709173
0.18631178707224336,0.8288874430709173
0.1863390375895861,0.8288874430709173
0.1863662960795787,0.8288874430709173
0.18639356254572056,0.8288874430709173
0.18642083699151302,0.8288874430709173
0.18644811942045952,0.8288874430709173
0.18632903981264637,0.8282368249837345
0.1863563167910994,0.8282368249837345
0.18638360175695462,0.8282368249837345
0.1864108947137209,0.8282368249837345
0.18643819566490918,0.8282368249837345
0.18631902739124065,0.8275862068965517
0.18634632288309405,0.8275862068965517
0.18637362637362637,0.8275862068965517
0.18640093786635403,0.8275862068965517
0.18642825736479554,0.8275862068965517
0.1864555848724714,0.8275862068965517
0.18648292039290426,0.8275862068965517
0.18651026392961878,0.8275862068965517
0.18639096641736325,0.8269355888093689
0.1864183044881197,0.8269355888093689
0.18644565057943377,0.8269355888093689
0.1864730046948357,0.8269355888093689
0.18650036683785767,0.8269355888093689
0.18652773701203404,0.8269355888093689
0.1865551152209012,0.8269355888093689
0.18658250146799765,0.8269355888093689
0.1866098957568639,0.8269355888093689
0.1866372980910426,0.8269355888093689
0.18666470847407843,0.8269355888093689
0.18669212690951822,0.8269355888093689
0.18671955340091081,0.8269355888093689
0.18674698795180722,0.8269355888093689
0.18677443056576046,0.8269355888093689
0.18680188124632569,0.8269355888093689
0.1868293399970601,0.8269355888093689
0.18685680682152309,0.8269355888093689
0.18688428172327598,0.8269355888093689
0.18691176470588236,0.8269355888093689
0.1869392557729078,0.8269355888093689
0.18696675492791998,0.8269355888093689
0.18699426217448875,0.8269355888093689
0.18702177751618598,0.8269355888093689
0.18704930095658573,0.8269355888093689
0.18707683249926405,0.8269355888093689
0.1871043721477992,0.8269355888093689
0.1871319199057715,0.8269355888093689
0.18715947577676337,0.8269355888093689
0.18718703976435935,0.8269355888093689
0.18706731477389896,0.8262849707221861
0.18709487330583383,0.8262849707221861
0.18712243995874467,0.8262849707221861
0.18715001473622164,0.8262849707221861
0.18703021370670597,0.8256343526350033
0.1870577830188679,0.8256343526350033
0.18708536045997345,0.8256343526350033
0.1871129460336184,0.8256343526350033
0.18714053974340067,0.8256343526350033
0.18716814159292036,0.8256343526350033
0.1871957515857796,0.8256343526350033
0.18722336972558276,0.8256343526350033
0.18725099601593626,0.8256343526350033
0.18727863046044865,0.8256343526350033
0.18730627306273062,0.8256343526350033
0.18733392382639505,0.8256343526350033
0.18736158275505685,0.8256343526350033
0.18738924985233313,0.8256343526350033
0.18741692512184316,0.8256343526350033
0.18744460856720827,0.8256343526350033
0.187472300192052,0.8256343526350033
0.1875,0.8256343526350033
0.18752770799468008,0.8256343526350033
0.18755542417972215,0.8256343526350033
0.18743532889874354,0.8249837345478205
0.18746303962152572,0.8249837345478205
0.18749075853910988,0.8249837345478205
0.18751848565513163,0.8249837345478205
0.18754622097322882,0.8249837345478205
0.18757396449704142,0.8249837345478205
0.18760171623021157,0.8249837345478205
0.18762947617638354,0.8249837345478205
0.187509249667012,0.8243331164606376
0.18738898756660746,0.8236824983734548
0.18741672834937084,0.8236824983734548
0.18744447734675748,0.8236824983734548
0.1874722345624167,0.8236824983734548
0.1875,0.8236824983734548
0.18737964745963562,0.8230318802862719
0.1874074074074074,0.8230318802862719
0.18743517558156764,0.8230318802862719
0.1873147599288678,0.8223812621990891
0.1873425226026382,0.8223812621990891
0.18737029350726356,0.8223812621990891
0.18724981467753893,0.8217306441119063
0.18727758007117437,0.8217306441119063
0.18730535370013346,0.8217306441119063
0.18733313556808068,0.8217306441119063
0.18736092567868268,0.8217306441119063
0.1873887240356083,0.8217306441119063
0.18741653064252856,0.8217306441119063
0.18744434550311664,0.8217306441119063
0.18747216862104796,0.8217306441119063
0.1875,0.8217306441119063
0.18737936154417223,0.8210800260247235
0.1874071874071874,0.8210800260247235
0.1874350215357196,0.8210800260247235
0.18746286393345216,0.8210800260247235
0.1874907146040707,0.8210800260247235
0.187518573551263,0.8210800260247235
0.18739783028681825,0.8204294079375407
0.1874256837098692,0.8204294079375407
0.18745354541400328,0.8204294079375407
0.18748141540291408,0.8204294079375407
0.1875092936802974,0.8204294079375407
0.18753718024985128,0.8204294079375407
0.18741633199464525,0.8197787898503578
0.1872954477833978,0.819128171763175
0.18732331498288946,0.819128171763175
0.18720238095238095,0.8184775536759922
0.18723024259562435,0.8184775536759922
0.18725811253349212,0.8184775536759922
0.18728599076968885,0.8184775536759922
0.18731387730792137,0.8184775536759922
0.18734177215189873,0.8184775536759922
0.18736967530533213,0.8184775536759922
0.18739758677193505,0.8184775536759922
0.18742550655542312,0.8184775536759922
0.18745343465951422,0.8184775536759922
0.18748137108792848,0.8184775536759922
0.18750931584438812,0.8184775536759922
0.18753726893261777,0.8184775536759922
0.18756523035634412,0.8184775536759922
0.18759320011929614,0.8184775536759922
0.18762117822520508,0.8184775536759922
0.1876491646778043,0.8184775536759922
0.18767715948082947,0.8184775536759922
0.1877051626380185,0.8184775536759922
0.18773317415311147,0.8184775536759922
0.18776119402985075,0.8184775536759922
0.1877892222719809,0.8184775536759922
0.18766796058524932,0.8178269355888094
0.18769598327609377,0.8178269355888094
0.18772401433691757,0.8178269355888094
0.18775205377147125,0.8178269355888094
0.1877801015835076,0.8178269355888094
0.18780815777678173,0.8178269355888094
0.18783622235505082,0.8178269355888094
0.18786429532207444,0.8178269355888094
0.18789237668161435,0.8178269355888094
0.1879204664374346,0.8178269355888094
0.18794856459330145,0.8178269355888094
0.1879766711529834,0.8178269355888094
0.18800478612025126,0.8178269355888094
0.18803290949887808,0.8178269355888094
0.18806104129263915,0.8178269355888094
0.1879395481071375,0.8171763175016266
0.1879676743489973,0.8171763175016266
0.18799580901062715,0.8171763175016266
0.18787425149700598,0.8165256994144438
0.1879023805958976,0.8165256994144438
0.18778077268643306,0.8158750813272609
0.18780889621087316,0.8158750813272609
0.1876872378669862,0.815224463240078
0.18771535580524346,0.815224463240078
0.18774348216961342,0.815224463240078
0.1877716169638843,0.815224463240078
0.18779976019184652,0.815224463240078
0.18782791185729275,0.815224463240078
0.18770614692653673,0.8145738451528952
0.1877342929974509,0.8145738451528952
0.1877624475104979,0.8145738451528952
0.18779061046947654,0.8145738451528952
0.18781878187818782,0.8145738451528952
0.18769692423105777,0.8139232270657124
0.1877250900360144,0.8139232270657124
0.18775326429536246,0.8139232270657124
0.18763134193935754,0.8132726089785296
0.1876595105839964,0.8132726089785296
0.18768768768768768,0.8132726089785296
0.18771587325424238,0.8132726089785296
0.18774406728747373,0.8132726089785296
0.18777226979119724,0.8132726089785296
0.18780048076923078,0.8132726089785296
0.18782870022539444,0.8132726089785296
0.18785692816351068,0.8132726089785296
0.18788516458740417,0.8132726089785296
0.187913409500902,0.8132726089785296
0.1879416629078334,0.8132726089785296
0.18781954887218044,0.8126219908913468
0.18784779666115206,0.8126219908913468
0.1878760529482551,0.8126219908913468
0.1879043177373251,0.8126219908913468
0.1879325910321998,0.8126219908913468
0.18796087283671933,0.8126219908913468
0.18798916315472608,0.8126219908913468
0.18801746199006472,0.8126219908913468
0.18804576934658235,0.8126219908913468
0.1880740852281283,0.8126219908913468
0.1881024096385542,0.8126219908913468
0.1881307425817141,0.8126219908913468
0.1881590840614643,0.8126219908913468
0.1881874340816634,0.8126219908913468
0.18806509945750452,0.811971372804164
0.18794272795779954,0.8113207547169812
0.18797105818510704,0.8113207547169812
0.18799939695462084,0.8113207547169812
0.18802774427020508,0.8113207547169812
0.18805610013572613,0.8113207547169812
0.1880844645550528,0.8113207547169812
0.18811283753205613,0.8113207547169812
0.18814121907060954,0.8113207547169812
0.1881696091745888,0.8113207547169812
0.18819800784787202,0.8113207547169812
0.18822641509433963,0.8113207547169812
0.1882548309178744,0.8113207547169812
0.18828325532236148,0.8113207547169812
0.18831168831168832,0.8113207547169812
0.18834012988974475,0.8113207547169812
0.18836858006042295,0.8113207547169812
0.18839703882761746,0.8113207547169812
0.18842550619522513,0.8113207547169812
0.18845398216714523,0.8113207547169812
0.1884824667472793,0.8113207547169812
0.18851095993953138,0.8113207547169812
0.18853946174780767,0.8113207547169812
0.18856797217601692,0.8113207547169812
0.18859649122807018,0.8113207547169812
0.1886250189078808,0.8113207547169812
0.1886535552193646,0.8113207547169812
0.18868210016643971,0.8113207547169812
0.18871065375302665,0.8113207547169812
0.18873921598304827,0.8113207547169812
0.18876778686042991,0.8113207547169812
0.18879636638909916,0.8113207547169812
0.18882495457298606,0.8113207547169812
0.18885355141602303,0.8113207547169812
0.1888821569221448,0.8113207547169812
0.1889107710952886,0.8113207547169812
0.18893939393939393,0.8113207547169812
0.1889680254584028,0.8113207547169812
0.18899666565625947,0.8113207547169812
0.1890253145369107,0.8113207547169812
0.18905397210430563,0.8113207547169812
0.18908263836239575,0.8113207547169812
0.18895966029723993,0.8106701366297983
0.18898832094645837,0.8106701366297983
0.18901699029126215,0.8106701366297983
0.18904566833560915,0.8106701366297983
0.1890743550834598,0.8106701366297983
0.18910305053877674,0.8106701366297983
0.1891317547055252,0.8106701366297983
0.1891604675876727,0.8106701366297983
0.1891891891891892,0.8106701366297983
0.18921791951404707,0.8106701366297983
0.18924665856622114,0.8106701366297983
0.1892754063496886,0.8106701366297983
0.18930416286842905,0.8106701366297983
0.18933292812642455,0.8106701366297983
0.18936170212765957,0.8106701366297983
0.18923848609211127,0.8100195185426154
0.1892672544846458,0.8100195185426154
0.1892960316253611,0.8100195185426154
0.18932481751824817,0.8100195185426154
0.18935361216730037,0.8100195185426154
0.18938241557651353,0.8100195185426154
0.1894112277498859,0.8100195185426154
0.18944004869141814,0.8100195185426154
0.18946887840511337,0.8100195185426154
0.18949771689497716,0.8100195185426154
0.1895265641650175,0.8100195185426154
0.18940316686967112,0.8093689004554326
0.1894320085274859,0.8093689004554326
0.18946085897045387,0.8093689004554326
0.18933739527798935,0.8087182823682498
0.18936624009750153,0.8087182823682498
0.18939509370714613,0.8087182823682498
0.1894239561109418,0.8087182823682498
0.1894528273129096,0.8087182823682498
0.18948170731707317,0.8087182823682498
0.18951059612745846,0.8087182823682498
0.18953949374809392,0.8087182823682498
0.18956840018301052,0.8087182823682498
0.18959731543624161,0.8087182823682498
0.18962623951182303,0.8087182823682498
0.18950259383582546,0.808067664281067
0.18953151228444987,0.808067664281067
0.1894078144078144,0.8074170461938842
0.18928407876660053,0.8067664281067014
0.18931297709923664,0.8067664281067014
0.1893418842571385,0.8067664281067014
0.1892180818570556,0.8061158100195186
0.1892469833511532,0.8061158100195186
0.18927589367552705,0.8061158100195186
0.1893048128342246,0.8061158100195186
0.18933374083129584,0.8061158100195186
0.1893626776707932,0.8061158100195186
0.18939162335677162,0.8061158100195186
0.18926769607093716,0.8054651919323357
0.18914373088685016,0.8048145738451529
0.18917265636947544,0.8048145738451529
0.18920159070052003,0.8048145738451529
0.18923053388404468,0.8048145738451529
0.18910648714810283,0.8041639557579701
0.1891354246365723,0.8041639557579701
0.1891643709825528,0.8041639557579701
0.18919332619011173,0.8041639557579701
0.18906919779546846,0.8035133376707873
0.1890981472975042,0.8035133376707873
0.1891271056661562,0.8035133376707873
0.18915607290549855,0.8035133376707873
0.18918504901960784,0.8035133376707873
0.1892140340125632,0.8035133376707873
0.1892430278884462,0.8035133376707873
0.189272030651341,0.8035133376707873
0.18930104230533415,0.8035133376707873
0.18933006285451479,0.8035133376707873
0.18935909230297454,0.8035133376707873
0.18938813065480756,0.8035133376707873
0.18941717791411042,0.8035133376707873
0.18944623408498235,0.8035133376707873
0.189475299171525,0.8035133376707873
0.18950437317784258,0.8035133376707873
0.18953345610804173,0.8035133376707873
0.18956254796623176,0.8035133376707873
0.1895916487565244,0.8035133376707873
0.18962075848303392,0.8035133376707873
0.18964987714987716,0.8035133376707873
0.1896790047611734,0.8035133376707873
0.18970814132104455,0.8035133376707873
0.189737286833615,0.8035133376707873
0.18976644130301168,0.8035133376707873
0.18964192408175812,0.8028627195836044
0.18967107285582538,0.8028627195836044
0.1895465026902383,0.8022121014964216
0.18957564575645758,0.8022121014964216
0.1896047977856374,0.8022121014964216
0.18963395878191325,0.8022121014964216
0.18966312874942318,0.8022121014964216
0.1896923076923077,0.8022121014964216
0.18972149561470997,0.8022121014964216
0.18975069252077562,0.8022121014964216
0.18977989841465293,0.8022121014964216
0.1898091133004926,0.8022121014964216
0.18983833718244802,0.8022121014964216
0.18986757006467508,0.8022121014964216
0.18974279993839518,0.8015614834092388
0.1897720271102896,0.8015614834092388
0.18980126328762903,0.8015614834092388
0.18983050847457628,0.8015614834092388
0.18985976267529667,0.8015614834092388
0.18988902589395806,0.8015614834092388
0.189918298134731,0.8015614834092388
0.18994757940178847,0.8015614834092388
0.18997686969930608,0.8015614834092388
0.19000616903146206,0.8015614834092388
0.18988122782662348,0.8009108653220559
0.18991052144399875,0.8009108653220559
0.18993982410121896,0.8009108653220559
0.18996913580246913,0.8009108653220559
0.18999845655193703,0.8009108653220559
0.1900277863538129,0.8009108653220559
0.18990273274664196,0.8002602472348731
0.18993205682520073,0.8002602472348731
0.18996138996138995,0.8002602472348731
0.18999073215940684,0.8002602472348731
0.19002008342345125,0.8002602472348731
0.1900494437577256,0.8002602472348731
0.19007881316643485,0.8002602472348731
0.1901081916537867,0.8002602472348731
0.19013757922399135,0.8002602472348731
0.1901669758812616,0.8002602472348731
0.1900417504252358,0.7996096291476903
0.19007114135477884,0.7996096291476903
0.19010054137664348,0.7996096291476903
0.1901299504950495,0.7996096291476903
0.1901593687142194,0.7996096291476903
0.1901887960383782,0.7996096291476903
0.1902182324717536,0.7996096291476903
0.19024767801857584,0.7996096291476903
0.1901223099551014,0.7989590110605075
0.19015174976772994,0.7989590110605075
0.19002632801610655,0.7983083929733247
0.19005576208178437,0.7983083929733247
0.1900852052672347,0.7983083929733247
0.19011465757669663,0.7983083929733247
0.18998915233224856,0.7976577748861419
0.19001859888406697,0.7976577748861419
0.1900480545651837,0.7976577748861419
0.19007751937984496,0.7976577748861419
0.1899519305318654,0.7970071567989591
0.18998138957816377,0.7970071567989591
0.19001085776330076,0.7970071567989591
0.19004033509152962,0.7970071567989591
0.19006982156710628,0.7970071567989591
0.19009931719428927,0.7970071567989591
0.19012882197733974,0.7970071567989591
0.1901583359205216,0.7970071567989591
0.19018785902810123,0.7970071567989591
0.19021739130434784,0.7970071567989591
0.19009162913495883,0.7963565387117761
0.19012115563839702,0.7963565387117761
0.19015069131583034,0.7963565387117761
0.19018023617153512,0.7963565387117761
0.1902097902097902,0.7963565387117761
0.1900839291265154,0.7957059206245933
0.1901134773822478,0.7957059206245933
0.19014303482587064,0.7957059206245933
0.19017260146167003,0.7957059206245933
0.19020217729393468,0.7957059206245933
0.190231762326956,0.7957059206245933
0.190261356565028,0.7957059206245933
0.1902909600124475,0.7957059206245933
0.19032057267351385,0.7957059206245933
0.1903501945525292,0.7957059206245933
0.19037982565379827,0.7957059206245933
0.1902537754943173,0.7950553025374105
0.19012768607910308,0.7944046844502277
0.19000155738981467,0.7937540663630449
0.19003115264797507,0.7937540663630449
0.19006075712727838,0.7937540663630449
0.1900903708320349,0.7937540663630449
0.19011999376655758,0.7937540663630449
0.1901496259351621,0.7937540663630449
0.1901792673421668,0.7937540663630449
0.19020891799189274,0.7937540663630449
0.19023857788866366,0.7937540663630449
0.19026824703680598,0.7937540663630449
0.19029792544064889,0.7937540663630449
0.19032761310452417,0.7937540663630449
0.19035731003276643,0.7937540663630449
0.19038701622971285,0.7937540663630449
0.19041673169970344,0.7937540663630449
0.19029035279425538,0.7931034482758621
0.1901639344262295,0.7924528301886793
0.1900374765771393,0.7918022121014964
0.19006715602061533,0.7918022121014964
0.19009684473601998,0.7918022121014964
0.1901265427276988,0.7918022121014964
0.19015625,0.7918022121014964
0.19018596655727457,0.7918022121014964
0.1902156924038762,0.7918022121014964
0.19024542754416132,0.7918022121014964
0.19027517198248906,0.7918022121014964
0.19030492572322127,0.7918022121014964
0.19033468877072254,0.7918022121014964
0.19036446112936023,0.7918022121014964
0.1903942428035044,0.7918022121014964
0.1904240337975278,0.7918022121014964
0.19045383411580594,0.7918022121014964
0.19048364376271718,0.7918022121014964
0.19051346274264244,0.7918022121014964
0.19054329105996556,0.7918022121014964
0.19041653617287818,0.7911515940143136
0.1904463586530932,0.7911515940143136
0.19047619047619047,0.7911515940143136
0.19050603164656119,0.7911515940143136
0.19053588216859918,0.7911515940143136
0.19040902679830748,0.7905009759271308
0.19043887147335423,0.7905009759271308
0.19046872550556512,0.7905009759271308
0.1904985888993415,0.7905009759271308
0.19052846165908735,0.7905009759271308
0.19055834378920952,0.7905009759271308
0.19058823529411764,0.7905009759271308
0.19061813617822404,0.7905009759271308
0.19064804644594383,0.7905009759271308
0.1906779661016949,0.7905009759271308
0.19070789514989797,0.7905009759271308
0.19073783359497645,0.7905009759271308
0.19076778144135656,0.7905009759271308
0.19079773869346733,0.7905009759271308
0.19082770535574053,0.7905009759271308
0.19085768143261075,0.7905009759271308
0.19088766692851533,0.7905009759271308
0.1909176618478944,0.7905009759271308
0.19094766619519093,0.7905009759271308
0.19097767997485068,0.7905009759271308
0.19100770319132213,0.7905009759271308
0.19103773584905662,0.7905009759271308
0.19106777795250826,0.7905009759271308
0.191097829506134,0.7905009759271308
0.19112789051439358,0.7905009759271308
0.19115796098174953,0.7905009759271308
0.1911880409126672,0.7905009759271308
0.19121813031161472,0.7905009759271308
0.1912482291830631,0.7905009759271308
0.19127833753148615,0.7905009759271308
0.1911509998425445,0.789850357839948
0.19118110236220473,0.789850357839948
0.19121121436446684,0.789850357839948
0.19124133585381223,0.789850357839948
0.19127146683472507,0.789850357839948
0.1913016073116924,0.789850357839948
0.19117415287628053,0.7891997397527651
0.19120428751576293,0.7891997397527651
0.19123443165694468,0.7891997397527651
0.19126458530432042,0.7891997397527651
0.19129474846238764,0.7891997397527651
0.1913249211356467,0.7891997397527651
0.19135510332860073,0.7891997397527651
0.19138529504575577,0.7891997397527651
0.19141549629162063,0.7891997397527651
0.19144570707070707,0.7891997397527651
0.1914759273875296,0.7891997397527651
0.1915061572466056,0.7891997397527651
0.1915363966524554,0.7891997397527651
0.19156664560960202,0.7891997397527651
0.19159690412257147,0.7891997397527651
0.19162717219589256,0.7891997397527651
0.19165744983409702,0.7891997397527651
0.19168773704171935,0.7891997397527651
0.19171803382329697,0.7891997397527651
0.19174834018337023,0.7891997397527651
0.1917786561264822,0.7891997397527651
0.191808981657179,0.7891997397527651
0.19183931678000948,0.7891997397527651
0.19186966149952547,0.7891997397527651
0.19174181300427148,0.7885491216655823
0.19177215189873417,0.7885491216655823
0.1918025003956322,0.7885491216655823
0.19183285849952517,0.7885491216655823
0.19186322621497545,0.7885491216655823
0.19173527549081698,0.7878985035783995
0.1916072842438638,0.7872478854912166
0.1916376306620209,0.7872478854912166
0.19166798669412324,0.7872478854912166
0.19169835234474017,0.7872478854912166
0.19172872761844398,0.7872478854912166
0.19175911251980982,0.7872478854912166
0.19178950705341574,0.7872478854912166
0.19181991122384273,0.7872478854912166
0.19185032503567465,0.7872478854912166
0.19188074849349826,0.7872478854912166
0.19191118160190326,0.7872478854912166
0.19194162436548223,0.7872478854912166
0.19197207678883071,0.7872478854912166
0.19200253887654714,0.7872478854912166
0.19203301063323283,0.7872478854912166
0.19206349206349208,0.7872478854912166
0.19209398317193205,0.7872478854912166
0.1921244839631629,0.7872478854912166
0.19215499444179768,0.7872478854912166
0.19218551461245234,0.7872478854912166
0.19221604447974583,0.7872478854912166
0.19224658404829997,0.7872478854912166
0.1921182266009852,0.7865972674040338
0.1921487603305785,0.7865972674040338
0.1921793037672866,0.7865972674040338
0.19220985691573927,0.7865972674040338
0.19208141198918746,0.785946649316851
0.1921119592875318,0.785946649316851
0.1921425163034834,0.785946649316851
0.19217308304167993,0.785946649316851
0.19220365950676213,0.785946649316851
0.19223424570337364,0.785946649316851
0.19226484163616106,0.785946649316851
0.19229544730977396,0.785946649316851
0.19232606272886482,0.785946649316851
0.19219745222929938,0.7852960312296682
0.1922280617932792,0.7852960312296682
0.1922586811086333,0.7852960312296682
0.1922893101800223,0.7852960312296682
0.19231994901210964,0.7852960312296682
0.19235059760956175,0.7852960312296682
0.19238125597704814,0.7852960312296682
0.19241192411924118,0.7852960312296682
0.1924426020408163,0.7852960312296682
0.19247328974645192,0.7852960312296682
0.19250398724082934,0.7852960312296682
0.19253469452863295,0.7852960312296682
0.19240587109125717,0.7846454131424854
0.19243657252273816,0.7846454131424854
0.19246728375359082,0.7846454131424854
0.1924980047885076,0.7846454131424854
0.1925287356321839,0.7846454131424854
0.19255947628931822,0.7846454131424854
0.19243053337591823,0.7839947950553026
0.19246126816802428,0.7839947950553026
0.19249201277955272,0.7839947950553026
0.1925227672152101,0.7839947950553026
0.19255353147970597,0.7839947950553026
0.1925843055777529,0.7839947950553026
0.1926150895140665,0.7839947950553026
0.1926458832933653,0.7839947950553026
0.19267668692037096,0.7839947950553026
0.19270750039980808,0.7839947950553026
0.19273832373640434,0.7839947950553026
0.1927691569348904,0.7839947950553026
0.1928,0.7839947950553026
0.19267082733237317,0.7833441769681198
0.19270166453265045,0.7833441769681198
0.19273251160557067,0.7833441769681198
0.19276336855587575,0.7833441769681198
0.19279423538831064,0.7833441769681198
0.19282511210762332,0.7833441769681198
0.19269581931763574,0.7826935588809368
0.19272669016340915,0.7826935588809368
0.19275757090209902,0.7826935588809368
0.19278846153846155,0.7826935588809368
0.19281936207725597,0.7826935588809368
0.19285027252324463,0.7826935588809368
0.19288119288119288,0.7826935588809368
0.1927517639512508,0.782042940793754
0.19278267842822774,0.782042940793754
0.19281360282322746,0.782042940793754
0.1928445371410236,0.782042940793754
0.19287548138639282,0.782042940793754
0.1929064355641149,0.782042940793754
0.19293739967897272,0.782042940793754
0.19296837373575212,0.782042940793754
0.19299935773924212,0.782042940793754
0.1930303516942348,0.782042940793754
0.1930613556055252,0.782042940793754
0.19309236947791164,0.782042940793754
0.19312339331619538,0.782042940793754
0.19315442712518077,0.782042940793754
0.19318547090967533,0.782042940793754
0.19321652467448963,0.782042940793754
0.1932475884244373,0.782042940793754
0.1932786621643351,0.782042940793754
0.1933097458990029,0.782042940793754
0.19334083963326362,0.782042940793754
0.19337194337194338,0.782042940793754
0.1932421560740145,0.7813923227065712
0.1931123270035404,0.7807417046193884
0.19314340898116852,0.7807417046193884
0.1931745009658725,0.7807417046193884
0.1932056029624859,0.7807417046193884
0.1932367149758454,0.7807417046193884
0.19326783701079078,0.7807417046193884
0.19329896907216496,0.7807417046193884
0.1933301111648139,0.7807417046193884
0.19336126329358685,0.7807417046193884
0.19339242546333602,0.7807417046193884
0.19342359767891681,0.7807417046193884
0.1932935676285668,0.7800910865322056
0.19332473395678812,0.7800910865322056
0.1933559103370424,0.7800910865322056
0.1932258064516129,0.7794404684450228
0.1932569769317632,0.7794404684450228
0.19328815747015166,0.7794404684450228
0.19331934807164758,0.7794404684450228
0.1933505487411233,0.7794404684450228
0.19322033898305085,0.77878985035784
0.19325153374233128,0.77878985035784
0.1932827385758114,0.77878985035784
0.1933139534883721,0.77878985035784
0.19334517848489743,0.77878985035784
0.19337641357027463,0.77878985035784
0.19324608175795766,0.7781392322706572
0.19327731092436976,0.7781392322706572
0.19330855018587362,0.7781392322706572
0.19333979954736502,0.7781392322706572
0.19337105901374294,0.7781392322706572
0.19340232858990944,0.7781392322706572
0.19343360828076986,0.7781392322706572
0.1934648980912326,0.7781392322706572
0.19349619802620935,0.7781392322706572
0.1935275080906149,0.7781392322706572
0.1935588282893672,0.7781392322706572
0.19359015862738752,0.7781392322706572
0.19345960822405697,0.7774886141834743
0.19349093264248704,0.7774886141834743
0.19352226720647772,0.7774886141834743
0.19355361192095885,0.7774886141834743
0.19358496679086343,0.7774886141834743
0.19361633182112767,0.7774886141834743
0.19364770701669098,0.7774886141834743
0.19367909238249595,0.7774886141834743
0.1937104879234884,0.7774886141834743
0.19374189364461739,0.7774886141834743
0.19377330955083508,0.7774886141834743
0.193804735647097,0.7774886141834743
0.19383617193836172,0.7774886141834743
0.1938676184295912,0.7774886141834743
0.19389907512575044,0.7774886141834743
0.19393054203180785,0.7774886141834743
0.19396201915273495,0.7774886141834743
0.1939935064935065,0.7774886141834743
0.1940250040591005,0.7774886141834743
0.1940565118544982,0.7774886141834743
0.1940880298846841,0.7774886141834743
0.19411955815464588,0.7774886141834743
0.1941510966693745,0.7774886141834743
0.19418264543386415,0.7774886141834743
0.1942142044531123,0.7774886141834743
0.19424577373211963,0.7774886141834743
0.19411477808486424,0.7768379960962914
0.19414634146341464,0.7768379960962914
0.19401528703854284,0.7761873780091086
0.19404684450227716,0.7761873780091086
0.1940784122336099,0.7761873780091086
0.19410999023755288,0.7761873780091086
0.19414157851912123,0.7761873780091086
0.19417317708333334,0.7761873780091086
0.19420478593521082,0.7761873780091086
0.19423640507977857,0.7761873780091086
0.19426803452206481,0.7761873780091086
0.19429967426710099,0.7761873780091086
0.1943313243199218,0.7761873780091086
0.19436298468556534,0.7761873780091086
0.1942317093042203,0.7755367599219258
0.19426336375488917,0.7755367599219258
0.1942950285248574,0.7755367599219258
0.19432670361917184,0.7755367599219258
0.19435838904288277,0.7755367599219258
0.1943900848010437,0.7755367599219258
0.19442179089871148,0.7755367599219258
0.19429037520391518,0.774886141834743
0.1943220753793441,0.774886141834743
0.19435378590078328,0.774886141834743
0.19438550677329852,0.774886141834743
0.19441723800195887,0.774886141834743
0.19444897959183674,0.774886141834743
0.19448073154800785,0.774886141834743
0.19434917524089498,0.7742355237475602
0.19438092126755963,0.7742355237475602
0.19424930566900833,0.7735849056603774
0.194281045751634,0.7735849056603774
0.1943127962085308,0.7735849056603774
0.19434455704478587,0.7735849056603774
0.19437632826548962,0.7735849056603774
0.19440810987573579,0.7735849056603774
0.19427636958299263,0.7729342875731945
0.1943081452404318,0.7729342875731945
0.19433993129396368,0.7729342875731945
0.1943717277486911,0.7729342875731945
0.1942398952708231,0.7722836694860117
0.19427168576104747,0.7722836694860117
0.19430348665902766,0.7722836694860117
0.1943352979698756,0.7722836694860117
0.1943671196987064,0.7722836694860117
0.1943989518506387,0.7722836694860117
0.19443079443079442,0.7722836694860117
0.1944626474442988,0.7722836694860117
0.19449451089628053,0.7722836694860117
0.1945263847918715,0.7722836694860117
0.1945582691362072,0.7722836694860117
0.19459016393442624,0.7722836694860117
0.19462206919167077,0.7722836694860117
0.19465398491308625,0.7722836694860117
0.19468591110382155,0.7722836694860117
0.19471784776902887,0.7722836694860117
0.19474979491386382,0.7722836694860117
0.1947817525434854,0.7722836694860117
0.19481372066305597,0.7722836694860117
0.1948456992777413,0.7722836694860117
0.19487768839271055,0.7722836694860117
0.1949096880131363,0.7722836694860117
0.19494169814419446,0.7722836694860117
0.1949737187910644,0.7722836694860117
0.19500574995892886,0.7722836694860117
0.19503779165297405,0.7722836694860117
0.1950698438783895,0.7722836694860117
0.19510190664036817,0.7722836694860117
0.19513397994410653,0.7722836694860117
0.19516606379480433,0.7722836694860117
0.1950337115605986,0.7716330513988289
0.19506578947368422,0.7716330513988289
0.19509787794045072,0.7716330513988289
0.19512997696610726,0.7716330513988289
0.1951620865558664,0.7716330513988289
0.19502962475312705,0.7709824333116461
0.19506172839506172,0.7709824333116461
0.1950938426078367,0.7709824333116461
0.1951259673966738,0.7709824333116461
0.19515810276679843,0.7709824333116461
0.1951902487234393,0.7709824333116461
0.19522240527182866,0.7709824333116461
0.19525457241720218,0.7709824333116461
0.19528675016479893,0.7709824333116461
0.19531893851986154,0.7709824333116461
0.195351137487636,0.7709824333116461
0.1953833470733718,0.7709824333116461
0.1954155672823219,0.7709824333116461
0.1954477981197427,0.7709824333116461
0.1954800395908941,0.7709824333116461
0.19551229170103943,0.7709824333116461
0.19554455445544555,0.7709824333116461
0.19557682785938274,0.7709824333116461
0.1956091119181248,0.7709824333116461
0.19564140663694898,0.7709824333116461
0.19567371202113606,0.7709824333116461
0.19570602807597026,0.7709824333116461
0.19573835480673935,0.7709824333116461
0.1957706922187345,0.7709824333116461
0.1958030403172505,0.7709824333116461
0.19583539910758552,0.7709824333116461
0.19586776859504132,0.7709824333116461
0.19590014878492312,0.7709824333116461
0.19593253968253968,0.7709824333116461
0.19596494129320324,0.7709824333116461
0.1958319550115779,0.7703318152244633
0.19586435070306038,0.7703318152244633
0.19589675711449372,0.7703318152244633
0.19592917425119974,0.7703318152244633
0.1959616021185038,0.7703318152244633
0.19599404072173482,0.7703318152244633
0.19586092715231787,0.7696811971372804
0.19589335982778605,0.7696811971372804
0.19592580324610798,0.7696811971372804
0.19595825741262216,0.7696811971372804
0.19582504970178927,0.7690305790500976
0.19585749792874896,0.7690305790500976
0.19588995691083858,0.7690305790500976
0.19592242665340626,0.7690305790500976
0.19595490716180372,0.7690305790500976
0.19598739844138618,0.7690305790500976
0.19601990049751244,0.7690305790500976
0.19605241333554488,0.7690305790500976
0.19591904445919045,0.7683799609629147
0.1959515513522482,0.7683799609629147
0.19581812147361433,0.7677293428757319
0.195850622406639,0.7677293428757319
0.19588313413014607,0.7677293428757319
0.19591565664951022,0.7677293428757319
0.1959481899701096,0.7677293428757319
0.19598073409732603,0.7677293428757319
0.19601328903654486,0.7677293428757319
0.196045854793155,0.7677293428757319
0.1959122632103689,0.7670787247885491
0.19594482300149577,0.7670787247885491
0.19597739361702127,0.7670787247885491
0.19600997506234413,0.7670787247885491
0.19604256734286665,0.7670787247885491
0.19607517046399467,0.7670787247885491
0.19610778443113772,0.7670787247885491
0.19614040924970888,0.7670787247885491
0.1961730449251248,0.7670787247885491
0.19620569146280578,0.7670787247885491
0.19607190412782957,0.7664281067013663
0.19610454469785252,0.7664281067013663
0.19613719613719613,0.7664281067013663
0.1961698584512906,0.7664281067013663
0.1962025316455696,0.7664281067013663
0.1962352157254706,0.7664281067013663
0.19610129956681105,0.7657774886141835
0.19613397767038826,0.7657774886141835
0.19616666666666666,0.7657774886141835
0.19619936656109352,0.7657774886141835
0.1962320773591197,0.7657774886141835
0.19626479906619976,0.7657774886141835
0.19629753168779185,0.7657774886141835
0.1963302752293578,0.7657774886141835
0.19636302969636302,0.7657774886141835
0.19639579509427665,0.7657774886141835
0.19642857142857142,0.7657774886141835
0.19646135870472375,0.7657774886141835
0.1963272120200334,0.7651268705270007
0.19635999332108867,0.7651268705270007
0.1963927855711423,0.7651268705270007
0.19642558877568064,0.7651268705270007
0.1964584029401938,0.7651268705270007
0.19649122807017544,0.7651268705270007
0.196524064171123,0.7651268705270007
0.19655691124853752,0.7651268705270007
0.19642260113674356,0.7644762524398179
0.1962882461126902,0.763825634352635
0.19632107023411371,0.763825634352635
0.19618665328650275,0.7631750162654521
0.19621947139511542,0.7631750162654521
0.19625230048519324,0.7631750162654521
0.196285140562249,0.7631750162654521
0.19615062761506277,0.7625243981782693
0.19601606963508536,0.7618737800910865
0.19588146659969866,0.7612231620039037
0.19591426657736102,0.7612231620039037
0.19594707754145035,0.7612231620039037
0.19597989949748743,0.7612231620039037
0.1958452002010387,0.7605725439167209
0.1958780160857909,0.7605725439167209
0.1959108429696665,0.7605725439167209
0.19594368085819644,0.7605725439167209
0.19597652975691535,0.7605725439167209
0.1960093896713615,0.7605725439167209
0.19587455978534296,0.7599219258295381
0.19590741361959074,0.7599219258295381
0.19577252138902868,0.7592713077423552
0.19580536912751678,0.7592713077423552
0.19583822789058566,0.7592713077423552
0.1958710976837865,0.7592713077423552
0.19590397851267416,0.7592713077423552
0.19593687038280724,0.7592713077423552
0.1959697732997481,0.7592713077423552
0.1960026872690628,0.7592713077423552
0.1960356122963212,0.7592713077423552
0.19606854838709678,0.7592713077423552
0.1961014955469669,0.7592713077423552
0.19613445378151262,0.7592713077423552
0.19599932761808708,0.7586206896551724
0.19603227975790183,0.7586206896551724
0.19589709097023708,0.7579700715679896
0.19593003699966363,0.7579700715679896
0.19596299411269974,0.7579700715679896
0.19599596231493943,0.7579700715679896
0.19602894161198048,0.7579700715679896
0.1958936385055537,0.7573194534808068
0.1959266116815351,0.7573194534808068
0.19595959595959597,0.7573194534808068
0.19599259134534433,0.7573194534808068
0.19602559784439205,0.7573194534808068
0.19605861546235473,0.7573194534808068
0.19609164420485176,0.7573194534808068
0.19612468407750633,0.7573194534808068
0.1961577350859454,0.7573194534808068
0.19619079723579977,0.7573194534808068
0.196223870532704,0.7573194534808068
0.19625695498229642,0.7573194534808068
0.19629005059021923,0.7573194534808068
0.1963231573621184,0.7573194534808068
0.19635627530364372,0.7573194534808068
0.1963894044204488,0.7573194534808068
0.196422544718191,0.7573194534808068
0.19645569620253164,0.7573194534808068
0.19648885887913572,0.7573194534808068
0.19652203275367214,0.7573194534808068
0.19655521783181357,0.7573194534808068
0.1965884141192366,0.7573194534808068
0.1966216216216216,0.7573194534808068
0.1966548403446528,0.7573194534808068
0.19668807029401825,0.7573194534808068
0.19655230691228665,0.756668835393624
0.19658553076402974,0.756668835393624
0.19661876584953508,0.756668835393624
0.19665201217450118,0.756668835393624
0.19668526974463046,0.756668835393624
0.19654939106901217,0.7560182173064411
0.19658264253087465,0.7560182173064411
0.19661590524534686,0.7560182173064411
0.19664917921814182,0.7560182173064411
0.1966824644549763,0.7560182173064411
0.196715760961571,0.7560182173064411
0.19674906874365053,0.7560182173064411
0.19678238780694327,0.7560182173064411
0.19681571815718157,0.7560182173064411
0.19684905980010164,0.7560182173064411
0.19688241274144358,0.7560182173064411
0.19691577698695137,0.7560182173064411
0.19694915254237289,0.7560182173064411
0.19698253941345992,0.7560182173064411
0.1970159376059681,0.7560182173064411
0.1970493471256571,0.7560182173064411
0.19691316146540028,0.7553675992192583
0.1969465648854962,0.7553675992192583
0.1969799796403122,0.7553675992192583
0.19701340573561854,0.7553675992192583
0.19687712152070605,0.7547169811320755
0.19691054150398912,0.7547169811320755
0.1967741935483871,0.7540663630448926
0.1968076074036339,0.7540663630448926
0.19684103260869565,0.7540663630448926
0.19687446916935622,0.7540663630448926
0.19690791709140332,0.7540663630448926
0.1967714528462192,0.7534157449577098
0.19663494221617947,0.752765126870527
0.19666836647968725,0.752765126870527
0.1967018021081265,0.752765126870527
0.19673524910729467,0.752765126870527
0.1967687074829932,0.752765126870527
0.1968021772410274,0.752765126870527
0.19683565838720654,0.752765126870527
0.1968691509273439,0.752765126870527
0.19690265486725664,0.752765126870527
0.19693617021276597,0.752765126870527
0.19696969696969696,0.752765126870527
0.19700323514387877,0.752765126870527
0.19703678474114442,0.752765126870527
0.19707034576733096,0.752765126870527
0.19710391822827938,0.752765126870527
0.1969671153518487,0.7521145087833442
0.19683026584867075,0.7514638906961614
0.19686381455599114,0.7514638906961614
0.19689737470167065,0.7514638906961614
0.1969309462915601,0.7514638906961614
0.19696452933151432,0.7514638906961614
0.19699812382739212,0.7514638906961614
0.1970317297850563,0.7514638906961614
0.19706534721037366,0.7514638906961614
0.197098976109215,0.7514638906961614
0.1971326164874552,0.7514638906961614
0.19716626835097303,0.7514638906961614
0.19702919583404474,0.7508132726089786
0.19706284153005466,0.7508132726089786
0.19709649871904356,0.7508132726089786
0.19713016740690126,0.7508132726089786
0.1971638475995216,0.7508132726089786
0.19719753930280245,0.7508132726089786
0.1972312425226457,0.7508132726089786
0.19709401709401708,0.7501626545217958
0.1971277141391691,0.7501626545217958
0.19699042407660738,0.7495120364346128
0.1970241149307337,0.7495120364346128
0.19705781731098188,0.7495120364346128
0.19709153122326775,0.7495120364346128
0.1971252566735113,0.7495120364346128
0.19715899366763648,0.7495120364346128
0.19719274221157138,0.7495120364346128
0.19722650231124808,0.7495120364346128
0.19726027397260273,0.7495120364346128
0.1972940572015756,0.7495120364346128
0.197327852004111,0.7495120364346128
0.19736165838615727,0.7495120364346128
0.1973954763536669,0.7495120364346128
0.19742930591259641,0.7495120364346128
0.19746314706890641,0.7495120364346128
0.19749699982856164,0.7495120364346128
0.19753086419753085,0.7495120364346128
0.197564740181787,0.7495120364346128
0.19759862778730702,0.7495120364346128
0.19763252702007206,0.7495120364346128
0.19766643788606725,0.7495120364346128
0.19770036039128197,0.7495120364346128
0.19773429454170957,0.7495120364346128
0.19776824034334764,0.7495120364346128
0.1978021978021978,0.7495120364346128
0.19783616692426584,0.7495120364346128
0.19787014771556166,0.7495120364346128
0.1979041401820993,0.7495120364346128
0.1979381443298969,0.7495120364346128
0.1979721601649768,0.7495120364346128
0.19800618769336542,0.7495120364346128
0.19804022692109335,0.7495120364346128
0.19807427785419532,0.7495120364346128
0.19810834049871023,0.7495120364346128
0.19814241486068113,0.7495120364346128
0.19817650094615516,0.7495120364346128
0.19821059876118377,0.7495120364346128
0.1982447083118224,0.7495120364346128
0.19827882960413082,0.7495120364346128
0.19831296264417284,0.7495120364346128
0.19834710743801653,0.7495120364346128
0.19820905803340796,0.74886141834743
0.19824319669307613,0.74886141834743
0.1982773471145564,0.74886141834743
0.19831150930392832,0.74886141834743
0.19834568326727556,0.74886141834743
0.19837986901068597,0.74886141834743
0.19841406654025168,0.74886141834743
0.19844827586206898,0.74886141834743
0.19848249698223833,0.74886141834743
0.19851672990686445,0.74886141834743
0.19855097464205623,0.74886141834743
0.19858523119392685,0.74886141834743
0.19861949956859362,0.74886141834743
0.1986537797721781,0.74886141834743
0.19868807181080614,0.74886141834743
0.19872237569060774,0.74886141834743
0.19875669141771715,0.74886141834743
0.19861830742659758,0.7482108002602472
0.19865261703230264,0.7482108002602472
0.1986869384934347,0.7482108002602472
0.19872127181613963,0.7482108002602472
0.19875561700656758,0.7482108002602472
0.19878997407087295,0.7482108002602472
0.19882434301521437,0.7482108002602472
0.1986858032163237,0.7475601821730644
0.1987201660325147,0.7475601821730644
0.19858156028368795,0.7469095640858816
0.19844290657439445,0.7462589459986988
0.19847724519813117,0.7462589459986988
0.1985115957078574,0.7462589459986988
0.19854595810974554,0.7462589459986988
0.1985803324099723,0.7462589459986988
0.1986147186147186,0.7462589459986988
0.19864911673016972,0.7462589459986988
0.1985103065996882,0.745608327911516
0.19854469854469856,0.745608327911516
0.1985791024085947,0.745608327911516
0.19844020797227035,0.7449577098243331
0.1984746056508927,0.7449577098243331
0.19850901525658807,0.7449577098243331
0.19854343679556094,0.7449577098243331
0.19857787027402013,0.7449577098243331
0.19861231569817867,0.7449577098243331
0.198646773074254,0.7449577098243331
0.19868124240846782,0.7449577098243331
0.19871572370704615,0.7449577098243331
0.19875021697621942,0.7449577098243331
0.1987847222222222,0.7449577098243331
0.19881923945129362,0.7449577098243331
0.19885376866967697,0.7449577098243331
0.19888830988361994,0.7449577098243331
0.19874913134120917,0.7443070917371503
0.19860990443092963,0.7436564736499675
0.1986444212721585,0.7436564736499675
0.19867895011298453,0.7436564736499675
0.1987134909596662,0.7436564736499675
0.19874804381846636,0.7436564736499675
0.19878260869565217,0.7436564736499675
0.19881718559749523,0.7436564736499675
0.1988517745302714,0.7436564736499675
0.198886375500261,0.7436564736499675
0.1989209885137487,0.7436564736499675
0.19878154917319407,0.7430058555627846
0.19881615598885793,0.7430058555627846
0.19885077485634686,0.7430058555627846
0.1988854057819575,0.7430058555627846
0.198745863090054,0.7423552374756018
0.19878048780487806,0.7423552374756018
0.19881512458616485,0.7423552374756018
0.1988497734402231,0.7423552374756018
0.19888443437336586,0.7423552374756018
0.19891910739191074,0.7423552374756018
0.1987794245858762,0.741704619388419
0.1988140913847227,0.741704619388419
0.1988487702773417,0.741704619388419
0.19888346127006282,0.741704619388419
0.19891816436922002,0.741704619388419
0.19895287958115182,0.741704619388419
0.19898760691220108,0.741704619388419
0.19902234636871508,0.741704619388419
0.19905709795704557,0.741704619388419
0.19909186168354873,0.741704619388419
0.19912663755458515,0.741704619388419
0.19916142557651992,0.741704619388419
0.19919622575572252,0.741704619388419
0.19923103809856693,0.741704619388419
0.19926586261143156,0.741704619388419
0.1993006993006993,0.741704619388419
0.19933554817275748,0.741704619388419
0.1993704092339979,0.741704619388419
0.19940528249081685,0.741704619388419
0.1994401679496151,0.741704619388419
0.1994750656167979,0.741704619388419
0.19950997549877494,0.741704619388419
0.19936985821809908,0.7410540013012362
0.19940476190476192,0.7410540013012362
0.19943967781474348,0.7410540013012362
0.19947460595446584,0.7410540013012362
0.19950954633035559,0.7410540013012362
0.19954449894884374,0.7410540013012362
0.19957946381636588,0.7410540013012362
0.19961444093936206,0.7410540013012362
0.19947414548641543,0.7404033832140533
0.19933380084151472,0.7397527651268705
0.19936875328774328,0.7397527651268705
0.19940371799368642,0.7397527651268705
0.19943869496579547,0.7397527651268705
0.1994736842105263,0.7397527651268705
0.19950868573433936,0.7397527651268705
0.19936819936819936,0.7391021470396877
0.19940319466385817,0.7391021470396877
0.199438202247191,0.7391021470396877
0.19947322212467075,0.7391021470396877
0.19950825430277486,0.7391021470396877
0.19954329878798524,0.7391021470396877
0.19957835558678846,0.7391021470396877
0.19961342470567564,0.7391021470396877
0.19964850615114235,0.7391021470396877
0.19950782211284937,0.7384515289525049
0.19936708860759494,0.7378009108653221
0.1994021452435379,0.7378009108653221
0.1994372142103412,0.7378009108653221
0.19947229551451187,0.7378009108653221
0.19950738916256158,0.7378009108653221
0.19936653176139363,0.7371502927781393
0.19940161914818727,0.7371502927781393
0.1994367188875198,0.7371502927781393
0.1994718309859155,0.7371502927781393
0.19933086811058284,0.7364996746909565
0.19936597393448396,0.7364996746909565
0.19940109212612295,0.7364996746909565
0.19943622269203665,0.7364996746909565
0.19947136563876652,0.7364996746909565
0.19950652097285865,0.7364996746909565
0.19954168870086375,0.7364996746909565
0.1995768688293371,0.7364996746909565
0.19961206136483867,0.7364996746909565
0.19964726631393298,0.7364996746909565
0.19950608572940554,0.7358490566037735
0.19954128440366972,0.7358490566037735
0.19957649550026468,0.7358490566037735
0.19961171902576774,0.7358490566037735
0.1994704324801412,0.7351984385165907
0.1995056497175141,0.7351984385165907
0.1995408793925481,0.7351984385165907
0.19957612151183327,0.7351984385165907
0.1996113760819643,0.7351984385165907
0.19964664310954064,0.7351984385165907
0.1996819226011663,0.7351984385165907
0.19971721456344999,0.7351984385165907
0.1997525190030051,0.7351984385165907
0.19978783592644977,0.7351984385165907
0.19982316534040673,0.7351984385165907
0.19985850725150336,0.7351984385165907
0.19989386166637182,0.7351984385165907
0.19992922859164897,0.7351984385165907
0.19996460803397628,0.7351984385165907
0.2,0.7351984385165907
0.20003540449637103,0.7351984385165907
0.20007082152974504,0.7351984385165907
0.20010625110678237,0.7351984385165907
0.20014169323414807,0.7351984385165907
0.20017714791851196,0.7351984385165907
0.20021261516654854,0.7351984385165907
0.2002480949849371,0.7351984385165907
0.20028358738036156,0.7351984385165907
0.2001418188264492,0.7345478204294079
0.200177304964539,0.7345478204294079
0.20021280368859726,0.7345478204294079
0.20024831500532103,0.7345478204294079
0.2002838389214121,0.7345478204294079
0.200319375443577,0.7345478204294079
0.20035492457852705,0.7345478204294079
0.20039048633297835,0.7345478204294079
0.20042606071365168,0.7345478204294079
0.20046164772727273,0.7345478204294079
0.20049724738057184,0.7345478204294079
0.2005328596802842,0.7345478204294079
0.20039083318529047,0.7338972023422251
0.20042643923240938,0.7338972023422251
0.20046205793495647,0.7338972023422251
0.20049768929968007,0.7338972023422251
0.20053333333333334,0.7338972023422251
0.20039118065433856,0.7332465842550423
0.20042681842432866,0.7332465842550423
0.20046246887228744,0.7332465842550423
0.20049813200498132,0.7332465842550423
0.20053380782918148,0.7332465842550423
0.200569496351664,0.7332465842550423
0.2006051975792097,0.7332465842550423
0.20046288054121417,0.7325959661678595
0.2004985754985755,0.7325959661678595
0.20035618878005343,0.7319453480806767
0.20021375133594585,0.7312947299934938
0.20007126313914128,0.730644111906311
0.20010691375623663,0.730644111906311
0.20014257708073427,0.730644111906311
0.20017825311942958,0.730644111906311
0.20021394187912284,0.730644111906311
0.20007132667617689,0.7299934938191281
0.20010700909577314,0.7299934938191281
0.2001427042454513,0.7299934938191281
0.20017841213202497,0.7299934938191281
0.20021413276231265,0.7299934938191281
0.20007139032661075,0.7293428757319453
0.20010710460549805,0.7293428757319453
0.20014283163720764,0.7293428757319453
0.20017857142857143,0.7293428757319453
0.20021432398642613,0.7293428757319453
0.20025008931761343,0.7293428757319453
0.20010720028586743,0.7286922576447625
0.20014295925661185,0.7286922576447625
0.20017873100983022,0.7286922576447625
0.20021451555237754,0.7286922576447625
0.2002503128911139,0.7286922576447625
0.20028612303290416,0.7286922576447625
0.20014308710427473,0.7280416395575797
0.2001788908765653,0.7280416395575797
0.20021470746108427,0.7280416395575797
0.2002505368647101,0.7280416395575797
0.2001073921603723,0.7273910214703969
0.19996419620479772,0.7267404033832141
0.2,0.7267404033832141
0.20003581661891118,0.7267404033832141
0.20007164606842198,0.7267404033832141
0.20010748835542816,0.7267404033832141
0.20014334348683033,0.7267404033832141
0.2,0.7260897852960312
0.20003584871840832,0.7260897852960312
0.20007171029042667,0.7260897852960312
0.20010758472296933,0.7260897852960312
0.1999641319942611,0.7254391672088484
0.2,0.7254391672088484
0.20003588087549337,0.7254391672088484
0.20007177462766912,0.7254391672088484
0.20010768126346015,0.7254391672088484
0.20014360078980434,0.7254391672088484
0.2001795332136445,0.7254391672088484
0.20021547854192853,0.7254391672088484
0.2002514367816092,0.7254391672088484
0.20028740793964434,0.7254391672088484
0.20032339202299676,0.7254391672088484
0.20035938903863432,0.7254391672088484
0.20039539899352984,0.7254391672088484
0.20043142189466115,0.7254391672088484
0.20046745774901115,0.7254391672088484
0.2005035065635677,0.7254391672088484
0.20053956834532374,0.7254391672088484
0.2005756431012772,0.7254391672088484
0.20043181000359842,0.7247885491216656
0.20046787835162858,0.7247885491216656
0.20032397408207345,0.7241379310344828
0.2001800180018002,0.7234873129473
0.20021606049693913,0.7234873129473
0.20025211597334774,0.7234873129473
0.20010806916426513,0.7228366948601171
0.20014411817690506,0.7228366948601171
0.2001801801801802,0.7228366948601171
0.20021625518111372,0.7228366948601171
0.20025234318673396,0.7228366948601171
0.20028844420407427,0.7228366948601171
0.2001442481067436,0.7221860767729343
0.20018034265103696,0.7221860767729343
0.2002164502164502,0.7221860767729343
0.2000721630885802,0.7215354586857514
0.20010826416456154,0.7215354586857514
0.2001443782710702,0.7215354586857514
0.20018050541516247,0.7215354586857514
0.20021664560389962,0.7215354586857514
0.20025279884434813,0.7215354586857514
0.20028896514357955,0.7215354586857514
0.20032514450867053,0.7215354586857514
0.2003613369467028,0.7215354586857514
0.2003975424647633,0.7215354586857514
0.20043376106994398,0.7215354586857514
0.2002892263195951,0.7208848405985686
0.20014463930573134,0.7202342225113858
0.20018083182640145,0.7202342225113858
0.20021703743895822,0.7202342225113858
0.20025325615050651,0.7202342225113858
0.20010855798805863,0.719583604424203
0.20014477017734347,0.719583604424203
0.20018099547511312,0.719583604424203
0.2002172338884866,0.719583604424203
0.2002534854245881,0.719583604424203
0.2002897500905469,0.719583604424203
0.20032602789349754,0.719583604424203
0.2003623188405797,0.719583604424203
0.2003986229389382,0.719583604424203
0.20043494019572308,0.719583604424203
0.2002900126880551,0.7189329863370202
0.20032632342277013,0.7189329863370202
0.20036264732547598,0.7189329863370202
0.20039898440333695,0.7189329863370202
0.2004353346635226,0.7189329863370202
0.20047169811320756,0.7189329863370202
0.20050807475957177,0.7189329863370202
0.20054446460980035,0.7189329863370202
0.20058086767108368,0.7189329863370202
0.2006172839506173,0.7189329863370202
0.20065371345560196,0.7189329863370202
0.20069015619324374,0.7189329863370202
0.20072661217075385,0.7189329863370202
0.20076308139534885,0.7189329863370202
0.2007995638742504,0.7189329863370202
0.20083605961468556,0.7189329863370202
0.20087256862388655,0.7189329863370202
0.2009090909090909,0.7189329863370202
0.20076377523186034,0.7182823682498374
0.2008002910149145,0.7182823682498374
0.200836820083682,0.7182823682498374
0.2006914119359534,0.7176317501626546
0.20072793448589626,0.7176317501626546
0.20076447033127048,0.7176317501626546
0.20080101947933734,0.7176317501626546
0.20083758193736342,0.7176317501626546
0.20087415771262065,0.7176317501626546
0.20091074681238616,0.7176317501626546
0.20094734924394242,0.7176317501626546
0.20098396501457727,0.7176317501626546
0.20102059413158374,0.7176317501626546
0.2010572366022603,0.7176317501626546
0.20109389243391065,0.7176317501626546
0.2011305616338439,0.7176317501626546
0.20116724420937443,0.7176317501626546
0.20120394016782198,0.7176317501626546
0.20124064951651158,0.7176317501626546
0.20127737226277373,0.7176317501626546
0.20131410841394415,0.7176317501626546
0.201350857977364,0.7176317501626546
0.20138762096037977,0.7176317501626546
0.20142439737034332,0.7176317501626546
0.20146118721461187,0.7176317501626546
0.20149799050054804,0.7176317501626546
0.20153480723551984,0.7176317501626546
0.2015716374269006,0.7176317501626546
0.20142569914092487,0.7169811320754716
0.20146252285191957,0.7169811320754716
0.2014993600292558,0.7169811320754716
0.20153621068032188,0.7169811320754716
0.20139015913663802,0.7163305139882888
0.20142700329308452,0.7163305139882888
0.20146386093321134,0.7163305139882888
0.20150073206442168,0.7163305139882888
0.2015376166941241,0.7163305139882888
0.2015745148297327,0.7163305139882888
0.20161142647866692,0.7163305139882888
0.20146520146520147,0.715679895901106
0.20150210661293277,0.715679895901106
0.20153902528398682,0.715679895901106
0.20157595748579807,0.715679895901106
0.20161290322580644,0.715679895901106
0.2016498625114574,0.715679895901106
0.20168683535020168,0.715679895901106
0.20172382174949569,0.715679895901106
0.20176082171680118,0.715679895901106
0.2017978352595854,0.715679895901106
0.2018348623853211,0.715679895901106
0.2018719031014865,0.715679895901106
0.20172540381791484,0.7150292778139232
0.20176243803928767,0.7150292778139232
0.2016158648549394,0.7143786597267404
0.20165289256198346,0.7143786597267404
0.20168993387215284,0.7143786597267404
0.20154326658092964,0.7137280416395576
0.20158030135979418,0.7137280416395576
0.20161734975188383,0.7137280416395576
0.2016544117647059,0.7137280416395576
0.2016914874057731,0.7137280416395576
0.2017285766826039,0.7137280416395576
0.2017656796027221,0.7137280416395576
0.2018027961736571,0.7137280416395576
0.20183992640294388,0.7137280416395576
0.20187707029812293,0.7137280416395576
0.2019142278667403,0.7137280416395576
0.20195139911634757,0.7137280416395576
0.20198858405450193,0.7137280416395576
0.20202578268876611,0.7137280416395576
0.2020629950267084,0.7137280416395576
0.20210022107590273,0.7137280416395576
0.2021374608439285,0.7137280416395576
0.2021747143383708,0.7137280416395576
0.20221198156682027,0.7137280416395576
0.20224926253687317,0.7137280416395576
0.2022865572561313,0.7137280416395576
0.20232386573220215,0.7137280416395576
0.20236118797269875,0.7137280416395576
0.2022140221402214,0.7130774235523748
0.20225133788521868,0.7130774235523748
0.20210409745293467,0.7124268054651919
0.20214140668266567,0.7124268054651919
0.202178729689808,0.7124268054651919
0.20221606648199447,0.7124268054651919
0.2022534170668637,0.7124268054651919
0.20229078145205986,0.7124268054651919
0.20214338507021434,0.7117761873780091
0.20218074293106636,0.7117761873780091
0.2022181146025878,0.7117761873780091
0.20225550009243853,0.7117761873780091
0.20229289940828402,0.7117761873780091
0.20233031255779546,0.7117761873780091
0.20236773954864964,0.7117761873780091
0.20240518038852914,0.7117761873780091
0.20244263508512214,0.7117761873780091
0.2024801036461225,0.7117761873780091
0.20251758607922993,0.7117761873780091
0.20255508239214962,0.7117761873780091
0.2025925925925926,0.7117761873780091
0.2026301166882756,0.7117761873780091
0.20266765468692108,0.7117761873780091
0.20251991847322587,0.7111255692908263
0.2025574499629355,0.7111255692908263
0.2025949953660797,0.7111255692908263
0.20263255469039673,0.7111255692908263
0.20267012794363062,0.7111255692908263
0.20270771513353117,0.7111255692908263
0.20274531626785383,0.7111255692908263
0.2025974025974026,0.7104749512036435
0.202449434032288,0.7098243331164606
0.20230141054194506,0.7091737150292778
0.2023389641730091,0.7091737150292778
0.20219086520608986,0.708523096942095
0.20222841225626742,0.708523096942095
0.20226597325408618,0.708523096942095
0.20230354820731933,0.708523096942095
0.20234113712374582,0.708523096942095
0.20237874001115033,0.708523096942095
0.20241635687732343,0.708523096942095
0.20245398773006135,0.708523096942095
0.20249163257716624,0.708523096942095
0.20252929142644596,0.708523096942095
0.20256696428571427,0.708523096942095
0.2026046511627907,0.708523096942095
0.20264235206550055,0.708523096942095
0.20268006700167504,0.708523096942095
0.20271779597915116,0.708523096942095
0.20275553900577173,0.708523096942095
0.20260707635009312,0.7078724788549121
0.20264481281430433,0.7078724788549121
0.20268256333830104,0.7078724788549121
0.20272032792994224,0.7078724788549121
0.2027581065970928,0.7078724788549121
0.2027958993476235,0.7078724788549121
0.20283370618941088,0.7078724788549121
0.2028715271303375,0.7078724788549121
0.20290936217829167,0.7078724788549121
0.20276067897780264,0.7072218607677293
0.20279850746268657,0.7072218607677293
0.20264974808732972,0.7065712426805465
0.2026875699888018,0.7065712426805465
0.20272540601082695,0.7065712426805465
0.2027632561613144,0.7065712426805465
0.20280112044817927,0.7065712426805465
0.20283899887934254,0.7065712426805465
0.2028768914627312,0.7065712426805465
0.20291479820627803,0.7065712426805465
0.20295271911792187,0.7065712426805465
0.20299065420560747,0.7065712426805465
0.20302860347728546,0.7065712426805465
0.2030665669409125,0.7065712426805465
0.2031045446044511,0.7065712426805465
0.2029554807332585,0.7059206245933637
0.2029934518241347,0.7059206245933637
0.2030314371257485,0.7059206245933637
0.203069436646079,0.7059206245933637
0.2031074503931112,0.7059206245933637
0.20314547837483618,0.7059206245933637
0.20318352059925093,0.7059206245933637
0.2032215770743585,0.7059206245933637
0.20307231172723866,0.7052700065061809
0.20311036162638185,0.7052700065061809
0.20314842578710646,0.7052700065061809
0.20318650421743206,0.7052700065061809
0.20322459692538433,0.7052700065061809
0.20326270391899492,0.7052700065061809
0.2031132783195799,0.7046193884189981
0.2029637966610392,0.7039687703318153
0.20300187617260787,0.7039687703318153
0.20303996997560517,0.7039687703318153
0.20307807807807807,0.7039687703318153
0.2031162004880796,0.7039687703318153
0.2029665790461885,0.7033181522446325
0.20300469483568076,0.7033181522446325
0.2030428249436514,0.7033181522446325
0.20308096937817022,0.7033181522446325
0.20311912814731303,0.7033181522446325
0.20315730125916182,0.7033181522446325
0.2031954887218045,0.7033181522446325
0.2032336905433352,0.7033181522446325
0.20327190673185408,0.7033181522446325
0.20331013729546737,0.7033181522446325
0.20334838224228743,0.7033181522446325
0.20338664158043274,0.7033181522446325
0.20342491531802784,0.7033181522446325
0.20327498588368154,0.7026675341574495
0.2033132530120482,0.7026675341574495
0.20335153455093202,0.7026675341574495
0.2033898305084746,0.7026675341574495
0.20342814089282352,0.7026675341574495
0.20346646571213264,0.7026675341574495
0.2035048049745619,0.7026675341574495
0.2035431586882774,0.7026675341574495
0.20358152686145145,0.7026675341574495
0.20361990950226244,0.7026675341574495
0.20365830661889497,0.7026675341574495
0.2036967182195398,0.7026675341574495
0.2037351443123939,0.7026675341574495
0.2037735849056604,0.7026675341574495
0.2038120400075486,0.7026675341574495
0.20385050962627407,0.7026675341574495
0.2037002076647159,0.7020169160702667
0.20373867069486404,0.7020169160702667
0.2035882908404155,0.7013662979830839
0.20362674726105023,0.7013662979830839
0.2036652182127338,0.7013662979830839
0.2037037037037037,0.7013662979830839
0.20374220374220375,0.7013662979830839
0.20378071833648392,0.7013662979830839
0.20381924749480054,0.7013662979830839
0.20385779122541603,0.7013662979830839
0.20389634953659921,0.7013662979830839
0.20393492243662506,0.7013662979830839
0.20397350993377483,0.7013662979830839
0.2040121120363361,0.7013662979830839
0.2040507287526027,0.7013662979830839
0.20408936009087467,0.7013662979830839
0.20412800605945844,0.7013662979830839
0.20416666666666666,0.7013662979830839
0.20420534192081835,0.7013662979830839
0.20424403183023873,0.7013662979830839
0.20428273640325942,0.7013662979830839
0.20413191811978773,0.7007156798959011
0.20417061611374407,0.7007156798959011
0.20420932878270762,0.7007156798959011
0.2042480561350275,0.7007156798959011
0.20428679817905918,0.7007156798959011
0.20432555492316448,0.7007156798959011
0.20436432637571159,0.7007156798959011
0.20440311254507496,0.7007156798959011
0.20425208807896736,0.7000650618087183
0.20429086766660337,0.7000650618087183
0.20413976452715535,0.6994144437215355
0.20417853751187084,0.6994144437215355
0.20421732522796351,0.6994144437215355
0.2042561276838305,0.6994144437215355
0.20429494488787533,0.6994144437215355
0.2043337768485079,0.6994144437215355
0.20437262357414449,0.6994144437215355
0.20441148507320783,0.6994144437215355
0.20445036135412706,0.6994144437215355
0.20448925242533764,0.6994144437215355
0.2045281582952816,0.6994144437215355
0.20456707897240722,0.6994144437215355
0.2046060144651694,0.6994144437215355
0.20464496478202931,0.6994144437215355
0.20468392993145468,0.6994144437215355
0.20472290992191963,0.6994144437215355
0.20457142857142857,0.6987638256343527
0.20461040198132976,0.6987638256343527
0.20445884146341464,0.6981132075471698
0.2044978082713932,0.6981132075471698
0.20453678993518873,0.6981132075471698
0.20457578646329838,0.6981132075471698
0.2046147978642258,0.6981132075471698
0.20465382414648103,0.6981132075471698
0.2046928653185807,0.6981132075471698
0.2047319213890479,0.6981132075471698
0.20477099236641222,0.6981132075471698
0.20481007825920977,0.6981132075471698
0.2048491790759832,0.6981132075471698
0.20488829482528165,0.6981132075471698
0.20492742551566082,0.6981132075471698
0.2049665711556829,0.6981132075471698
0.20481467329002676,0.697462589459987
0.20485381234473532,0.697462589459987
0.20489296636085627,0.697462589459987
0.20474096731026573,0.6968119713728042
0.20478011472275334,0.6968119713728042
0.20462803595333715,0.6961613532856213
0.2046671767406274,0.6961613532856213
0.20470633250430456,0.6961613532856213
0.20474550325296595,0.6961613532856213
0.20478468899521532,0.6961613532856213
0.2048238897396631,0.6961613532856213
0.20486310549492628,0.6961613532856213
0.20471083875909613,0.6955107351984385
0.20475004788354723,0.6955107351984385
0.20478927203065134,0.6955107351984385
0.20482851120904388,0.6955107351984385
0.20467612111920275,0.6948601171112557
0.20471535365152385,0.6948601171112557
0.20456288343558282,0.6942094990240729
0.20441035474592523,0.69355888093689
0.2042577675489068,0.6929082628497072
0.20429694993286016,0.6929082628497072
0.20433614735226402,0.6929082628497072
0.20437535981577432,0.6929082628497072
0.20441458733205375,0.6929082628497072
0.20445382990977154,0.6929082628497072
0.20449308755760368,0.6929082628497072
0.20453236028423277,0.6929082628497072
0.20437956204379562,0.6922576447625244
0.20441882804995196,0.6922576447625244
0.20426594926979247,0.6916070266753416
0.20430520853353834,0.6916070266753416
0.2043444828911957,0.6916070266753416
0.20438377235147087,0.6916070266753416
0.20442307692307693,0.6916070266753416
0.20446239661473362,0.6916070266753416
0.20450173143516737,0.6916070266753416
0.20454108139311142,0.6916070266753416
0.2045804464973056,0.6916070266753416
0.20461982675649662,0.6916070266753416
0.2046592221794378,0.6916070266753416
0.20469863277488928,0.6916070266753416
0.20454545454545456,0.6909564085881588
0.20458485840878443,0.6909564085881588
0.2046242774566474,0.6909564085881588
0.20466371169782233,0.6909564085881588
0.20470316114109482,0.6909564085881588
0.20474262579525737,0.6909564085881588
0.20478210566910915,0.6909564085881588
0.2048216007714561,0.6909564085881588
0.2048611111111111,0.6909564085881588
0.20490063669689368,0.6909564085881588
0.20494017753763025,0.6909564085881588
0.20478672071028758,0.690305790500976
0.20482625482625483,0.690305790500976
0.2048658042093068,0.690305790500976
0.20490536886828892,0.690305790500976
0.2049449488120533,0.690305790500976
0.20498454404945904,0.690305790500976
0.20502415458937198,0.690305790500976
0.20487050637804408,0.6896551724137931
0.2049101101875121,0.6896551724137931
0.20475638051044084,0.6890045543266102
0.2047959775672017,0.6890045543266102
0.20483558994197293,0.6890045543266102
0.2048752176436448,0.6890045543266102
0.20491486068111456,0.6890045543266102
0.20495451906328624,0.6890045543266102
0.20480061943476577,0.6883539362394274
0.2048402710551791,0.6883539362394274
0.20487993803253293,0.6883539362394274
0.20472593453418556,0.6877033181522446
0.20457187136768695,0.6870527000650618
0.20441774849835304,0.686402081977879
0.20426356589147288,0.6857514638906962
0.20430315952704012,0.6857514638906962
0.20434276851492827,0.6857514638906962
0.20438239286406826,0.6857514638906962
0.20422808378588053,0.6851008458035134
0.20426770126091173,0.6851008458035134
0.20411331005044625,0.6844502277163305
0.20415292062875995,0.6844502277163305
0.20419254658385094,0.6844502277163305
0.20423218792467482,0.6844502277163305
0.20427184466019419,0.6844502277163305
0.2043115167993785,0.6844502277163305
0.20435120435120435,0.6844502277163305
0.20419661938993589,0.6837996096291477
0.20404197434900895,0.6831489915419648
0.20408163265306123,0.6831489915419648
0.2041213063763608,0.6831489915419648
0.2039665564845421,0.682498373454782
0.20400622325943213,0.682498373454782
0.20404590546586268,0.682498373454782
0.20389105058365758,0.6818477553675992
0.2039307258221444,0.6818477553675992
0.20397041650447645,0.6818477553675992
0.20401012263967297,0.6818477553675992
0.20404984423676012,0.6818477553675992
0.20408958130477117,0.6818477553675992
0.20393455395403196,0.6811971372804164
0.20397428404441847,0.6811971372804164
0.20401402961808263,0.6811971372804164
0.20405379068407717,0.6811971372804164
0.204093567251462,0.6811971372804164
0.20413335932930396,0.6811971372804164
0.20417316692667706,0.6811971372804164
0.20421299005266239,0.6811971372804164
0.20425282871634803,0.6811971372804164
0.20429268292682926,0.6811971372804164
0.20433255269320844,0.6811971372804164
0.20437243802459495,0.6811971372804164
0.20441233893010544,0.6811971372804164
0.2044522554188635,0.6811971372804164
0.2044921875,0.6811971372804164
0.20453213518265287,0.6811971372804164
0.20457209847596716,0.6811971372804164
0.20461207738909518,0.6811971372804164
0.20445660672400312,0.6805465191932336
0.20430107526881722,0.6798959011060507
0.20434102463824794,0.6798959011060507
0.2043809896342656,0.6798959011060507
0.20422535211267606,0.6792452830188679
0.2042653101154373,0.6792452830188679
0.20430528375733856,0.6792452830188679
0.20434527304756311,0.6792452830188679
0.20438527799530148,0.6792452830188679
0.2044252986097513,0.6792452830188679
0.2044653349001175,0.6792452830188679
0.20450538687561215,0.6792452830188679
0.20454545454545456,0.6792452830188679
0.20458553791887124,0.6792452830188679
0.20462563700509603,0.6792452830188679
0.20466575181336993,0.6792452830188679
0.20470588235294118,0.6792452830188679
0.20474602863306532,0.6792452830188679
0.2047861906630051,0.6792452830188679
0.20482636845203062,0.6792452830188679
0.20486656200941916,0.6792452830188679
0.20490677134445534,0.6792452830188679
0.2049469964664311,0.6792452830188679
0.20498723738464558,0.6792452830188679
0.20502749410840534,0.6792452830188679
0.20506776664702417,0.6792452830188679
0.20510805500982318,0.6792452830188679
0.20514835920613086,0.6792452830188679
0.20518867924528303,0.6792452830188679
0.20522901513662276,0.6792452830188679
0.2052693668895006,0.6792452830188679
0.20530973451327433,0.6792452830188679
0.2053501180173092,0.6792452830188679
0.20539051741097777,0.6792452830188679
0.20543093270365997,0.6792452830188679
0.20547136390474316,0.6792452830188679
0.20551181102362204,0.6792452830188679
0.20555227406969875,0.6792452830188679
0.20539582512800314,0.6785946649316851
0.20543628126846564,0.6785946649316851
0.20547675334909377,0.6785946649316851
0.20551724137931035,0.6785946649316851
0.2055577453685455,0.6785946649316851
0.20540114330770748,0.6779440468445023
0.20524447949526814,0.6772934287573195
0.2052849536580556,0.6772934287573195
0.20512820512820512,0.6766428106701367
0.20516867232195699,0.6766428106701367
0.2052091554853986,0.6766428106701367
0.205249654627985,0.6766428106701367
0.20529016975917883,0.6766428106701367
0.20513326752221125,0.6759921925829538
0.20517377567140602,0.6759921925829538
0.20521429982223977,0.6759921925829538
0.20525483998419597,0.6759921925829538
0.2050978067575578,0.675341574495771
0.2049407114624506,0.6746909564085881
0.20498122158529353,0.6746909564085881
0.20502174772637405,0.6746909564085881
0.2050622898951948,0.6746909564085881
0.20510284810126583,0.6746909564085881
0.20514342235410485,0.6746909564085881
0.20518401266323705,0.6746909564085881
0.20522461903819514,0.6746909564085881
0.2052652414885194,0.6746909564085881
0.20530588002375766,0.6746909564085881
0.20514851485148514,0.6740403383214053
0.20518914636561694,0.6740403383214053
0.205229793977813,0.6740403383214053
0.20527045769764216,0.6740403383214053
0.2051129607609988,0.6733897202342225
0.2051536174430129,0.6733897202342225
0.20519429024583663,0.6733897202342225
0.20523497917906008,0.6733897202342225
0.20527568425228085,0.6733897202342225
0.20531640547510416,0.6733897202342225
0.20535714285714285,0.6733897202342225
0.20539789640801748,0.6733897202342225
0.2054386661373561,0.6733897202342225
0.2054794520547945,0.6733897202342225
0.20552025416997619,0.6733897202342225
0.20556107249255212,0.6733897202342225
0.20540325784664282,0.6727391021470397
0.2054440691436519,0.6727391021470397
0.20548489666136724,0.6727391021470397
0.20552574040946134,0.6727391021470397
0.20536779324055665,0.6720884840598569
0.2054086299463114,0.6720884840598569
0.2054494828957836,0.6720884840598569
0.2054903520986672,0.6720884840598569
0.20553123756466374,0.6720884840598569
0.2055721393034826,0.6720884840598569
0.2054140127388535,0.6714378659726741
0.2052558232132192,0.6707872478854913
0.20529669454400637,0.6707872478854913
0.2053375821549492,0.6707872478854913
0.20537848605577688,0.6707872478854913
0.20541940625622634,0.6707872478854913
0.20546034276604225,0.6707872478854913
0.20550129559497707,0.6707872478854913
0.20554226475279108,0.6707872478854913
0.20558325024925225,0.6707872478854913
0.20562425209413643,0.6707872478854913
0.2056652702972272,0.6707872478854913
0.20570630486831604,0.6707872478854913
0.20554779485132707,0.6701366297983083
0.2055888223552894,0.6701366297983083
0.20562986624076662,0.6701366297983083
0.20567092651757188,0.6701366297983083
0.20571200319552627,0.6701366297983083
0.20575309628445865,0.6701366297983083
0.2055944055944056,0.6694860117111255
0.20563549160671463,0.6694860117111255
0.20567659404357386,0.6694860117111255
0.20571771291483407,0.6694860117111255
0.20575884823035392,0.6694860117111255
0.2058,0.6694860117111255
0.20584116823364673,0.6694860117111255
0.20588235294117646,0.6694860117111255
0.20592355413247948,0.6694860117111255
0.20596477181745396,0.6694860117111255
0.206006006006006,0.6694860117111255
0.20604725670804966,0.6694860117111255
0.2060885239335069,0.6694860117111255
0.20612980769230768,0.6694860117111255
0.2059707473452214,0.6688353936239427
0.20601202404809618,0.6688353936239427
0.20605331729805573,0.6688353936239427
0.20609462710505214,0.6688353936239427
0.2061359534790455,0.6688353936239427
0.2059767348576013,0.6681847755367599
0.20601805416248747,0.6681847755367599
0.2060593900481541,0.6681847755367599
0.20610074252458357,0.6681847755367599
0.20594138900040143,0.6675341574495771
0.2059827343906846,0.6675341574495771
0.20602409638554217,0.6675341574495771
0.2060654749949789,0.6675341574495771
0.20610687022900764,0.6675341574495771
0.20614828209764918,0.6675341574495771
0.20618971061093247,0.6675341574495771
0.20623115577889448,0.6675341574495771
0.20627261761158022,0.6675341574495771
0.20631409611904283,0.6675341574495771
0.2063555913113435,0.6675341574495771
0.2063971031985516,0.6675341574495771
0.20643863179074445,0.6675341574495771
0.20648017709800764,0.6675341574495771
0.20632045088566828,0.6668835393623943
0.20636198912824644,0.6668835393623943
0.20640354409987918,0.6668835393623943
0.20644511581067473,0.6668835393623943
0.2064867042707494,0.6668835393623943
0.20652830949022769,0.6668835393623943
0.20656993147924224,0.6668835393623943
0.2066115702479339,0.6668835393623943
0.20665322580645162,0.6668835393623943
0.20669489816495262,0.6668835393623943
0.20673658733360226,0.6668835393623943
0.20677829332257414,0.6668835393623943
0.20682001614205003,0.6668835393623943
0.20686175580222,0.6668835393623943
0.2069035123132822,0.6668835393623943
0.20694528568544315,0.6668835393623943
0.20678513731825526,0.6662329212752115
0.2068269036558271,0.6662329212752115
0.20666666666666667,0.6655823031880286
0.2067084259446353,0.6655823031880286
0.20675020210185935,0.6655823031880286
0.20658985243581968,0.6649316851008458
0.2066316215123332,0.6649316851008458
0.20667340748230537,0.6649316851008458
0.20671521035598706,0.6649316851008458
0.2065547238519118,0.664281067013663
0.2065965196276811,0.664281067013663
0.20663833232139242,0.664281067013663
0.20668016194331984,0.664281067013663
0.2065195383680907,0.6636304489264802
0.2065613608748481,0.6636304489264802
0.20660320032408344,0.6636304489264802
0.206645056726094,0.6636304489264802
0.20648429584599798,0.6629798308392973
0.20652614511552492,0.6629798308392973
0.20656801135211839,0.6629798308392973
0.20660989456609893,0.6629798308392973
0.20665179476779558,0.6629798308392973
0.20669371196754563,0.6629798308392973
0.20673564617569487,0.6629798308392973
0.2067775974025974,0.6629798308392973
0.20661660239496651,0.6623292127521145
0.20665854648802273,0.6623292127521145
0.20670050761421319,0.6623292127521145
0.20674248578391552,0.6623292127521145
0.20658135283363802,0.6616785946649317
0.20662332385209264,0.6616785946649317
0.20666531192846982,0.6616785946649317
0.20670731707317072,0.6616785946649317
0.20654604594429762,0.6610279765777488
0.2065880439202928,0.6610279765777488
0.20663005897905226,0.6610279765777488
0.20667209113100082,0.6610279765777488
0.2067141403865717,0.6610279765777488
0.20675620675620676,0.6610279765777488
0.2067982902503562,0.6610279765777488
0.20684039087947884,0.6610279765777488
0.20688250865404195,0.6610279765777488
0.2069246435845214,0.6610279765777488
0.2069667956814015,0.6610279765777488
0.20700896495517523,0.6610279765777488
0.207051151416344,0.6610279765777488
0.20709335507541785,0.6610279765777488
0.2069317023445464,0.660377358490566
0.20697389885807504,0.660377358490566
0.20681215582296553,0.6597267404033832
0.20685434516523868,0.6597267404033832
0.20689655172413793,0.6597267404033832
0.20673469387755103,0.6590761223162004
0.20677689324351908,0.6590761223162004
0.20681910984075133,0.6590761223162004
0.20686134367980397,0.6590761223162004
0.20690359477124182,0.6590761223162004
0.2069458631256384,0.6590761223162004
0.2069881487535758,0.6590761223162004
0.2070304516656448,0.6590761223162004
0.2070727718724448,0.6590761223162004
0.20711510938458394,0.6590761223162004
0.20715746421267894,0.6590761223162004
0.2069952955614645,0.6584255042290176
0.20703764320785598,0.6584255042290176
0.20687538367096378,0.6577748861418348
0.2069177241097012,0.6577748861418348
0.20696008188331627,0.6577748861418348
0.207002457002457,0.6577748861418348
0.20704484947778004,0.6577748861418348
0.20708725931995084,0.6577748861418348
0.2071296865396435,0.6577748861418348
0.207172131147541,0.6577748861418348
0.2072145931543349,0.6577748861418348
0.2072570725707257,0.6577748861418348
0.20729956940742258,0.6577748861418348
0.20734208367514356,0.6577748861418348
0.2073846153846154,0.6577748861418348
0.20742716454657364,0.6577748861418348
0.20746973117176276,0.6577748861418348
0.20751231527093597,0.6577748861418348
0.20755491685485528,0.6577748861418348
0.2075975359342916,0.6577748861418348
0.20764017252002465,0.6577748861418348
0.20768282662284307,0.6577748861418348
0.20772549825354428,0.6577748861418348
0.2075626798191533,0.657124268054652
0.20760534429599178,0.657124268054652
0.20744243421052633,0.656473649967469
0.20748509150730002,0.656473649967469
0.20752776635129577,0.656473649967469
0.20757045875334293,0.656473649967469
0.2074074074074074,0.6558230318802862
0.20745009261164848,0.6558230318802862
0.207492795389049,0.6558230318802862
0.20753551575046325,0.6558230318802862
0.20757825370675453,0.6558230318802862
0.2074150360453141,0.6551724137931034
0.20745776679027605,0.6551724137931034
0.2072944570368844,0.6545217957059206
0.20733718054410552,0.6545217957059206
0.20737992166563596,0.6545217957059206
0.20742268041237114,0.6545217957059206
0.2074654567952155,0.6545217957059206
0.2075082508250825,0.6545217957059206
0.20755106251289457,0.6545217957059206
0.20759389186958316,0.6545217957059206
0.20763673890608875,0.6545217957059206
0.2074731626754748,0.6538711776187378
0.20751600247780302,0.6538711776187378
0.20755885997521686,0.6538711776187378
0.20760173517868208,0.6538711776187378
0.20764462809917356,0.6538711776187378
0.20748088448026453,0.653220559531555
0.20752377015295576,0.653220559531555
0.2075666735579905,0.653220559531555
0.2076095947063689,0.653220559531555
0.2076525336091003,0.653220559531555
0.20769549027720313,0.653220559531555
0.20773846472170496,0.653220559531555
0.2077814569536424,0.653220559531555
0.20782446698406126,0.653220559531555
0.20786749482401656,0.653220559531555
0.2079105404845724,0.653220559531555
0.207953603976802,0.653220559531555
0.20799668531178786,0.653220559531555
0.20803978450062163,0.653220559531555
0.20808290155440415,0.653220559531555
0.20812603648424544,0.653220559531555
0.20816918930126477,0.653220559531555
0.20821236001659063,0.653220559531555
0.20825554864136073,0.653220559531555
0.208298755186722,0.653220559531555
0.20834197966383067,0.653220559531555
0.20817766708177668,0.6525699414443722
0.20822088436786382,0.6525699414443722
0.2080564784053156,0.6519193233571894
0.20809968847352026,0.6519193233571894
0.20814291649356045,0.6519193233571894
0.2081861624766258,0.6519193233571894
0.2082294264339152,0.6519193233571894
0.20827270837663686,0.6519193233571894
0.20831600831600833,0.6519193233571894
0.2083593262632564,0.6519193233571894
0.2084026622296173,0.6519193233571894
0.2084460162263366,0.6519193233571894
0.20848938826466917,0.6519193233571894
0.2085327783558793,0.6519193233571894
0.20857618651124063,0.6519193233571894
0.20861961274203622,0.6519193233571894
0.2086630570595585,0.6519193233571894
0.20870651947510935,0.6519193233571894
0.20875,0.6519193233571894
0.20879349864555116,0.6519193233571894
0.20883701542309296,0.6519193233571894
0.20888055034396497,0.6519193233571894
0.20892410341951625,0.6519193233571894
0.20896767466110533,0.6519193233571894
0.20901126408010012,0.6519193233571894
0.20905487168787815,0.6519193233571894
0.20909849749582637,0.6519193233571894
0.20914214151534127,0.6519193233571894
0.2091858037578288,0.6519193233571894
0.20922948423470453,0.6519193233571894
0.20906432748538012,0.6512687052700065
0.20889910173386256,0.6506180871828237
0.2087338069368993,0.6499674690956408
0.20877742946708464,0.6499674690956408
0.20882107023411373,0.6499674690956408
0.20886472924942504,0.6499674690956408
0.20890840652446674,0.6499674690956408
0.20874294080736247,0.649316851008458
0.2087866108786611,0.649316851008458
0.20883029922577945,0.649316851008458
0.20887400586019256,0.649316851008458
0.20891773079338496,0.649316851008458
0.20896147403685092,0.649316851008458
0.20900523560209425,0.649316851008458
0.2090490155006284,0.649316851008458
0.20909281374397654,0.649316851008458
0.20913663034367141,0.649316851008458
0.2091804653112555,0.649316851008458
0.20922431865828092,0.649316851008458
0.2092681903963095,0.649316851008458
0.20931208053691275,0.649316851008458
0.2093559890916719,0.649316851008458
0.20939991607217792,0.649316851008458
0.20944386149003147,0.649316851008458
0.20927791771620488,0.6486662329212752
0.2093218559731262,0.6486662329212752
0.20936581268374632,0.6486662329212752
0.20940978785969333,0.6486662329212752
0.20945378151260505,0.6486662329212752
0.20949779365412902,0.6486662329212752
0.20954182429592266,0.6486662329212752
0.20958587344965315,0.6486662329212752
0.20962994112699748,0.6486662329212752
0.20946372239747635,0.6480156148340924
0.2095077829196466,0.6480156148340924
0.20955186198190617,0.6480156148340924
0.20959595959595959,0.6480156148340924
0.20964007577352137,0.6480156148340924
0.2094736842105263,0.6473649967469096
0.2095177932196252,0.6473649967469096
0.20956192080876157,0.6473649967469096
0.20960606698967768,0.6473649967469096
0.2096502317741256,0.6473649967469096
0.20969441517386722,0.6473649967469096
0.20973861720067455,0.6473649967469096
0.2097828378663293,0.6473649967469096
0.20982707718262336,0.6473649967469096
0.20987133516135836,0.6473649967469096
0.20991561181434598,0.6473649967469096
0.2099599071534079,0.6473649967469096
0.21000422119037568,0.6473649967469096
0.210048553937091,0.6473649967469096
0.2100929054054054,0.6473649967469096
0.21013727560718057,0.6473649967469096
0.21018166455428813,0.6473649967469096
0.21022607225860976,0.6473649967469096
0.21027049873203718,0.6473649967469096
0.2103149439864722,0.6473649967469096
0.21035940803382663,0.6473649967469096
0.2104038908860224,0.6473649967469096
0.21044839255499154,0.6473649967469096
0.21049291305267612,0.6473649967469096
0.21032585696148964,0.6467143786597267
0.21037037037037037,0.6467143786597267
0.21041490262489415,0.6467143786597267
0.21045945373703154,0.6467143786597267
0.21050402371876323,0.6467143786597267
0.21033679305231942,0.6460637605725439
0.2103813559322034,0.6460637605725439
0.21042593769866497,0.6460637605725439
0.21047053836371343,0.6460637605725439
0.21051515793936823,0.6460637605725439
0.21055979643765904,0.6460637605725439
0.21060445387062565,0.6460637605725439
0.2106491302503182,0.6460637605725439
0.21069382558879696,0.6460637605725439
0.21073853989813243,0.6460637605725439
0.21078327319040543,0.6460637605725439
0.21061571125265394,0.6454131424853611
0.21066043746018262,0.6454131424853611
0.2107051826677995,0.6454131424853611
0.2107499468876142,0.6454131424853611
0.2105822354441139,0.6447625243981783
0.2106269925611052,0.6447625243981783
0.210671768707483,0.6447625243981783
0.21071656389538593,0.6447625243981783
0.210761378136963,0.6447625243981783
0.21080621144437353,0.6447625243981783
0.21085106382978724,0.6447625243981783
0.2108959353053841,0.6447625243981783
0.2109408258833546,0.6447625243981783
0.2109857355758995,0.6447625243981783
0.21103066439523,0.6447625243981783
0.2108626198083067,0.6441119063109955
0.21090754154239455,0.6441119063109955
0.21095248242062647,0.6441119063109955
0.2107843137254902,0.6434612882238127
0.21082924749520357,0.6434612882238127
0.21087420042643923,0.6434612882238127
0.2109191725314566,0.6434612882238127
0.21096416382252559,0.6434612882238127
0.21100917431192662,0.6434612882238127
0.2110542040119505,0.6434612882238127
0.21109925293489862,0.6434612882238127
0.21093082835183605,0.6428106701366298
0.2109758701686953,0.6428106701366298
0.21102093122597182,0.6428106701366298
0.21106601153599658,0.6428106701366298
0.2111111111111111,0.6428106701366298
0.21094250908313741,0.6421600520494469
0.21098760153911927,0.6421600520494469
0.21103271327774215,0.6421600520494469
0.21086398631308811,0.6415094339622641
0.2106951871657754,0.6408588158750813
0.21074026529738982,0.6408588158750813
0.21078536272202011,0.6408588158750813
0.2108304794520548,0.6408588158750813
0.21087561549989295,0.6408588158750813
0.21092077087794434,0.6408588158750813
0.21075176697365602,0.6402081977878985
0.21079691516709512,0.6402081977878985
0.21084208270837798,0.6402081977878985
0.21088726960994428,0.6402081977878985
0.21093247588424438,0.6402081977878985
0.2109777015437393,0.6402081977878985
0.2108084923868754,0.6395575797007157
0.21085371085371085,0.6395575797007157
0.2108989487234499,0.6395575797007157
0.21094420600858368,0.6395575797007157
0.21098948272161408,0.6395575797007157
0.21103477887505367,0.6395575797007157
0.2108653639682199,0.6389069616135329
0.2109106529209622,0.6389069616135329
0.21095596133190117,0.6389069616135329
0.21100128921357972,0.6389069616135329
0.21104663657855147,0.6389069616135329
0.21109200343938092,0.6389069616135329
0.2111373898086433,0.6389069616135329
0.21118279569892473,0.6389069616135329
0.2112282211228221,0.6389069616135329
0.2112736660929432,0.6389069616135329
0.2113191306219066,0.6389069616135329
0.2113646147223418,0.6389069616135329
0.21141011840688914,0.6389069616135329
0.21145564168819983,0.6389069616135329
0.21150118457893602,0.6389069616135329
0.2113313227057303,0.6382563435263501
0.21137685843568196,0.6382563435263501
0.21120689655172414,0.6376057254391672
0.21125242509161457,0.6376057254391672
0.21129797326433808,0.6376057254391672
0.2113435410825965,0.6376057254391672
0.21117342536669542,0.6369551073519844
0.21121898597626754,0.6369551073519844
0.21126456624946052,0.6369551073519844
0.2113101661990071,0.6369551073519844
0.21135578583765113,0.6369551073519844
0.2111854890952278,0.6363044892648015
0.21101511879049675,0.6356538711776187
0.21106070425577877,0.6356538711776187
0.21110630942091616,0.6356538711776187
0.21115193429868165,0.6356538711776187
0.21119757890185906,0.6356538711776187
0.21124324324324326,0.6356538711776187
0.21128892733564014,0.6356538711776187
0.21133463119186674,0.6356538711776187
0.21138035482475118,0.6356538711776187
0.21142609824713265,0.6356538711776187
0.21147186147186148,0.6356538711776187
0.21151764451179908,0.6356538711776187
0.2115634473798181,0.6356538711776187
0.21160927008880226,0.6356538711776187
0.21165511265164644,0.6356538711776187
0.21170097508125676,0.6356538711776187
0.2117468573905505,0.6356538711776187
0.2117927595924561,0.6356538711776187
0.21183868169991327,0.6356538711776187
0.2118846237258729,0.6356538711776187
0.21193058568329717,0.6356538711776187
0.21197656758515948,0.6356538711776187
0.21202256944444445,0.6356538711776187
0.21206859127414804,0.6356538711776187
0.21211463308727746,0.6356538711776187
0.21216069489685124,0.6356538711776187
0.21198957428323198,0.6350032530904359
0.21203562893764935,0.6350032530904359
0.21208170360712733,0.6350032530904359
0.21212779830471637,0.6350032530904359
0.21217391304347827,0.6350032530904359
0.21222004783648618,0.6350032530904359
0.2122662026968247,0.6350032530904359
0.21231237763758973,0.6350032530904359
0.2123585726718886,0.6350032530904359
0.21240478781284006,0.6350032530904359
0.21245102307357422,0.6350032530904359
0.21249727846723274,0.6350032530904359
0.21254355400696864,0.6350032530904359
0.21237203223698542,0.6343526350032531
0.21241830065359477,0.6343526350032531
0.21246458923512748,0.6343526350032531
0.21251089799476897,0.6343526350032531
0.21255722694571616,0.6343526350032531
0.2126035761011775,0.6343526350032531
0.21264994547437296,0.6343526350032531
0.21269633507853403,0.6343526350032531
0.2127427449269038,0.6343526350032531
0.21278917503273678,0.6343526350032531
0.2128356254092993,0.6343526350032531
0.212882096069869,0.6343526350032531
0.21292858702773532,0.6343526350032531
0.2129750982961992,0.6343526350032531
0.2130216298885733,0.6343526350032531
0.21306818181818182,0.6343526350032531
0.21289617486338797,0.6337020169160703
0.2129427197201574,0.6337020169160703
0.21298928493330418,0.6337020169160703
0.21303587051618547,0.6337020169160703
0.2130824764821702,0.6337020169160703
0.21291028446389496,0.6330513988288874
0.21295688334427665,0.6330513988288874
0.21300350262697024,0.6330513988288874
0.2128311802058244,0.6324007807417046
0.21287779237844942,0.6324007807417046
0.21292442497261774,0.6324007807417046
0.21297107800175286,0.6324007807417046
0.21301775147928995,0.6324007807417046
0.21306444541867603,0.6324007807417046
0.21311115983336987,0.6324007807417046
0.2131578947368421,0.6324007807417046
0.21320465014257511,0.6324007807417046
0.2132514260640632,0.6324007807417046
0.21329822251481237,0.6324007807417046
0.21334503950834066,0.6324007807417046
0.21339187705817783,0.6324007807417046
0.2134387351778656,0.6324007807417046
0.21326597847573028,0.6317501626545218
0.21309314586994726,0.631099544567339
0.2131399692375302,0.631099544567339
0.21318681318681318,0.631099544567339
0.21323367773136953,0.631099544567339
0.21328056288478453,0.631099544567339
0.21332746866065538,0.631099544567339
0.2133743950725913,0.631099544567339
0.21342134213421343,0.631099544567339
0.21346830985915494,0.631099544567339
0.21351529826106097,0.631099544567339
0.21356230735358872,0.631099544567339
0.21338912133891214,0.6304489264801562
0.21343612334801762,0.6304489264801562
0.21348314606741572,0.6304489264801562
0.21353018951079772,0.6304489264801562
0.21357725369186686,0.6304489264801562
0.21362433862433863,0.6304489264801562
0.21367144432194046,0.6304489264801562
0.213718570798412,0.6304489264801562
0.21376571806750497,0.6304489264801562
0.21381288614298324,0.6304489264801562
0.2138600750386228,0.6304489264801562
0.2139072847682119,0.6304489264801562
0.21373371605210864,0.6297983083929733
0.2137809187279152,0.6297983083929733
0.21360724541639053,0.6291476903057905
0.21365444100751216,0.6291476903057905
0.21370165745856354,0.6291476903057905
0.21374889478337755,0.6291476903057905
0.21379615299579924,0.6291476903057905
0.21384343210968598,0.6291476903057905
0.21389073213890733,0.6291476903057905
0.21371681415929203,0.6284970722186076
0.21376410710334146,0.6284970722186076
0.21381142098273573,0.6284970722186076
0.21385875581137923,0.6284970722186076
0.21390611160318868,0.6284970722186076
0.21395348837209302,0.6284970722186076
0.21400088613203366,0.6284970722186076
0.21404830489696433,0.6284970722186076
0.21387411347517732,0.6278464541314248
0.21392152516071825,0.6278464541314248
0.2139689578713969,0.6278464541314248
0.21401641162120205,0.6278464541314248
0.21406388642413487,0.6278464541314248
0.214111382294209,0.6278464541314248
0.2141588992454505,0.6278464541314248
0.2142064372918979,0.6278464541314248
0.21425399644760212,0.6278464541314248
0.2143015767266267,0.6278464541314248
0.21434917814304755,0.6278464541314248
0.21439680071095313,0.6278464541314248
0.21444444444444444,0.6278464541314248
0.21449210935763502,0.6278464541314248
0.21453979546465096,0.6278464541314248
0.21458750277963087,0.6278464541314248
0.214635231316726,0.6278464541314248
0.21468298109010012,0.6278464541314248
0.2147307521139297,0.6278464541314248
0.21477854440240374,0.6278464541314248
0.21460373998219057,0.627195836044242
0.21465152527276776,0.627195836044242
0.21469933184855233,0.627195836044242
0.2147471597237692,0.627195836044242
0.21479500891265596,0.627195836044242
0.2148428794294629,0.627195836044242
0.21489077128845296,0.627195836044242
0.21493868450390188,0.627195836044242
0.2149866190900981,0.627195836044242
0.2148115101494535,0.6265452179570592
0.214636323070058,0.6258945998698764
0.21468422227181433,0.6258945998698764
0.21450892857142856,0.6252439817826936
0.21455682071891047,0.6252439817826936
0.21460473425636445,0.6252439817826936
0.21465266919812373,0.6252439817826936
0.21470062555853442,0.6252439817826936
0.2147486033519553,0.6252439817826936
0.21479660259275815,0.6252439817826936
0.21462105969148224,0.6245933636955108
0.2146690518783542,0.6245933636955108
0.21471706553343772,0.6245933636955108
0.2145413870246085,0.623942745608328
0.21458939360035803,0.623942745608328
0.21463742166517458,0.623942745608328
0.21468547123349005,0.623942745608328
0.21473354231974923,0.623942745608328
0.21478163493840985,0.623942745608328
0.21482974910394265,0.623942745608328
0.21487788483083128,0.623942745608328
0.2149260421335724,0.623942745608328
0.21497422102667563,0.623942745608328
0.21502242152466366,0.623942745608328
0.2150706436420722,0.623942745608328
0.21511888739344998,0.623942745608328
0.21516715279335877,0.623942745608328
0.21499102333931777,0.623292127521145
0.21503928170594838,0.623292127521145
0.214863044454423,0.6226415094339622
0.21491129575567033,0.6226415094339622
0.21495956873315364,0.6226415094339622
0.21478319478768815,0.6219908913467794
0.21483146067415732,0.6219908913467794
0.21487974825803552,0.6219908913467794
0.21492805755395683,0.6219908913467794
0.21497638857656848,0.6219908913467794
0.21502474134053082,0.6219908913467794
0.21507311586051744,0.6219908913467794
0.2151215121512151,0.6219908913467794
0.2151699302273239,0.6219908913467794
0.21521837010355696,0.6219908913467794
0.21526683179464084,0.6219908913467794
0.2153153153153153,0.6219908913467794
0.2153638206803334,0.6219908913467794
0.21541234790446148,0.6219908913467794
0.21546089700247914,0.6219908913467794
0.21550946798917944,0.6219908913467794
0.21555806087936866,0.6219908913467794
0.2153811456923771,0.6213402732595966
0.21542973155876383,0.6213402732595966
0.21547833935018051,0.6213402732595966
0.21552696908147145,0.6213402732595966
0.21534988713318284,0.6206896551724138
0.21539850982163017,0.6206896551724138
0.21544715447154472,0.6206896551724138
0.2154958210978089,0.6206896551724138
0.21531857207410754,0.620039037085231
0.2153672316384181,0.620039037085231
0.2154159132007233,0.620039037085231
0.21546461677594392,0.620039037085231
0.215513342379014,0.620039037085231
0.21556209002488125,0.620039037085231
0.2156108597285068,0.620039037085231
0.21565965150486535,0.620039037085231
0.21570846536894522,0.620039037085231
0.21575730133574825,0.620039037085231
0.21580615942028986,0.620039037085231
0.21585503963759908,0.620039037085231
0.21590394200271862,0.620039037085231
0.21595286653070472,0.620039037085231
0.21600181323662737,0.620039037085231
0.21605078213557016,0.620039037085231
0.21609977324263038,0.620039037085231
0.21614878657291903,0.620039037085231
0.2161978221415608,0.620039037085231
0.21624687996369413,0.620039037085231
0.2162959600544712,0.620039037085231
0.21634506242905788,0.620039037085231
0.21639418710263397,0.620039037085231
0.21621621621621623,0.6193884189980482
0.2162653339391186,0.6193884189980482
0.21608725289706884,0.6187378009108653
0.21613636363636363,0.6187378009108653
0.2161854967037963,0.6187378009108653
0.21623465211459755,0.6187378009108653
0.21628382988401182,0.6187378009108653
0.21610555050045496,0.6180871828236825
0.2161547212741752,0.6180871828236825
0.2162039144287665,0.6180871828236825
0.21625312997951285,0.6180871828236825
0.21607468123861567,0.6174365647364997
0.21612388977453884,0.6174365647364997
0.21617312072892939,0.6174365647364997
0.21622237411711095,0.6174365647364997
0.21627164995442114,0.6174365647364997
0.21632094825621154,0.6174365647364997
0.2161422708618331,0.6167859466493169
0.2161915621436716,0.6167859466493169
0.21624087591240876,0.6167859466493169
0.216290212183436,0.6167859466493169
0.21633957097215883,0.6167859466493169
0.2163889522939968,0.6167859466493169
0.21621004566210045,0.616135328562134
0.21625941995889472,0.616135328562134
0.21630881681132938,0.616135328562134
0.21635823623486405,0.616135328562134
0.21617915904936014,0.6154847104749512
0.21622857142857144,0.6154847104749512
0.2162780064014632,0.6154847104749512
0.21632746398353533,0.6154847104749512
0.21637694419030193,0.6154847104749512
0.21642644703729125,0.6154847104749512
0.21647597254004577,0.6154847104749512
0.2162966353856718,0.6148340923877684
0.21611721611721613,0.6141834743005855
0.21593771467826883,0.6135328562134027
0.21598717361429226,0.6135328562134027
0.21603665521191295,0.6135328562134027
0.21608615948670945,0.6135328562134027
0.21613568645427458,0.6135328562134027
0.2161852361302155,0.6135328562134027
0.21623480853015364,0.6135328562134027
0.21628440366972476,0.6135328562134027
0.21633402156457904,0.6135328562134027
0.2163836622303809,0.6135328562134027
0.21643332568280926,0.6135328562134027
0.2164830119375574,0.6135328562134027
0.21653272101033294,0.6135328562134027
0.21658245291685807,0.6135328562134027
0.21663220767286928,0.6135328562134027
0.21668198529411764,0.6135328562134027
0.21673178579636865,0.6135328562134027
0.2167816091954023,0.6135328562134027
0.2168314555070131,0.6135328562134027
0.2168813247470101,0.6135328562134027
0.21693121693121692,0.6135328562134027
0.2169811320754717,0.6135328562134027
0.21703107019562715,0.6135328562134027
0.21708103130755063,0.6135328562134027
0.2171310154271241,0.6135328562134027
0.21718102257024413,0.6135328562134027
0.21723105275282192,0.6135328562134027
0.2172811059907834,0.6135328562134027
0.2171007144503342,0.6128822381262199
0.21715076071922546,0.6128822381262199
0.2172008300668665,0.6128822381262199
0.2172509225092251,0.6128822381262199
0.21730103806228374,0.6128822381262199
0.21712044300876787,0.6122316200390371
0.2169397645972767,0.6115810019518543
0.2169898430286242,0.6115810019518543
0.21703994458554607,0.6115810019518543
0.21709006928406466,0.6115810019518543
0.21714021714021714,0.6115810019518543
0.21719038817005545,0.6115810019518543
0.2172405823896464,0.6115810019518543
0.21729079981507166,0.6115810019518543
0.21710982658959538,0.6109303838646715
0.2171600370027752,0.6109303838646715
0.21721027064538515,0.6109303838646715
0.21726052753354927,0.6109303838646715
0.21731080768340663,0.6109303838646715
0.21736111111111112,0.6109303838646715
0.2171799027552674,0.6102797657774887
0.2172301991662807,0.6102797657774887
0.21728051887885105,0.6102797657774887
0.21733086190917517,0.6102797657774887
0.21738122827346465,0.6102797657774887
0.21743161798794622,0.6102797657774887
0.21748203106886158,0.6102797657774887
0.21753246753246752,0.6102797657774887
0.21735096265367665,0.6096291476903057
0.2174013921113689,0.6096291476903057
0.21721977256904154,0.6089785296031229
0.21727019498607242,0.6089785296031229
0.2173206408172742,0.6089785296031229
0.2173711100789596,0.6089785296031229
0.21742160278745645,0.6089785296031229
0.21723977695167287,0.6083279115159401
0.21729026260748316,0.6083279115159401
0.21710832171083216,0.6076772934287573
0.21692629621018367,0.6070266753415745
0.2169767441860465,0.6070266753415745
0.21702721563154223,0.6070266753415745
0.21684504420660772,0.6063760572543917
0.21689550849429834,0.6063760572543917
0.2169459962756052,0.6063760572543917
0.2167636786961583,0.6057254391672089
0.21658127619934792,0.605074821080026
0.21663172606568834,0.605074821080026
0.21668219944082012,0.605074821080026
0.2167326963411792,0.605074821080026
0.21678321678321677,0.605074821080026
0.21660060620191188,0.6044242029928432
0.21665111940298507,0.6044242029928432
0.2167016561698157,0.6044242029928432
0.21675221651889873,0.6044242029928432
0.21680280046674447,0.6044242029928432
0.21685340802987862,0.6044242029928432
0.2166705580200794,0.6037735849056604
0.2167211583372256,0.6037735849056604
0.21653819201121233,0.6031229668184775
0.21658878504672896,0.6031229668184775
0.216639401729376,0.6031229668184775
0.21669004207573633,0.6031229668184775
0.21674070610240823,0.6031229668184775
0.21679139382600562,0.6031229668184775
0.2168421052631579,0.6031229668184775
0.21689284043051005,0.6031229668184775
0.2167095717294641,0.6024723487312947
0.21676029962546817,0.6024723487312947
0.21681105127604777,0.6024723487312947
0.21662763466042154,0.6018217306441119
0.2166783790114781,0.6018217306441119
0.21672914714151828,0.6018217306441119
0.21677993906726037,0.6018217306441119
0.21683075480543834,0.6018217306441119
0.21688159437280188,0.6018217306441119
0.21693245778611633,0.6018217306441119
0.2169833450621628,0.6018217306441119
0.21703425621773814,0.6018217306441119
0.217085191269655,0.6018217306441119
0.21713615023474178,0.6018217306441119
0.2171871331298427,0.6018217306441119
0.21723813997181776,0.6018217306441119
0.21705426356589147,0.6011711125569291
0.21687030075187969,0.6005204944697463
0.21692126909518214,0.6005204944697463
0.21697226140103432,0.6005204944697463
0.2167881495415001,0.5998698763825634
0.21683913452492945,0.5998698763825634
0.21665490472829924,0.5992192582953806
0.21670588235294116,0.5992192582953806
0.21675688397269946,0.5992192582953806
0.21657250470809794,0.5985686402081978
0.21662349894042854,0.5985686402081978
0.2166745171926519,0.5985686402081978
0.21672555948174324,0.5985686402081978
0.21677662582469368,0.5985686402081978
0.2168277162385105,0.5985686402081978
0.21664309288071665,0.597918022121015
0.21669417590190992,0.597918022121015
0.21674528301886792,0.597918022121015
0.21679641424864354,0.597918022121015
0.2168475696083058,0.597918022121015
0.2166627330658485,0.5972674040338322
0.21671388101983002,0.5972674040338322
0.2167650531286895,0.5972674040338322
0.2168162494095418,0.5972674040338322
0.21686746987951808,0.5972674040338322
0.21691871455576558,0.5972674040338322
0.21673363271094304,0.5966167859466494
0.21678486997635935,0.5966167859466494
0.2168361314731615,0.5966167859466494
0.21688741721854304,0.5966167859466494
0.21693872722971375,0.5966167859466494
0.21699006152389966,0.5966167859466494
0.21680473372781064,0.5959661678594665
0.2168560606060606,0.5959661678594665
0.21690741179256454,0.5959661678594665
0.21695878730459497,0.5959661678594665
0.2170101871594409,0.5959661678594665
0.21682464454976302,0.5953155497722836
0.21687603697558663,0.5953155497722836
0.21692745376955902,0.5953155497722836
0.2169788949490159,0.5953155497722836
0.2170303605313093,0.5953155497722836
0.21708185053380782,0.5953155497722836
0.21713336497389654,0.5953155497722836
0.217184903868977,0.5953155497722836
0.21723646723646722,0.5953155497722836
0.21728805509380195,0.5953155497722836
0.2171021377672209,0.5946649316851008
0.21715371822285578,0.5946649316851008
0.21720532319391636,0.5946649316851008
0.21725695269788448,0.5946649316851008
0.2173086067522587,0.5946649316851008
0.2173602853745541,0.5946649316851008
0.21717411988582302,0.594014313597918
0.2172257911015941,0.594014313597918
0.21703950499762018,0.5933636955107352
0.21709116876934062,0.5933636955107352
0.21714285714285714,0.5933636955107352
0.2171945701357466,0.5933636955107352
0.21724630776560266,0.5933636955107352
0.21729807005003574,0.5933636955107352
0.2171115347950429,0.5927130774235524
0.2171632896305125,0.5927130774235524
0.21721506914639963,0.5927130774235524
0.21726687336036252,0.5927130774235524
0.21708015267175573,0.5920624593363696
0.21713194941541397,0.5920624593363696
0.2171837708830549,0.5920624593363696
0.21723561709238481,0.5920624593363696
0.21728748806112702,0.5920624593363696
0.2171005493193217,0.5914118412491868
0.21715241280458672,0.5914118412491868
0.2169653524492234,0.5907612231620039
0.2170172084130019,0.5907612231620039
0.21706908917045184,0.5907612231620039
0.21712099473935917,0.5907612231620039
0.2171729251375269,0.5907612231620039
0.21722488038277513,0.5907612231620039
0.2172768604929409,0.5907612231620039
0.2173288654858784,0.5907612231620039
0.21738089537945895,0.5907612231620039
0.21719348659003831,0.590110605074821
0.21724550898203593,0.590110605074821
0.2172975563009104,0.590110605074821
0.21734962856458184,0.590110605074821
0.21740172579098754,0.590110605074821
0.21745384799808198,0.590110605074821
0.21726618705035972,0.5894599869876382
0.21731830175101943,0.5894599869876382
0.21737044145873322,0.5894599869876382
0.2174226061915047,0.5894599869876382
0.21747479596735478,0.5894599869876382
0.21728691476590636,0.5888093689004554
0.21733909702209414,0.5888093689004554
0.21739130434782608,0.5888093689004554
0.2174435367611725,0.5888093689004554
0.2174957942802211,0.5888093689004554
0.21754807692307693,0.5888093689004554
0.21760038470786247,0.5888093689004554
0.21765271765271765,0.5888093689004554
0.21770507577579987,0.5888093689004554
0.21751684311838307,0.5881587508132726
0.21756919374247893,0.5881587508132726
0.21762156957149736,0.5881587508132726
0.21767397062364555,0.5881587508132726
0.21772639691714837,0.5881587508132726
0.21777884847024814,0.5881587508132726
0.21783132530120483,0.5881587508132726
0.21788382742829598,0.5881587508132726
0.21793635486981677,0.5881587508132726
0.2177477694719074,0.5875081327260898
0.2178002894356006,0.5875081327260898
0.2178528347406514,0.5875081327260898
0.2179054054054054,0.5875081327260898
0.2179580014482259,0.5875081327260898
0.21801062288749395,0.5875081327260898
0.2180632697416083,0.5875081327260898
0.21811594202898552,0.5875081327260898
0.21816863976805992,0.5875081327260898
0.2182213629772837,0.5875081327260898
0.21803239062122312,0.586857514638907
0.21808510638297873,0.586857514638907
0.2181378476420798,0.586857514638907
0.2181906144170295,0.586857514638907
0.2182434067263489,0.586857514638907
0.21829622458857695,0.586857514638907
0.21834906802227064,0.586857514638907
0.21840193704600483,0.586857514638907
0.21845483167837249,0.586857514638907
0.2185077519379845,0.586857514638907
0.21856069784346982,0.586857514638907
0.21861366941347551,0.586857514638907
0.21866666666666668,0.586857514638907
0.21871968962172647,0.586857514638907
0.2187727382973563,0.586857514638907
0.2188258127122756,0.586857514638907
0.21887891288522204,0.586857514638907
0.21893203883495146,0.586857514638907
0.2187424132070891,0.5862068965517241
0.218795531811559,0.5862068965517241
0.21884867622054893,0.5862068965517241
0.21890184645286687,0.5862068965517241
0.218955042527339,0.5862068965517241
0.2190082644628099,0.5862068965517241
0.21906151227814247,0.5862068965517241
0.2191147859922179,0.5862068965517241
0.21916808562393578,0.5862068965517241
0.2192214111922141,0.5862068965517241
0.21927476271598928,0.5862068965517241
0.21908471275559882,0.5855562784645413
0.2191380569758948,0.5855562784645413
0.21919142717973697,0.5855562784645413
0.2192448233861145,0.5855562784645413
0.21929824561403508,0.5855562784645413
0.21935169388252498,0.5855562784645413
0.21940516821062897,0.5855562784645413
0.21921482565227993,0.5849056603773585
0.21902439024390244,0.5842550422901757
0.2190778238594779,0.5842550422901757
0.21913128355295267,0.5842550422901757
0.21918476934342201,0.5842550422901757
0.21923828125,0.5842550422901757
0.21904761904761905,0.5836044242029929
0.21910112359550563,0.5836044242029929
0.21915465428780845,0.5836044242029929
0.21896383186705767,0.58295380611581
0.2190173551698851,0.58295380611581
0.21907090464547677,0.58295380611581
0.21912448031303497,0.58295380611581
0.2191780821917808,0.58295380611581
0.21923171030095426,0.58295380611581
0.219285364659814,0.58295380611581
0.2193390452876377,0.58295380611581
0.21939275220372184,0.58295380611581
0.21920156747489591,0.5823031880286272
0.21925526702596768,0.5823031880286272
0.21930899289389855,0.5823031880286272
0.2193627450980392,0.5823031880286272
0.21941652365775927,0.5823031880286272
0.21947032859244728,0.5823031880286272
0.21952415992151092,0.5823031880286272
0.21933267909715407,0.5816525699414443
0.21938650306748467,0.5816525699414443
0.21944035346097202,0.5816525699414443
0.21949423029707832,0.5816525699414443
0.21954813359528488,0.5816525699414443
0.21935642348317366,0.5810019518542615
0.2194103194103194,0.5810019518542615
0.21946424182845908,0.5810019518542615
0.2195181907571288,0.5810019518542615
0.21957216621588393,0.5810019518542615
0.21962616822429906,0.5810019518542615
0.21968019680196801,0.5810019518542615
0.21973425196850394,0.5810019518542615
0.21978833374353926,0.5810019518542615
0.21959625800098473,0.5803513337670787
0.21965033243043586,0.5803513337670787
0.21970443349753693,0.5803513337670787
0.21975856122197585,0.5803513337670787
0.21981271562345983,0.5803513337670787
0.21986689672171555,0.5803513337670787
0.21992110453648916,0.5803513337670787
0.21997533908754624,0.5803513337670787
0.22002960039467193,0.5803513337670787
0.21983715766099185,0.5797007156798959
0.2198914116485686,0.5797007156798959
0.2199456924216243,0.5797007156798959
0.21975308641975308,0.5790500975927131
0.21956038528031613,0.5783994795055303
0.21961462450592886,0.5783994795055303
0.21966889053619965,0.5783994795055303
0.21972318339100347,0.5783994795055303
0.21977750309023486,0.5783994795055303
0.21983184965380811,0.5783994795055303
0.21988622310165717,0.5783994795055303
0.21994062345373577,0.5783994795055303
0.21999505073001732,0.5783994795055303
0.22004950495049505,0.5783994795055303
0.22010398613518198,0.5783994795055303
0.22015849430411094,0.5783994795055303
0.22021302947733465,0.5783994795055303
0.22026759167492566,0.5783994795055303
0.22032218091697645,0.5783994795055303
0.2203767972235994,0.5783994795055303
0.22043144061492687,0.5783994795055303
0.2204861111111111,0.5783994795055303
0.22054080873232448,0.5783994795055303
0.2205955334987593,0.5783994795055303
0.22065028543062795,0.5783994795055303
0.22070506454816285,0.5783994795055303
0.22075987087161658,0.5783994795055303
0.2208147044212618,0.5783994795055303
0.22086956521739132,0.5783994795055303
0.2209244532803181,0.5783994795055303
0.22097936863037534,0.5783994795055303
0.22103431128791645,0.5783994795055303
0.2210892812733151,0.5783994795055303
0.22114427860696517,0.5783994795055303
0.22119930330928092,0.5783994795055303
0.22125435540069685,0.5783994795055303
0.2213094349016679,0.5783994795055303
0.22136454183266932,0.5783994795055303
0.22141967621419675,0.5783994795055303
0.22147483806676632,0.5783994795055303
0.22153002741091452,0.5783994795055303
0.2213359920239282,0.5777488614183475
0.22139117427075541,0.5777488614183475
0.22144638403990025,0.5777488614183475
0.22150162135195808,0.5777488614183475
0.2215568862275449,0.5777488614183475
0.22161217868729724,0.5777488614183475
0.2216674987518722,0.5777488614183475
0.22172284644194756,0.5777488614183475
0.2217782217782218,0.5777488614183475
0.22158381214089434,0.5770982433311646
0.22138930534732634,0.5764476252439817
0.22144463884028992,0.5764476252439817
0.2215,0.5764476252439817
0.2215553888472118,0.5764476252439817
0.22161080540270134,0.5764476252439817
0.22166624968726545,0.5764476252439817
0.22172172172172172,0.5764476252439817
0.22177722152690862,0.5764476252439817
0.22183274912368553,0.5764476252439817
0.22188830453293262,0.5764476252439817
0.2219438877755511,0.5764476252439817
0.22199949887246304,0.5764476252439817
0.22205513784461153,0.5764476252439817
0.22186011531712208,0.5757970071567989
0.22191574724172516,0.5757970071567989
0.2219714070729872,0.5757970071567989
0.2220270948319117,0.5757970071567989
0.22208281053952322,0.5757970071567989
0.22213855421686746,0.5757970071567989
0.22194325885011298,0.5751463890696161
0.22199899547965846,0.5751463890696161
0.22180356694297915,0.5744957709824333
0.22185929648241207,0.5744957709824333
0.2219150540336768,0.5744957709824333
0.22197083961789843,0.5744957709824333
0.22202665325622328,0.5744957709824333
0.2220824949698189,0.5744957709824333
0.22213836477987423,0.5744957709824333
0.22194262707599396,0.5738451528952505
0.2219984898061918,0.5738451528952505
0.2218026183282981,0.5731945348080677
0.22185847393603628,0.5731945348080677
0.22191435768261963,0.5731945348080677
0.2219702695893172,0.5731945348080677
0.22202620967741934,0.5731945348080677
0.22208217796823795,0.5731945348080677
0.22188603126575895,0.5725439167208849
0.22168978562421185,0.571893298633702
0.2217457114026236,0.571893298633702
0.2218016654049962,0.571893298633702
0.22160524987380112,0.5712426805465192
0.2216611966675082,0.5712426805465192
0.22171717171717173,0.5712426805465192
0.22177317504420307,0.5712426805465192
0.22182920667003536,0.5712426805465192
0.22188526661612332,0.5712426805465192
0.22194135490394337,0.5712426805465192
0.2219974715549937,0.5712426805465192
0.22205361659079415,0.5712426805465192
0.22210979003288642,0.5712426805465192
0.222165991902834,0.5712426805465192
0.2222222222222222,0.5712426805465192
0.22227848101265824,0.5712426805465192
0.22208153963028615,0.5705920624593364
0.22213779128672745,0.5705920624593364
0.22219407144666836,0.5705920624593364
0.22225038013177903,0.5705920624593364
0.22230671736375157,0.5705920624593364
0.2223630831643002,0.5705920624593364
0.22241947755516103,0.5705920624593364
0.22247590055809233,0.5705920624593364
0.2225323521948744,0.5705920624593364
0.22233502538071065,0.5699414443721535
0.22213759837522215,0.5692908262849707
0.22219400711020823,0.5692908262849707
0.222250444500889,0.5692908262849707
0.22205284552845528,0.5686402081977879
0.2218551461245235,0.5679895901106051
0.2219115404168785,0.5679895901106051
0.2219679633867277,0.5679895901106051
0.22202441505595116,0.5679895901106051
0.2220808954464513,0.5679895901106051
0.22213740458015266,0.5679895901106051
0.2221939424790023,0.5679895901106051
0.22225050916496944,0.5679895901106051
0.222052457346575,0.5673389720234222
0.22210901681100356,0.5673389720234222
0.2221656050955414,0.5673389720234222
0.2222222222222222,0.5673389720234222
0.22227886821310222,0.5673389720234222
0.22233554309026007,0.5673389720234222
0.22239224687579698,0.5673389720234222
0.22244897959183674,0.5673389720234222
0.22250574126052564,0.5673389720234222
0.22256253190403266,0.5673389720234222
0.22236405412305335,0.5666883539362394
0.22242083758937692,0.5666883539362394
0.2222222222222222,0.5660377358490566
0.22227899846704138,0.5660377358490566
0.22233580373115258,0.5660377358490566
0.2223926380368098,0.5660377358490566
0.22244950140628994,0.5660377358490566
0.22250639386189258,0.5660377358490566
0.22256331542594013,0.5660377358490566
0.2226202661207779,0.5660377358490566
0.222677245968774,0.5660377358490566
0.2227342549923195,0.5660377358490566
0.22279129321382843,0.5660377358490566
0.2225922131147541,0.5653871177618738
0.2226492441711504,0.5653871177618738
0.22270630445925166,0.5653871177618738
0.2225070494744937,0.564736499674691
0.22256410256410256,0.564736499674691
0.22262118491921004,0.564736499674691
0.22267829656233967,0.564736499674691
0.2224788298691301,0.5640858815875082
0.2225359342915811,0.5640858815875082
0.22259306803594353,0.5640858815875082
0.2226502311248074,0.5640858815875082
0.22270742358078602,0.5640858815875082
0.22276464542651592,0.5640858815875082
0.2228218966846569,0.5640858815875082
0.22287917737789203,0.5640858815875082
0.22293648752892775,0.5640858815875082
0.22299382716049382,0.5640858815875082
0.22305119629534345,0.5640858815875082
0.2231085949562532,0.5640858815875082
0.22316602316602316,0.5640858815875082
0.22322348094747682,0.5640858815875082
0.22328096832346125,0.5640858815875082
0.223338485316847,0.5640858815875082
0.2233960319505282,0.5640858815875082
0.2234536082474227,0.5640858815875082
0.22351121423047177,0.5640858815875082
0.22356884992264053,0.5640858815875082
0.22362651534691771,0.5640858815875082
0.22342621259029927,0.5634352635003254
0.22348387096774194,0.5634352635003254
0.22354155911202891,0.5634352635003254
0.2235992770462174,0.5634352635003254
0.2233987603305785,0.5627846454131424
0.22345647119607337,0.5627846454131424
0.2235142118863049,0.5627846454131424
0.22357198242439907,0.5627846454131424
0.22362978283350568,0.5627846454131424
0.22368761313679855,0.5627846454131424
0.22374547335747544,0.5627846454131424
0.2238033635187581,0.5627846454131424
0.22386128364389235,0.5627846454131424
0.223660367589956,0.5621340273259596
0.22371828068358363,0.5621340273259596
0.22377622377622378,0.5621340273259596
0.22383419689119172,0.5621340273259596
0.2238922000518269,0.5621340273259596
0.223950233281493,0.5621340273259596
0.2240082966035779,0.5621340273259596
0.22406639004149378,0.5621340273259596
0.22412451361867705,0.5621340273259596
0.2239231966787753,0.5614834092387768
0.22398131326239293,0.5614834092387768
0.22403946002076844,0.5614834092387768
0.22409763697740848,0.5614834092387768
0.2238961038961039,0.560832791151594
0.22395427383736036,0.560832791151594
0.224012474012474,0.560832791151594
0.22381076163244087,0.5601821730644112
0.22386895475819032,0.5601821730644112
0.22392717815344604,0.5601821730644112
0.22398543184183142,0.5601821730644112
0.22404371584699453,0.5601821730644112
0.22410203019260802,0.5601821730644112
0.22416037490236917,0.5601821730644112
0.22421875,0.5601821730644112
0.2242771555092472,0.5601821730644112
0.22433559145388224,0.5601821730644112
0.22439405785770133,0.5601821730644112
0.22445255474452555,0.5601821730644112
0.22451108213820078,0.5601821730644112
0.2245696400625978,0.5601821730644112
0.22462822854161232,0.5601821730644112
0.22468684759916493,0.5601821730644112
0.22474549725920126,0.5601821730644112
0.2248041775456919,0.5601821730644112
0.22486288848263253,0.5601821730644112
0.2249216300940439,0.5601821730644112
0.22498040240397177,0.5601821730644112
0.2250392054364872,0.5601821730644112
0.22509803921568627,0.5601821730644112
0.22515690376569036,0.5601821730644112
0.2252157991106461,0.5601821730644112
0.22527472527472528,0.5601821730644112
0.2253336822821251,0.5601821730644112
0.22539267015706807,0.5601821730644112
0.22545168892380205,0.5601821730644112
0.22551073860660031,0.5601821730644112
0.2255698192297616,0.5601821730644112
0.22562893081761007,0.5601821730644112
0.22568807339449543,0.5601821730644112
0.22574724698479287,0.5601821730644112
0.22580645161290322,0.5601821730644112
0.22586568730325288,0.5601821730644112
0.2259249540802939,0.5601821730644112
0.22598425196850394,0.5601821730644112
0.22604358099238644,0.5601821730644112
0.2261029411764706,0.5601821730644112
0.22616233254531126,0.5601821730644112
0.22622175512348922,0.5601821730644112
0.22628120893561104,0.5601821730644112
0.22634069400630916,0.5601821730644112
0.22613726005784907,0.5595315549772284
0.22593371909521304,0.5588809368900456
0.22573007103393844,0.5582303188028627
0.22578947368421054,0.5582303188028627
0.22558568044222163,0.5575797007156799
0.22538177988414956,0.556929082628497
0.2251777719252041,0.5562784645413142
0.2249736564805058,0.5556278464541314
0.22476943346508563,0.5549772283669486
0.22482867685819716,0.5549772283669486
0.22488795148958607,0.5549772283669486
0.22494725738396623,0.5549772283669486
0.22500659456607755,0.5549772283669486
0.22480211081794196,0.5543266102797658
0.22486144101346,0.5543266102797658
0.22465681098204857,0.5536759921925829
0.2247161341431212,0.5536759921925829
0.22477548864236663,0.5536759921925829
0.22483487450462353,0.5536759921925829
0.22489429175475686,0.5536759921925829
0.22495374041765795,0.5536759921925829
0.22474881015335801,0.5530253741054001
0.224808251785242,0.5530253741054001
0.22486772486772486,0.5530253741054001
0.224927229425774,0.5530253741054001
0.2247220751720487,0.5523747560182173
0.22478157267672755,0.5523747560182173
0.22484110169491525,0.5523747560182173
0.22490066225165564,0.5523747560182173
0.22496025437201908,0.5523747560182173
0.22501987808110258,0.5523747560182173
0.2250795334040297,0.5523747560182173
0.2251392203659507,0.5523747560182173
0.22519893899204244,0.5523747560182173
0.2249933669408331,0.5517241379310345
0.22478768577494693,0.5510735198438517
0.22484735864082825,0.5510735198438517
0.22490706319702602,0.5510735198438517
0.2249667994687915,0.5510735198438517
0.22502656748140276,0.5510735198438517
0.22482062184427318,0.5504229017566689
0.22488038277511962,0.5504229017566689
0.22494017548524328,0.5504229017566689
0.225,0.5504229017566689
0.22505985634477255,0.5504229017566689
0.22511974454497072,0.5504229017566689
0.2251796646260314,0.5504229017566689
0.22523961661341854,0.5504229017566689
0.22529960053262316,0.5504229017566689
0.22535961640916355,0.5504229017566689
0.22541966426858512,0.5504229017566689
0.22547974413646055,0.5504229017566689
0.22553985603838977,0.5504229017566689
0.2256,0.5504229017566689
0.22566017604694585,0.5504229017566689
0.22572038420490928,0.5504229017566689
0.22578062449959968,0.5504229017566689
0.22584089695675388,0.5504229017566689
0.22563417890520696,0.549772283669486
0.22542735042735043,0.5491216655823032
0.22548757681004541,0.5491216655823032
0.22528059861036878,0.5484710474951203
0.22534081796311148,0.5484710474951203
0.22540106951871658,0.5484710474951203
0.2254613533030222,0.5484710474951203
0.2252541466024612,0.5478204294079375
0.22531442333422533,0.5478204294079375
0.22537473233404712,0.5478204294079375
0.2254350736278447,0.5478204294079375
0.225495447241564,0.5478204294079375
0.22555585320117869,0.5478204294079375
0.22561629153269025,0.5478204294079375
0.22567676226212813,0.5478204294079375
0.2257372654155496,0.5478204294079375
0.22579780101903996,0.5478204294079375
0.22585836909871246,0.5478204294079375
0.22565065736517306,0.5471698113207547
0.22571121846484166,0.5471698113207547
0.22550335570469798,0.5465191932335719
0.22556390977443608,0.5465191932335719
0.22562449637389204,0.5465191932335719
0.22568511552928533,0.5465191932335719
0.22574576726686374,0.5465191932335719
0.22580645161290322,0.5465191932335719
0.22586716859370798,0.5465191932335719
0.2256589564281872,0.5458685751463891
0.22545063223029324,0.5452179570592063
0.2255113024757804,0.5452179570592063
0.22557200538358008,0.5452179570592063
0.22563274098007538,0.5452179570592063
0.2256935092916779,0.5452179570592063
0.2257543103448276,0.5452179570592063
0.2255456750202102,0.5445673389720235
0.22560646900269543,0.5445673389720235
0.22539768131571852,0.5439167208848406
0.22545846817691478,0.5439167208848406
0.22551928783382788,0.5439167208848406
0.22558014031300594,0.5439167208848406
0.2253711201079622,0.5432661027976577
0.2254319654427646,0.5432661027976577
0.22549284364029165,0.5432661027976577
0.2255537547271745,0.5432661027976577
0.22561469873007295,0.5432661027976577
0.2254054054054054,0.5426154847104749
0.22546634225466342,0.5426154847104749
0.22525689561925366,0.5419648666232921
0.22531782526372734,0.5419648666232921
0.22537878787878787,0.5419648666232921
0.22543978349120433,0.5419648666232921
0.22550081212777476,0.5419648666232921
0.2255618738153263,0.5419648666232921
0.22562296858071507,0.5419648666232921
0.22541316716337037,0.5413142485361093
0.22547425474254743,0.5413142485361093
0.2255353754404988,0.5413142485361093
0.22559652928416485,0.5413142485361093
0.22538649308380798,0.5406636304489265
0.22544763971785134,0.5406636304489265
0.22550881953867027,0.5406636304489265
0.2255700325732899,0.5406636304489265
0.2253597610643497,0.5400130123617437
0.2254209668658338,0.5400130123617437
0.22548220592230372,0.5400130123617437
0.22554347826086957,0.5400130123617437
0.22560478390867084,0.5400130123617437
0.22566612289287658,0.5400130123617437
0.22572749524068533,0.5400130123617437
0.22578890097932536,0.5400130123617437
0.22585034013605443,0.5400130123617437
0.22591181273816005,0.5400130123617437
0.22570106180234142,0.5393623942745608
0.22576252723311546,0.5393623942745608
0.2255516208117679,0.538711776187378
0.22561307901907357,0.538711776187378
0.22567457072771874,0.538711776187378
0.2257360959651036,0.538711776187378
0.22579765475865832,0.538711776187378
0.22585924713584288,0.538711776187378
0.22592087312414735,0.538711776187378
0.22570960698689957,0.5380611581001952
0.22577122577122577,0.5380611581001952
0.22583287820862916,0.5380611581001952
0.2258945643266867,0.5380611581001952
0.22595628415300548,0.5380611581001952
0.22601803771522275,0.5380611581001952
0.22607982504100602,0.5380611581001952
0.22614164615805304,0.5380611581001952
0.2262035010940919,0.5380611581001952
0.22599179206566347,0.5374105400130124
0.2260536398467433,0.5374105400130124
0.22611552148918698,0.5374105400130124
0.2261774370208105,0.5374105400130124
0.22623938646946043,0.5374105400130124
0.2263013698630137,0.5374105400130124
0.2263633872293779,0.5374105400130124
0.22642543859649122,0.5374105400130124
0.22648752399232247,0.5374105400130124
0.22654964344487108,0.5374105400130124
0.22661179698216735,0.5374105400130124
0.22667398463227223,0.5374105400130124
0.22673620642327752,0.5374105400130124
0.22679846238330587,0.5374105400130124
0.22686075254051086,0.5374105400130124
0.22692307692307692,0.5374105400130124
0.2267106347897774,0.5367599219258296
0.22677295217152282,0.5367599219258296
0.22683530382183117,0.5367599219258296
0.2268976897689769,0.5367599219258296
0.22696011004126548,0.5367599219258296
0.22702256466703358,0.5367599219258296
0.22708505367464904,0.5367599219258296
0.22714757709251102,0.5367599219258296
0.22721013494904985,0.5367599219258296
0.22699724517906336,0.5361093038386467
0.22705979608707633,0.5361093038386467
0.22712238147739802,0.5361093038386467
0.22690929142542046,0.5354586857514639
0.22697186982901268,0.5354586857514639
0.22675862068965516,0.534808067664281
0.22654525386313465,0.5341574495770982
0.22660778360474745,0.5341574495770982
0.22639425731639978,0.5335068314899154
0.2264567798950566,0.5335068314899154
0.2265193370165746,0.5335068314899154
0.2265819287095883,0.5335068314899154
0.22664455500276395,0.5335068314899154
0.22670721592479956,0.5335068314899154
0.22676991150442477,0.5335068314899154
0.22655601659751037,0.5328562134027326
0.22661870503597123,0.5328562134027326
0.22668142817603099,0.5328562134027326
0.22674418604651161,0.5328562134027326
0.22680697867626695,0.5328562134027326
0.22686980609418284,0.5328562134027326
0.22693266832917705,0.5328562134027326
0.22699556541019955,0.5328562134027326
0.22705849736623232,0.5328562134027326
0.2271214642262895,0.5328562134027326
0.22718446601941747,0.5328562134027326
0.22697003329633741,0.5322055953155498
0.22703302803219538,0.5322055953155498
0.22709605774569683,0.5322055953155498
0.22715912246598166,0.5322055953155498
0.22722222222222221,0.5322055953155498
0.22728535704362324,0.5322055953155498
0.2273485269594219,0.5322055953155498
0.22741173199888795,0.5322055953155498
0.2274749721913237,0.5322055953155498
0.22753824756606397,0.5322055953155498
0.22760155815247635,0.5322055953155498
0.22766490397996103,0.5322055953155498
0.227728285077951,0.5322055953155498
0.227791701475912,0.5322055953155498
0.22785515320334263,0.5322055953155498
0.22791864028977432,0.5322055953155498
0.22798216276477146,0.5322055953155498
0.2280457206579314,0.5322055953155498
0.22810931399888454,0.5322055953155498
0.22789400278940028,0.531554977228367
0.22795758928571427,0.531554977228367
0.22774211554563215,0.5309043591411842
0.22780569514237856,0.5309043591411842
0.22759005864283718,0.5302537410540012
0.22737430167597766,0.5296031229668184
0.22715842414082146,0.5289525048796356
0.2272219116825042,0.5289525048796356
0.22728543472183393,0.5289525048796356
0.2273489932885906,0.5289525048796356
0.2274125874125874,0.5289525048796356
0.22747621712367097,0.5289525048796356
0.22753988245172124,0.5289525048796356
0.22760358342665174,0.5289525048796356
0.2276673200784094,0.5289525048796356
0.22745098039215686,0.5283018867924528
0.2275147100028019,0.5283018867924528
0.22757847533632286,0.5283018867924528
0.22764227642276422,0.5283018867924528
0.22770611329220414,0.5283018867924528
0.22776998597475456,0.5283018867924528
0.22783389450056116,0.5283018867924528
0.22789783889980353,0.5283018867924528
0.22796181920269512,0.5283018867924528
0.2280258354394833,0.5283018867924528
0.22808988764044943,0.5283018867924528
0.22815397583590896,0.5283018867924528
0.2279370432827431,0.52765126870527
0.22771998875456845,0.5270006506180872
0.22778402699662542,0.5270006506180872
0.22756680731364276,0.5263500325309044
0.22763083849184018,0.5263500325309044
0.22769490571348155,0.5263500325309044
0.227759009009009,0.5263500325309044
0.2278231484088989,0.5263500325309044
0.22788732394366198,0.5263500325309044
0.22795153564384332,0.5263500325309044
0.22801578354002255,0.5263500325309044
0.22808006766281363,0.5263500325309044
0.2281443880428652,0.5263500325309044
0.22820874471086036,0.5263500325309044
0.22799097065462753,0.5256994144437215
0.22805532034998588,0.5256994144437215
0.22783738001129306,0.5250487963565387
0.22790172267720982,0.5250487963565387
0.22796610169491524,0.5250487963565387
0.2277479513987002,0.5243981782693559
0.22781232334652346,0.5243981782693559
0.2278767316935256,0.5243981782693559
0.22794117647058823,0.5243981782693559
0.22772277227722773,0.523747560182173
0.22778720996038485,0.523747560182173
0.2278516841211435,0.523747560182173
0.22791619479048697,0.523747560182173
0.22798074199943358,0.523747560182173
0.22776203966005665,0.5230969420949902
0.22782657976763956,0.5230969420949902
0.22789115646258504,0.5230969420949902
0.22795576977601362,0.5230969420949902
0.2280204197390811,0.5230969420949902
0.22808510638297871,0.5230969420949902
0.22814982973893302,0.5230969420949902
0.22821458983820608,0.5230969420949902
0.2279954571266326,0.5224463240078074
0.22806021016756603,0.5224463240078074
0.2278409090909091,0.5217957059206246
0.22790565501562943,0.5217957059206246
0.22797043774872086,0.5217957059206246
0.2280352573215809,0.5217957059206246
0.22810011376564276,0.5217957059206246
0.22816500711237553,0.5217957059206246
0.228229937393284,0.5217957059206246
0.2282949046399089,0.5217957059206246
0.22835990888382687,0.5217957059206246
0.22814013101680433,0.5211450878334418
0.2282051282051282,0.5211450878334418
0.22827016243944143,0.5211450878334418
0.2283352337514253,0.5211450878334418
0.22840034217279725,0.5211450878334418
0.2284654877353109,0.5211450878334418
0.2282453637660485,0.5204944697462589
0.228310502283105,0.5204944697462589
0.22837567799029404,0.5204944697462589
0.22815533980582525,0.5198438516590761
0.22822050842616395,0.5198438516590761
0.228,0.5191932335718933
0.22806516147470707,0.5191932335718933
0.2281303602058319,0.5191932335718933
0.228195596225336,0.5191932335718933
0.22797482837528604,0.5185426154847105
0.22804005722460657,0.5185426154847105
0.22810532341156267,0.5185426154847105
0.227884340108789,0.5178919973975277
0.2279495990836197,0.5178919973975277
0.2280148954454311,0.5178919973975277
0.22808022922636104,0.5178919973975277
0.22814560045858412,0.5178919973975277
0.22821100917431192,0.5178919973975277
0.22798967593920275,0.5172413793103449
0.22805507745266781,0.5172413793103449
0.22812051649928264,0.5172413793103449
0.22818599311136625,0.5172413793103449
0.22796439850703418,0.516590761223162
0.22802986789201607,0.516590761223162
0.22809537489227233,0.516590761223162
0.22816091954022988,0.516590761223162
0.22822650186835297,0.516590761223162
0.2282921219091432,0.516590761223162
0.22835777969513948,0.516590761223162
0.2284234752589183,0.516590761223162
0.22848920863309352,0.516590761223162
0.22855497985031664,0.516590761223162
0.2286207889432767,0.516590761223162
0.22868663594470046,0.516590761223162
0.22875252088735235,0.516590761223162
0.22881844380403457,0.516590761223162
0.2288844047275872,0.516590761223162
0.22895040369088812,0.516590761223162
0.2287280069224113,0.5159401431359791
0.2287939988459319,0.5159401431359791
0.22886002886002885,0.5159401431359791
0.22892609699769054,0.5159401431359791
0.2289922032919434,0.5159401431359791
0.2290583477758521,0.5159401431359791
0.2291245304825195,0.5159401431359791
0.22919075144508672,0.5159401431359791
0.22925701069673315,0.5159401431359791
0.22903412377096588,0.5152895250487963
0.22881110789702053,0.5146389069616135
0.22887731481481483,0.5146389069616135
0.22894356005788713,0.5146389069616135
0.22900984365952518,0.5146389069616135
0.2290761656530553,0.5146389069616135
0.2291425260718424,0.5146389069616135
0.22920892494929007,0.5146389069616135
0.22927536231884058,0.5146389069616135
0.22934183821397505,0.5146389069616135
0.22940835266821347,0.5146389069616135
0.2291847983753989,0.5139882888744307
0.22925130586186884,0.5139882888744307
0.22931785195936139,0.5139882888744307
0.22938443670150988,0.5139882888744307
0.22945106012198663,0.5139882888744307
0.2295177222545032,0.5139882888744307
0.22958442313281022,0.5139882888744307
0.22965116279069767,0.5139882888744307
0.22971794126199477,0.5139882888744307
0.22949389179755672,0.5133376707872479
0.22956066336921735,0.5133376707872479
0.22962747380675202,0.5133376707872479
0.22940320232896652,0.5126870527000651
0.2294700058241118,0.5126870527000651
0.229536848237693,0.5126870527000651
0.2293123543123543,0.5120364346128823
0.22908772952491985,0.5113858165256994
0.2291545189504373,0.5113858165256994
0.22922134733158356,0.5113858165256994
0.22928821470245042,0.5113858165256994
0.22935512109716955,0.5113858165256994
0.22942206654991243,0.5113858165256994
0.2294890510948905,0.5113858165256994
0.22955607476635514,0.5113858165256994
0.22933099620216185,0.5107351984385166
0.22939801285797778,0.5107351984385166
0.22946506869336453,0.5107351984385166
0.22923976608187135,0.5100845803513337
0.22901433167592863,0.5094339622641509
0.22878876535985956,0.5087833441769681
0.22885572139303484,0.5087833441769681
0.22862997658079626,0.5081327260897853
0.22869692532942898,0.5081327260897853
0.22876391329818394,0.5081327260897853
0.2288309405215353,0.5081327260897853
0.22889800703399765,0.5081327260897853
0.22896511287012605,0.5081327260897853
0.22903225806451613,0.5081327260897853
0.22909944265180404,0.5081327260897853
0.22916666666666666,0.5081327260897853
0.22923393014382154,0.5081327260897853
0.229301233118027,0.5081327260897853
0.2290748898678414,0.5074821080026025
0.2291421856639248,0.5074821080026025
0.22920952101087275,0.5074821080026025
0.22898295120517342,0.5068314899154196
0.2287562481623052,0.5061808718282368
0.2288235294117647,0.5061808718282368
0.22889085025007355,0.5061808718282368
0.22895821071218364,0.5061808718282368
0.229025610833088,0.5061808718282368
0.22909305064782096,0.5061808718282368
0.22916053019145802,0.5061808718282368
0.2292280494991161,0.5061808718282368
0.22929560860595344,0.5061808718282368
0.22936320754716982,0.5061808718282368
0.22943084635800648,0.5061808718282368
0.22920353982300884,0.505530253741054
0.22927117143700207,0.505530253741054
0.22933884297520662,0.505530253741054
0.22940655447298494,0.505530253741054
0.22947430596574128,0.505530253741054
0.2295420974889217,0.505530253741054
0.2293144208037825,0.5048796356538712
0.22938220514336388,0.5048796356538712
0.22945002956830277,0.5048796356538712
0.2295178941141674,0.5048796356538712
0.22958579881656804,0.5048796356538712
0.22965374371115715,0.5048796356538712
0.22972172883362937,0.5048796356538712
0.22978975421972164,0.5048796356538712
0.22985781990521326,0.5048796356538712
0.22962962962962963,0.5042290175666884
0.22969768820391226,0.5042290175666884
0.22946931514971836,0.5035783994795056
0.22924080664294189,0.5029277813923227
0.22930881044200535,0.5029277813923227
0.22937685459940652,0.5029277813923227
0.22914811516770556,0.5022771633051398
0.22891923990498814,0.501626545217957
0.22898722898722898,0.501626545217957
0.22905525846702318,0.501626545217957
0.22912332838038632,0.501626545217957
0.22889417360285375,0.5009759271307742
0.22866488254534642,0.5003253090435914
0.22873289708506842,0.5003253090435914
0.22880095209759,0.5003253090435914
0.22857142857142856,0.4996746909564086
0.22863947603453408,0.4996746909564086
0.22840976771888027,0.4990240728692258
0.22847780756627942,0.4990240728692258
0.22854588796185935,0.4990240728692258
0.2286140089418778,0.4990240728692258
0.2283840190816935,0.4983734547820429
0.2284521324187295,0.4983734547820429
0.22852028639618138,0.4983734547820429
0.2285884810504327,0.4983734547820429
0.22865671641791044,0.4983734547820429
0.2287249925350851,0.4983734547820429
0.22879330943847073,0.4983734547820429
0.22886166716462503,0.4983734547820429
0.22893006575014943,0.4983734547820429
0.22899850523168908,0.4983734547820429
0.229066985645933,0.4983734547820429
0.22913550702961413,0.4983734547820429
0.2289048473967684,0.4977228366948601
0.2289733612690811,0.4977228366948601
0.22904191616766467,0.4977228366948601
0.22911051212938005,0.4977228366948601
0.22887956860395448,0.4970722186076773
0.22894815702727,0.4970722186076773
0.2290167865707434,0.4970722186076773
0.2290854572713643,0.4970722186076773
0.22915416916616677,0.4970722186076773
0.22922292229222924,0.4970722186076773
0.22929171668667467,0.4970722186076773
0.22936055238667066,0.4970722186076773
0.22942942942942943,0.4970722186076773
0.22949834785220788,0.4970722186076773
0.22956730769230768,0.4970722186076773
0.22963630898707543,0.4970722186076773
0.22970535177390258,0.4970722186076773
0.22977443609022558,0.4970722186076773
0.22984356197352587,0.4970722186076773
0.22991272946133012,0.4970722186076773
0.2299819385912101,0.4970722186076773
0.2300511894007829,0.4970722186076773
0.22981927710843372,0.49642160052049444
0.22988852063874662,0.49642160052049444
0.229957805907173,0.49642160052049444
0.23002713295146215,0.49642160052049444
0.23009650180940894,0.49642160052049444
0.22986425339366515,0.49577098243331164
0.22993361496680748,0.49577098243331164
0.23000301841231513,0.49577098243331164
0.23007246376811594,0.49577098243331164
0.23014195107218363,0.49577098243331164
0.23021148036253777,0.49577098243331164
0.2302810516772439,0.49577098243331164
0.23035066505441354,0.49577098243331164
0.2304203205322044,0.49577098243331164
0.23049001814882034,0.49577098243331164
0.23055975794251135,0.49577098243331164
0.23062953995157384,0.49577098243331164
0.23069936421435058,0.49577098243331164
0.23076923076923078,0.49577098243331164
0.2308391396546501,0.49577098243331164
0.2306060606060606,0.4951203643461288
0.23067596241285238,0.4951203643461288
0.23044269254093389,0.494469746258946
0.23051258720048529,0.494469746258946
0.23058252427184467,0.494469746258946
0.2306525037936267,0.494469746258946
0.230722525804493,0.494469746258946
0.23048891588217432,0.49381912817176316
0.23055893074119077,0.49381912817176316
0.23062898814949864,0.49381912817176316
0.23069908814589665,0.49381912817176316
0.23076923076923078,0.49381912817176316
0.23083941605839417,0.49381912817176316
0.23090964405232736,0.49381912817176316
0.23097991479001825,0.49381912817176316
0.2310502283105023,0.49381912817176316
0.23112058465286237,0.49381912817176316
0.23088638440450807,0.49316851008458035
0.23065204143814746,0.49251789199739754
0.2307223407497714,0.49251789199739754
0.2304878048780488,0.49186727391021473
0.23055809698078683,0.49186727391021473
0.23062843197071384,0.49186727391021473
0.23039365273115656,0.49121665582303187
0.23046398046398045,0.49121665582303187
0.23022900763358778,0.49056603773584906
0.23029932803909592,0.49056603773584906
0.23036969141460434,0.49056603773584906
0.230440097799511,0.49056603773584906
0.230510547233262,0.49056603773584906
0.23058103975535169,0.49056603773584906
0.23065157540532272,0.49056603773584906
0.2307221542227662,0.49056603773584906
0.23048668503213957,0.48991541964866625
0.23055725658297613,0.48991541964866625
0.23062787136294027,0.48991541964866625
0.23039215686274508,0.4892648015614834
0.23046276432730617,0.4892648015614834
0.23022685469037402,0.4886141834743006
0.22999080036798528,0.48796356538711777
0.23006134969325154,0.48796356538711777
0.23013194231359313,0.48796356538711777
0.2302025782688766,0.48796356538711777
0.2302732575990175,0.48796356538711777
0.23034398034398035,0.48796356538711777
0.2304147465437788,0.48796356538711777
0.23048555623847572,0.48796356538711777
0.2305564094681832,0.48796356538711777
0.23062730627306274,0.48796356538711777
0.23069824669332514,0.48796356538711777
0.23076923076923078,0.48796356538711777
0.23084025854108955,0.48796356538711777
0.23060344827586207,0.48731294729993496
0.23067446874037573,0.48731294729993496
0.23074553296364755,0.48731294729993496
0.2308166409861325,0.48731294729993496
0.23088779284833538,0.48731294729993496
0.23065063213074313,0.4866623292127521
0.23072177668106109,0.4866623292127521
0.230484418389386,0.4860117111255693
0.23055555555555557,0.4860117111255693
0.2306267366471133,0.4860117111255693
0.23038912909203213,0.4853610930383865
0.2304603027494594,0.4853610930383865
0.23053152039555005,0.4853610930383865
0.23060278207109738,0.4853610930383865
0.23067408781694496,0.4853610930383865
0.230745437673987,0.4853610930383865
0.23081683168316833,0.4853610930383865
0.23088826988548436,0.4853610930383865
0.23095975232198143,0.4853610930383865
0.2310312790337566,0.4853610930383865
0.23110285006195788,0.4853610930383865
0.23117446544778433,0.4853610930383865
0.23093614383137012,0.4847104749512036
0.2310077519379845,0.4847104749512036
0.23107940446650124,0.4847104749512036
0.23084083152342538,0.4840598568640208
0.2309124767225326,0.4840598568640208
0.23098416640794783,0.4840598568640208
0.231055900621118,0.4840598568640208
0.23112767940354148,0.4840598568640208
0.23119950279676818,0.4840598568640208
0.2309605222256761,0.483409238776838
0.23072139303482586,0.4827586206896552
0.2307931570762053,0.4827586206896552
0.23055382700684504,0.48210800260247233
0.2303143479614068,0.4814573845152895
0.23038605230386053,0.4814573845152895
0.23045780130800372,0.4814573845152895
0.23021806853582555,0.4808067664281067
0.22997818635088813,0.4801561483409239
0.2300498753117207,0.4801561483409239
0.23012160898035547,0.4801561483409239
0.23019338739862757,0.4801561483409239
0.23026521060842434,0.4801561483409239
0.23002496878901374,0.47950553025374104
0.22978457695910084,0.47885491216655823
0.22985633978763273,0.47885491216655823
0.22992814745392065,0.47885491216655823
0.23,0.47885491216655823
0.23007189746795872,0.47885491216655823
0.2298311444652908,0.4782042940793754
0.22959024085079763,0.47755367599219256
0.22966207759699625,0.47755367599219256
0.2297339593114241,0.47755367599219256
0.2298058860363181,0.47755367599219256
0.22956467272157846,0.47690305790500975
0.22932330827067668,0.47625243981782694
0.22939517392666875,0.47625243981782694
0.22946708463949844,0.47625243981782694
0.2295390404515522,0.47625243981782694
0.22961104140526975,0.47625243981782694
0.229683087543144,0.47625243981782694
0.2297551789077213,0.47625243981782694
0.22982731554160127,0.47625243981782694
0.2295854271356784,0.47560182173064414
0.22965755576500158,0.47560182173064414
0.22972972972972974,0.47560182173064414
0.22980194907261867,0.47560182173064414
0.22955974842767296,0.4749512036434613
0.22963195973576597,0.4749512036434613
0.22970421648835745,0.4749512036434613
0.22977651872836008,0.4749512036434613
0.22984886649874056,0.4749512036434613
0.22960629921259842,0.47430058555627846
0.22967863894139887,0.47430058555627846
0.22975102426725497,0.47430058555627846
0.22950819672131148,0.47364996746909566
0.22958057395143489,0.47364996746909566
0.22933753943217666,0.4729993493819128
0.22940990848848217,0.4729993493819128
0.22916666666666666,0.47234873129473
0.22923902747079256,0.47234873129473
0.22931143398610235,0.47234873129473
0.22938388625592418,0.47234873129473
0.22945638432364096,0.47234873129473
0.22952892823269047,0.47234873129473
0.22960151802656548,0.47234873129473
0.22967415374881367,0.47234873129473
0.22974683544303798,0.47234873129473
0.22981956315289648,0.47234873129473
0.2298923369221026,0.47234873129473
0.22996515679442509,0.47234873129473
0.2300380228136882,0.47234873129473
0.23011093502377178,0.47234873129473
0.2301838934686113,0.47234873129473
0.2302568981921979,0.47234873129473
0.2303299492385787,0.47234873129473
0.23008568708346558,0.4716981132075472
0.22984126984126985,0.47104749512036437
0.22991425849476024,0.47104749512036437
0.22998729351969505,0.47104749512036437
0.23006037496027962,0.47104749512036437
0.23013350286077558,0.47104749512036437
0.2302066772655008,0.47104749512036437
0.23027989821882952,0.47104749512036437
0.2303531657651925,0.47104749512036437
0.23010821133036283,0.4703968770331815
0.23018147086914995,0.4703968770331815
0.2302547770700637,0.4703968770331815
0.2303281299776999,0.4703968770331815
0.23008285532186107,0.4697462589459987
0.22983742429072362,0.4690956408588159
0.22991071428571427,0.4690956408588159
0.22966507177033493,0.468445022771633
0.2297383535417996,0.468445022771633
0.22981168209383976,0.468445022771633
0.22988505747126436,0.468445022771633
0.22995847971893962,0.468445022771633
0.23003194888178913,0.468445022771633
0.23010546500479387,0.468445022771633
0.22985933503836317,0.4677944046844502
0.2299328429804925,0.4677944046844502
0.23000639795265515,0.4677944046844502
0.23008,0.4677944046844502
0.23015364916773368,0.4677944046844502
0.23022734550112073,0.4677944046844502
0.23030108904548366,0.4677944046844502
0.23037487984620314,0.4677944046844502
0.23012820512820512,0.4671437865972674
0.2302019878166079,0.4671437865972674
0.23027581783194356,0.4671437865972674
0.2303496952197626,0.4671437865972674
0.23010269576379974,0.4664931685100846
0.2301765650080257,0.4664931685100846
0.2302504816955684,0.4664931685100846
0.23032444587214906,0.4664931685100846
0.2300771208226221,0.46584255042290174
0.2301510768241723,0.46584255042290174
0.2302250803858521,0.46584255042290174
0.2302991315535542,0.46584255042290174
0.23037323037323038,0.46584255042290174
0.23044737689089154,0.46584255042290174
0.23052157115260785,0.46584255042290174
0.23059581320450886,0.46584255042290174
0.23067010309278352,0.46584255042290174
0.23074444086368032,0.46584255042290174
0.2308188265635074,0.46584255042290174
0.23089326023863269,0.46584255042290174
0.23096774193548386,0.46584255042290174
0.23104227170054856,0.46584255042290174
0.23111684958037443,0.46584255042290174
0.23119147562156925,0.46584255042290174
0.23126614987080105,0.46584255042290174
0.23134087237479806,0.46584255042290174
0.23141564318034907,0.46584255042290174
0.23149046233430326,0.46584255042290174
0.2315653298835705,0.46584255042290174
0.23164024587512133,0.46584255042290174
0.23171521035598705,0.46584255042290174
0.23179022337325997,0.46584255042290174
0.23186528497409326,0.46584255042290174
0.23194039520570134,0.46584255042290174
0.23201555411535968,0.46584255042290174
0.23176661264181522,0.4651919323357189
0.23184176394293127,0.4651919323357189
0.2319169639961077,0.4651919323357189
0.23199221284879948,0.4651919323357189
0.2320675105485232,0.4651919323357189
0.23214285714285715,0.4651919323357189
0.23189347190646314,0.4645413142485361
0.23196881091617932,0.4645413142485361
0.23204419889502761,0.4645413142485361
0.23211963589076723,0.4645413142485361
0.23219512195121952,0.4645413142485361
0.23227065712426806,0.4645413142485361
0.23234624145785876,0.4645413142485361
0.232421875,0.4645413142485361
0.2324975577987626,0.4645413142485361
0.23257328990228013,0.4645413142485361
0.23264907135874877,0.4645413142485361
0.23239895697522817,0.4638906961613533
0.23214867949135964,0.46324007807417045
0.23222439660795824,0.46324007807417045
0.23230016313213703,0.46324007807417045
0.23237597911227154,0.46324007807417045
0.23245184459680052,0.46324007807417045
0.232527759634226,0.46324007807417045
0.23260372427311335,0.46324007807417045
0.2326797385620915,0.46324007807417045
0.23242889833278849,0.46258945998698764
0.23250490516677566,0.46258945998698764
0.23225384363755316,0.46193884189980483
0.2320026178010471,0.46128822381262197
0.2320785597381342,0.46128822381262197
0.23215455140798952,0.46128822381262197
0.23223059285948247,0.46128822381262197
0.23230668414154654,0.46128822381262197
0.23238282530317927,0.46128822381262197
0.23245901639344263,0.46128822381262197
0.23253525746146278,0.46128822381262197
0.23261154855643046,0.46128822381262197
0.23235969806366918,0.46063760572543916
0.2324359816152331,0.46063760572543916
0.23251231527093597,0.46063760572543916
0.2325886990801577,0.46063760572543916
0.23266513309234307,0.46063760572543916
0.2324128862590401,0.45998698763825635
0.23248931272607695,0.45998698763825635
0.2325657894736842,0.45998698763825635
0.2326423165514972,0.45998698763825635
0.23271889400921658,0.45998698763825635
0.2327955218966085,0.45998698763825635
0.2328722002635046,0.45998698763825635
0.2329489291598023,0.45998698763825635
0.23302570863546473,0.45998698763825635
0.23277283217936037,0.45933636955107354
0.2328496042216359,0.45933636955107354
0.23292642692180798,0.45933636955107354
0.233003300330033,0.45933636955107354
0.2330802244965335,0.45933636955107354
0.2331571994715984,0.45933636955107354
0.23323422530558308,0.45933636955107354
0.23331130204890946,0.45933636955107354
0.23305785123966943,0.4586857514638907
0.2328042328042328,0.45803513337670787
0.2328812437975521,0.45803513337670787
0.23295830575777632,0.45803513337670787
0.23303541873551803,0.45803513337670787
0.23311258278145697,0.45803513337670787
0.23318979794633984,0.45803513337670787
0.2332670642809808,0.45803513337670787
0.2333443818362612,0.45803513337670787
0.23342175066312998,0.45803513337670787
0.23349917081260366,0.45803513337670787
0.23324485733244857,0.45738451528952506
0.2333222701626286,0.45738451528952506
0.23339973439575032,0.45738451528952506
0.2334772500830289,0.45738451528952506
0.2335548172757475,0.45738451528952506
0.23363243602525757,0.45738451528952506
0.23371010638297873,0.45738451528952506
0.2334552710342534,0.4567338972023422
0.23353293413173654,0.4567338972023422
0.23361064891846922,0.4567338972023422
0.2336884154460719,0.4567338972023422
0.23376623376623376,0.4567338972023422
0.23384410393071287,0.4567338972023422
0.2339220259913362,0.4567338972023422
0.234,0.4567338972023422
0.23407802600866956,0.4567338972023422
0.2341561040693796,0.4567338972023422
0.23423423423423423,0.4567338972023422
0.23397863818424566,0.4560832791151594
0.2340567612687813,0.4560832791151594
0.23380093520374082,0.4554326610279766
0.23387905111927831,0.4554326610279766
0.2339572192513369,0.4554326610279766
0.2340354396522902,0.4554326610279766
0.23411371237458195,0.4554326610279766
0.2338574774171964,0.4547820429407938
0.23360107095046853,0.4541314248536109
0.23334449280214262,0.4534808067664281
0.23342263898191562,0.4534808067664281
0.23316582914572864,0.4528301886792453
0.23324396782841822,0.4528301886792453
0.2333221589004358,0.4528301886792453
0.23340040241448692,0.4528301886792453
0.23347869842334787,0.4528301886792453
0.23355704697986576,0.4528301886792453
0.23363544813695872,0.4528301886792453
0.2333781061114842,0.4521795705920625
0.2334564998320457,0.4521795705920625
0.23353494623655913,0.4521795705920625
0.23361344537815126,0.4521795705920625
0.2336919973100202,0.4521795705920625
0.2337706020854356,0.4521795705920625
0.2335127860026918,0.4515289525048796
0.23325479636486032,0.4508783344176968
0.23333333333333334,0.4508783344176968
0.23341192320646684,0.4508783344176968
0.23349056603773585,0.4508783344176968
0.23356926188068755,0.4508783344176968
0.2333108563722185,0.450227716330514
0.23338954468802697,0.450227716330514
0.23313090418353577,0.44957709824333114
0.233209584880189,0.44957709824333114
0.23295070898041864,0.44892648015614833
0.23302938196555217,0.44892648015614833
0.23277027027027028,0.4482758620689655
0.23284893545116594,0.4482758620689655
0.23292765382014874,0.4482758620689655
0.23300642543118025,0.4482758620689655
0.233085250338295,0.4482758620689655
0.23316412859560068,0.4482758620689655
0.23324306025727826,0.4482758620689655
0.2333220453775821,0.4482758620689655
0.23340108401084012,0.4482758620689655
0.23348017621145375,0.4482758620689655
0.23355932203389831,0.4482758620689655
0.23363852153272296,0.4482758620689655
0.23371777476255087,0.4482758620689655
0.2337970817780794,0.4482758620689655
0.2338764426340801,0.4482758620689655
0.23395585738539898,0.4482758620689655
0.2340353260869565,0.4482758620689655
0.2341148487937479,0.4482758620689655
0.23385452073419444,0.4476252439817827
0.23393403604216254,0.4476252439817827
0.23401360544217686,0.4476252439817827
0.2340932289894522,0.4476252439817827
0.23383253914227364,0.44697462589459985
0.23357167177391897,0.44632400780741704
0.23331062670299726,0.44567338972023424
0.23339011925042588,0.44567338972023424
0.2331288343558282,0.4450227716330514
0.2328673712921923,0.44437215354586856
0.23260572987721692,0.44372153545868576
0.2326850904128284,0.44372153545868576
0.23242320819112627,0.44307091737150295
0.23250256060088767,0.44307091737150295
0.23258196721311475,0.44307091737150295
0.2326614280833618,0.44307091737150295
0.23274094326725905,0.44307091737150295
0.23247863247863249,0.4424202992843201
0.23255813953488372,0.4424202992843201
0.23263770099213138,0.4424202992843201
0.2323750855578371,0.4417696811971373
0.23211229031153716,0.44111906310995447
0.2321917808219178,0.44111906310995447
0.23227132579650564,0.44111906310995447
0.23235092529129542,0.44111906310995447
0.23243057936235859,0.44111906310995447
0.23251028806584362,0.44111906310995447
0.23259005145797598,0.44111906310995447
0.23266986959505834,0.44111906310995447
0.23240645382766906,0.44046844502277166
0.23248626373626374,0.44046844502277166
0.2325661284781862,0.44046844502277166
0.23264604810996564,0.44046844502277166
0.232726022688209,0.44046844502277166
0.2328060522696011,0.44046844502277166
0.2328861369109047,0.44046844502277166
0.23296627666896078,0.44046844502277166
0.23270223752151464,0.4398178269355888
0.2327823691460055,0.4398178269355888
0.23286255597657596,0.4398178269355888
0.23294279807029636,0.4398178269355888
0.23302309548431574,0.4398178269355888
0.23310344827586207,0.4398178269355888
0.23318385650224216,0.4398178269355888
0.23326432022084195,0.4398178269355888
0.23334483948912668,0.4398178269355888
0.23308011049723756,0.439167208848406
0.23316062176165803,0.439167208848406
0.23324118866620594,0.439167208848406
0.23332181126857934,0.439167208848406
0.2330567081604426,0.4385165907612232
0.23313732272570045,0.4385165907612232
0.2328719723183391,0.4378659726740403
0.23295257874697128,0.4378659726740403
0.23268698060941828,0.4372153545868575
0.23276757880152407,0.4372153545868575
0.23284823284823286,0.4372153545868575
0.23292894280762566,0.4372153545868575
0.23300970873786409,0.4372153545868575
0.23309053069719043,0.4372153545868575
0.23317140874392783,0.4372153545868575
0.2332523429364804,0.4372153545868575
0.23333333333333334,0.4372153545868575
0.23341437999305314,0.4372153545868575
0.2334954829742877,0.4372153545868575
0.23357664233576642,0.4372153545868575
0.2336578581363004,0.4372153545868575
0.23373913043478262,0.4372153545868575
0.23382045929018788,0.4372153545868575
0.23355377654020187,0.4365647364996747
0.2336350974930362,0.4365647364996747
0.23371647509578544,0.4365647364996747
0.2337979094076655,0.4365647364996747
0.2338794004879749,0.4365647364996747
0.23396094839609485,0.4365647364996747
0.2336937565399372,0.4359141184124919
0.23377529658060014,0.4359141184124919
0.23350785340314137,0.435263500325309
0.23358938547486033,0.435263500325309
0.23332169053440446,0.4346128822381262
0.23340321453529,0.4346128822381262
0.23348479552603985,0.4346128822381262
0.23356643356643356,0.4346128822381262
0.23329835606855545,0.4339622641509434
0.23337998600419874,0.4339622641509434
0.23311165558277913,0.43331164606376055
0.23319327731092437,0.43331164606376055
0.2329246935201401,0.43266102797657774
0.23265592151366504,0.43201040988939493
0.23273746933052927,0.43201040988939493
0.23246844319775595,0.4313597918022121
0.23254998246229394,0.4313597918022121
0.2326315789473684,0.4313597918022121
0.23271323271323271,0.4313597918022121
0.2324438202247191,0.43070917371502926
0.23252546540217772,0.43070917371502926
0.2326071679550246,0.43070917371502926
0.23268892794376098,0.43070917371502926
0.23241912798874825,0.43005855562784645
0.2321491382342596,0.42940793754066364
0.2318789584799437,0.42875731945348083
0.23196057726152763,0.42875731945348083
0.23204225352112676,0.42875731945348083
0.2321239873194787,0.42875731945348083
0.23220577871740664,0.42875731945348083
0.23228762777581952,0.42875731945348083
0.23236953455571227,0.42875731945348083
0.2324514991181658,0.42875731945348083
0.23253352152434723,0.42875731945348083
0.23226261913166255,0.42810670136629797
0.2323446327683616,0.42810670136629797
0.23242670434475451,0.42810670136629797
0.2325088339222615,0.42810670136629797
0.23259102156238953,0.42810670136629797
0.23267326732673269,0.42810670136629797
0.23275557127697205,0.42810670136629797
0.23283793347487616,0.42810670136629797
0.23292035398230088,0.42810670136629797
0.2330028328611898,0.42810670136629797
0.23308537017357422,0.42810670136629797
0.23281360737065912,0.42745608327911516
0.23289613612194257,0.42745608327911516
0.23297872340425532,0.42745608327911516
0.23270663355799928,0.42680546519193235
0.23243435060326473,0.4261548471047495
0.23251686190983314,0.4261548471047495
0.23259943181818182,0.4261548471047495
0.23268206039076378,0.4261548471047495
0.23276474769012082,0.4261548471047495
0.23249200142196944,0.4255042290175667
0.2322190611664296,0.4248536109303839
0.23230167200284596,0.4248536109303839
0.2323843416370107,0.4248536109303839
0.23246707013171947,0.4248536109303839
0.23254985754985755,0.4248536109303839
0.23263270395439972,0.4248536109303839
0.23271560940841055,0.4248536109303839
0.23279857397504455,0.4248536109303839
0.23288159771754635,0.4248536109303839
0.2329646806992508,0.4248536109303839
0.23304782298358315,0.4248536109303839
0.23313102463405927,0.4248536109303839
0.2332142857142857,0.4248536109303839
0.23329760628795998,0.4248536109303839
0.23338098641887062,0.4248536109303839
0.23346442617089738,0.4248536109303839
0.23354792560801144,0.4248536109303839
0.23363148479427548,0.4248536109303839
0.23371510379384394,0.4248536109303839
0.23379878267096313,0.4248536109303839
0.23388252148997135,0.4248536109303839
0.23396632031529918,0.4248536109303839
0.23405017921146953,0.4248536109303839
0.23377554679096452,0.42420299284320107
0.23385939741750358,0.42420299284320107
0.2339433082167205,0.42420299284320107
0.2340272792534099,0.42420299284320107
0.2341113105924596,0.42420299284320107
0.23419540229885058,0.42420299284320107
0.23427955443765722,0.42420299284320107
0.23436376707404744,0.42420299284320107
0.234448040273283,0.42420299284320107
0.23453237410071942,0.42420299284320107
0.23461676862180642,0.42420299284320107
0.234341252699784,0.4235523747560182
0.2344256391789701,0.4235523747560182
0.23451008645533142,0.4235523747560182
0.23459459459459459,0.4235523747560182
0.2346791636625811,0.4235523747560182
0.23476379372520736,0.4235523747560182
0.23484848484848486,0.4235523747560182
0.23457235654998196,0.4229017566688354
0.23429602888086642,0.4222511385816526
0.23438064283134705,0.4222511385816526
0.23410404624277456,0.4216005204944697
0.23382724972894833,0.4209499024072869
0.2339117859725235,0.4209499024072869
0.23399638336347198,0.4209499024072869
0.2340810419681621,0.4209499024072869
0.23416576185305826,0.4209499024072869
0.2342505430847212,0.4209499024072869
0.23433538572980803,0.4209499024072869
0.23405797101449274,0.4202992843201041
0.2341428053642624,0.4202992843201041
0.23422770123277736,0.4202992843201041
0.23394994559303592,0.4196486662329213
0.23403483309143686,0.4196486662329213
0.2337568058076225,0.41899804814573843
0.23384168482207698,0.41899804814573843
0.23392662549945514,0.41899804814573843
0.23401162790697674,0.41899804814573843
0.2337331879316612,0.4183474300585556
0.23381818181818181,0.4183474300585556
0.23353946889778102,0.4176968119713728
0.2336244541484716,0.4176968119713728
0.23370950127411722,0.4176968119713728
0.2337946103423161,0.4176968119713728
0.23387978142076501,0.4176968119713728
0.23396501457725946,0.4176968119713728
0.23405030987969377,0.4176968119713728
0.2337709700948213,0.41704619388418995
0.2334914264866837,0.41639557579700714
0.23357664233576642,0.41639557579700714
0.23366192040890837,0.41639557579700714
0.2337472607742878,0.41639557579700714
0.23383266350018267,0.41639557579700714
0.23355263157894737,0.41574495770982434
0.2336380255941499,0.41574495770982434
0.23372348207754207,0.41574495770982434
0.23344310281741676,0.41509433962264153
0.2335285505124451,0.41509433962264153
0.23324789454412304,0.41444372153545866
0.23333333333333334,0.41444372153545866
0.23341883473799926,0.41444372153545866
0.23350439882697946,0.41444372153545866
0.23322332233223322,0.41379310344827586
0.23330887747615553,0.41379310344827586
0.23339449541284404,0.41379310344827586
0.23311306901615272,0.41314248536109305
0.23319867792875504,0.41314248536109305
0.23291697281410728,0.41249186727391024
0.23300257258360896,0.41249186727391024
0.23308823529411765,0.41249186727391024
0.23280617874218462,0.4118412491867274
0.23289183222958057,0.4118412491867274
0.2326094957673905,0.41119063109954457
0.23232695139911635,0.41054001301236176
0.23241252302025783,0.41054001301236176
0.23249815770081061,0.41054001301236176
0.23258385551050498,0.41054001301236176
0.23266961651917403,0.41054001301236176
0.23238657322021394,0.4098893949251789
0.23247232472324722,0.4098893949251789
0.23255813953488372,0.4098893949251789
0.2326440177252585,0.4098893949251789
0.23272995936461027,0.4098893949251789
0.2328159645232816,0.4098893949251789
0.23290203327171904,0.4098893949251789
0.23298816568047337,0.4098893949251789
0.23307436182019978,0.4098893949251789
0.23316062176165803,0.4098893949251789
0.2328767123287671,0.4092387768379961
0.23296296296296296,0.4092387768379961
0.23304927751018895,0.4092387768379961
0.23313565604151223,0.4092387768379961
0.2332220986281053,0.4092387768379961
0.23330860534124628,0.4092387768379961
0.23339517625231912,0.4092387768379961
0.23348181143281366,0.4092387768379961
0.23356851095432604,0.4092387768379961
0.2336552748885587,0.4092387768379961
0.2337421033073207,0.4092387768379961
0.23382899628252787,0.4092387768379961
0.23354406842692452,0.4085881587508133
0.23363095238095238,0.4085881587508133
0.2337179010048381,0.4085881587508133
0.2338049143708116,0.4085881587508133
0.2335195530726257,0.40793754066363047
0.2336065573770492,0.40793754066363047
0.23369362653745807,0.40793754066363047
0.23378076062639822,0.40793754066363047
0.2338679597165237,0.40793754066363047
0.233955223880597,0.40793754066363047
0.23404255319148937,0.40793754066363047
0.23412994772218074,0.40793754066363047
0.23421740754576018,0.40793754066363047
0.23430493273542602,0.40793754066363047
0.234392523364486,0.40793754066363047
0.23410620792819745,0.4072869225764476
0.2341937897493453,0.4072869225764476
0.2342814371257485,0.4072869225764476
0.23436915013103707,0.4072869225764476
0.2344569288389513,0.4072869225764476
0.2345447733233421,0.4072869225764476
0.23463268365817092,0.4072869225764476
0.23472065991751032,0.4072869225764476
0.2348087021755439,0.4072869225764476
0.23452157598499063,0.4066363044892648
0.2346096096096096,0.4066363044892648
0.23469770935035675,0.4066363044892648
0.23478587528174305,0.4066363044892648
0.23487410747839157,0.4066363044892648
0.23458646616541354,0.405985686402082
0.23467468973298233,0.405985686402082
0.23476297968397292,0.405985686402082
0.23485133609333836,0.405985686402082
0.23493975903614459,0.405985686402082
0.23502824858757063,0.405985686402082
0.2351168048229088,0.405985686402082
0.235205427817565,0.405985686402082
0.23491704374057315,0.4053350683148991
0.23500565824217276,0.4053350683148991
0.2350943396226415,0.4053350683148991
0.2351830879577199,0.4053350683148991
0.2348942598187311,0.4046844502277163
0.23498299962221383,0.4046844502277163
0.23507180650037793,0.4046844502277163
0.23516068052930056,0.4046844502277163
0.23524962178517397,0.4046844502277163
0.23533863034430572,0.4046844502277163
0.23542770628311885,0.4046844502277163
0.2355168496781522,0.4046844502277163
0.2356060606060606,0.4046844502277163
0.23531640773020082,0.4040338321405335
0.2350265352539803,0.4033832140533507
0.23511566173682213,0.4033832140533507
0.23520485584218512,0.4033832140533507
0.23529411764705882,0.4033832140533507
0.23538344722854973,0.4033832140533507
0.2354728446638815,0.4033832140533507
0.23556231003039513,0.4033832140533507
0.23565184340554923,0.4033832140533507
0.23574144486692014,0.4033832140533507
0.23583111449220237,0.4033832140533507
0.2359208523592085,0.4033832140533507
0.2360106585458698,0.4033832140533507
0.2361005331302361,0.4033832140533507
0.2361904761904762,0.4033832140533507
0.23589939024390244,0.40273259596616784
0.2359893252001525,0.40273259596616784
0.23607932875667428,0.40273259596616784
0.2361694009919878,0.40273259596616784
0.2362595419847328,0.40273259596616784
0.23634975181366935,0.40273259596616784
0.23644003055767762,0.40273259596616784
0.23653037829575851,0.40273259596616784
0.23662079510703363,0.40273259596616784
0.2367112810707457,0.40273259596616784
0.23680183626625861,0.40273259596616784
0.23689246077305778,0.40273259596616784
0.23660030627871362,0.40208197787898503
0.23669092301800077,0.40208197787898503
0.2367816091954023,0.40208197787898503
0.23648907627443466,0.4014313597918022
0.2361963190184049,0.4007807417046194
0.23628691983122363,0.4007807417046194
0.23599386032233308,0.40013012361743655
0.236084452975048,0.40013012361743655
0.2357910906298003,0.39947950553025374
0.23549750288129082,0.39882888744307093
0.2355880092236741,0.39882888744307093
0.23529411764705882,0.39817826935588807
0.2353846153846154,0.39817826935588807
0.235475182762601,0.39817826935588807
0.23556581986143188,0.39817826935588807
0.23565652676164806,0.39817826935588807
0.2357473035439137,0.39817826935588807
0.23583815028901733,0.39817826935588807
0.235929067077872,0.39817826935588807
0.23602005399151563,0.39817826935588807
0.2357253086419753,0.39752765126870526
0.23581628714781938,0.39752765126870526
0.2359073359073359,0.39752765126870526
0.23599845500193126,0.39752765126870526
0.23608964451313755,0.39752765126870526
0.23579435639737148,0.39687703318152245
0.2354988399071926,0.39622641509433965
0.23558994197292069,0.39622641509433965
0.2356811145510836,0.39622641509433965
0.23577235772357724,0.39622641509433965
0.23586367157242447,0.39622641509433965
0.23556760945370012,0.3955757970071568
0.23565891472868217,0.3955757970071568
0.23536254362155876,0.394925178919974
0.23545384018619084,0.394925178919974
0.2355452076057431,0.394925178919974
0.23563664596273293,0.394925178919974
0.23572815533980582,0.394925178919974
0.2358197358197358,0.394925178919974
0.23591138748542556,0.394925178919974
0.23600311041990668,0.394925178919974
0.23609490470633995,0.394925178919974
0.23618677042801556,0.394925178919974
0.23627870766835343,0.394925178919974
0.23637071651090344,0.394925178919974
0.23646279703934553,0.394925178919974
0.23655494933749024,0.394925178919974
0.23625730994152047,0.39427456083279117
0.23634945397815912,0.39427456083279117
0.23644166991806476,0.39427456083279117
0.23614363778298206,0.3936239427456083
0.2362358453729012,0.3936239427456083
0.236328125,0.3936239427456083
0.23642047674872999,0.3936239427456083
0.23651290070367476,0.3936239427456083
0.23660539694955027,0.3936239427456083
0.236697965571205,0.3936239427456083
0.23679060665362034,0.3936239427456083
0.23688332028191073,0.3936239427456083
0.23658441049745396,0.3929733246584255
0.23667711598746083,0.3929733246584255
0.23676989415915328,0.3929733246584255
0.23686274509803923,0.3929733246584255
0.2369556688897607,0.3929733246584255
0.23665620094191522,0.3923227065712427
0.23674911660777384,0.3923227065712427
0.23684210526315788,0.3923227065712427
0.23654223968565816,0.3916720884840599
0.23624213836477986,0.391021470396877
0.23633503735745182,0.391021470396877
0.23603461841070023,0.3903708523096942
0.2361275088547816,0.3903708523096942
0.23622047244094488,0.3903708523096942
0.23631350925561245,0.3903708523096942
0.2364066193853428,0.3903708523096942
0.2364998029168309,0.3903708523096942
0.23659305993690852,0.3903708523096942
0.23668639053254437,0.3903708523096942
0.23677979479084452,0.3903708523096942
0.23687327279905251,0.3903708523096942
0.23696682464454977,0.3903708523096942
0.2370604504148558,0.3903708523096942
0.23715415019762845,0.3903708523096942
0.2368525108738632,0.3897202342225114
0.23694620253164558,0.3897202342225114
0.23664424218440838,0.3890696161353286
0.2367379255740301,0.3890696161353286
0.23683168316831682,0.3890696161353286
0.23692551505546752,0.3890696161353286
0.23662306777645659,0.3884189980481457
0.2367168913560666,0.3884189980481457
0.2368107893692979,0.3884189980481457
0.2369047619047619,0.3884189980481457
0.2366018261214768,0.3877683799609629
0.23669579030976967,0.3877683799609629
0.23678982916170044,0.3877683799609629
0.2368839427662957,0.3877683799609629
0.23658051689860835,0.3871177618737801
0.23667462211614956,0.3871177618737801
0.2363708714683645,0.38646714378659724
0.2360668789808917,0.38581652569941444
0.23616089207487057,0.38581652569941444
0.23625498007968126,0.38581652569941444
0.23634914308489438,0.38581652569941444
0.2364433811802233,0.38581652569941444
0.23653769445552453,0.38581652569941444
0.23623304070231443,0.38516590761223163
0.23632734530938124,0.38516590761223163
0.2364217252396166,0.38516590761223163
0.23651618058330004,0.38516590761223163
0.23661071143085532,0.38516590761223163
0.23670531787285087,0.38516590761223163
0.2368,0.38516590761223163
0.23649459783913565,0.3845152895250488
0.2365892714171337,0.3845152895250488
0.23668402082499,0.3845152895250488
0.23637820512820512,0.38386467143786596
0.23647294589178355,0.38386467143786596
0.23656776263031276,0.38386467143786596
0.2366626554352186,0.38386467143786596
0.23675762439807382,0.38386467143786596
0.23685266961059814,0.38386467143786596
0.23654618473895583,0.38321405335068315
0.2366412213740458,0.38321405335068315
0.2367363344051447,0.38321405335068315
0.23683152392440693,0.38321405335068315
0.23692679002413516,0.38321405335068315
0.2370221327967807,0.38321405335068315
0.23711755233494364,0.38321405335068315
0.23721304873137333,0.38321405335068315
0.23730862207896858,0.38321405335068315
0.23740427247077792,0.38321405335068315
0.23709677419354838,0.38256343526350034
0.23719241629689392,0.38256343526350034
0.23728813559322035,0.38256343526350034
0.23738393217601939,0.38256343526350034
0.23747980613893377,0.38256343526350034
0.23757575757575758,0.38256343526350034
0.23767178658043653,0.38256343526350034
0.23736352608168218,0.3819128171763175
0.23745954692556634,0.3819128171763175
0.2375556454876568,0.3819128171763175
0.23724696356275304,0.38126219908913467
0.23734305386796273,0.38126219908913467
0.23743922204213938,0.38126219908913467
0.23753546817997567,0.38126219908913467
0.23763179237631793,0.38126219908913467
0.23772819472616633,0.38126219908913467
0.23782467532467533,0.38126219908913467
0.23792123426715386,0.38126219908913467
0.2380178716490658,0.38126219908913467
0.23811458756603007,0.38126219908913467
0.23821138211382115,0.38126219908913467
0.23830825538836925,0.38126219908913467
0.23840520748576077,0.38126219908913467
0.23809523809523808,0.38061158100195186
0.23778501628664495,0.37996096291476905
0.23788187372708758,0.37996096291476905
0.23797881010594946,0.37996096291476905
0.23807582551977172,0.37996096291476905
0.23817292006525284,0.37996096291476905
0.2382700938392493,0.37996096291476905
0.2383673469387755,0.37996096291476905
0.2384646794610045,0.37996096291476905
0.238562091503268,0.37996096291476905
0.2386595831630568,0.37996096291476905
0.23875715453802127,0.37996096291476905
0.23844580777096114,0.3793103448275862
0.2381342062193126,0.3786597267404034
0.23823168235775685,0.3786597267404034
0.23791973791973792,0.37800910865322057
0.2380172060630889,0.37800910865322057
0.23770491803278687,0.37735849056603776
0.23780237802378024,0.37735849056603776
0.23748974569319115,0.3767078724788549
0.23758719737382028,0.3767078724788549
0.2376847290640394,0.3767078724788549
0.237782340862423,0.3767078724788549
0.23788003286770748,0.3767078724788549
0.2379778051787916,0.3767078724788549
0.23766447368421054,0.3760572543916721
0.23776223776223776,0.3760572543916721
0.23786008230452674,0.3760572543916721
0.23795800741045697,0.3760572543916721
0.23805601317957167,0.3760572543916721
0.23815409971157808,0.3760572543916721
0.23784006595218465,0.3754066363044893
0.2379381443298969,0.3754066363044893
0.23803630363036304,0.3754066363044893
0.2381345439537763,0.3754066363044893
0.23823286540049546,0.3754066363044893
0.23833126807104502,0.3754066363044893
0.23801652892561984,0.3747560182173064
0.23811492352211658,0.3747560182173064
0.23821339950372208,0.3747560182173064
0.23831195697145222,0.3747560182173064
0.23841059602649006,0.3747560182173064
0.23850931677018633,0.3747560182173064
0.23819386909693455,0.3741054001301236
0.23829258184832158,0.3741054001301236
0.23797678275290216,0.3734547820429408
0.23807548734964745,0.3734547820429408
0.23817427385892115,0.3734547820429408
0.23827314238273142,0.3734547820429408
0.23837209302325582,0.3734547820429408
0.23805567095970087,0.372804163955758
0.23815461346633415,0.372804163955758
0.23783783783783785,0.37215354586857513
0.23793677204658903,0.37215354586857513
0.23803578859758634,0.37215354586857513
0.23813488759367193,0.37215354586857513
0.23781757600999584,0.3715029277813923
0.23791666666666667,0.3715029277813923
0.23801583993330555,0.3715029277813923
0.23811509591326105,0.3715029277813923
0.23779724655819776,0.3708523096942095
0.2378964941569282,0.3708523096942095
0.23799582463465555,0.3708523096942095
0.23809523809523808,0.3708523096942095
0.2381947346427079,0.3708523096942095
0.23787625418060201,0.37020169160702665
0.23755750731911335,0.36955107351984384
0.23723849372384936,0.36890045543266103
0.2369192130598577,0.3682498373454782
0.2370184254606365,0.3682498373454782
0.23711772098868872,0.3682498373454782
0.2372170997485331,0.3682498373454782
0.23689727463312368,0.36759921925829536
0.23657718120805368,0.36694860117111255
0.23667645824590852,0.36694860117111255
0.2367758186397985,0.36694860117111255
0.2364552708945821,0.36629798308392975
0.2365546218487395,0.36629798308392975
0.2362337116435477,0.3656473649967469
0.23633305298570226,0.3656473649967469
0.23643247791333613,0.3656473649967469
0.2361111111111111,0.3649967469095641
0.23621052631578948,0.3649967469095641
0.2363100252737995,0.3649967469095641
0.2359882005899705,0.36434612882238127
0.23608768971332209,0.36434612882238127
0.2357654997891185,0.36369551073519846
0.23544303797468355,0.3630448926480156
0.23554242296327565,0.3630448926480156
0.2352195945945946,0.3623942745608328
0.23531896915927333,0.3623942745608328
0.23541842772612004,0.3623942745608328
0.2350951374207188,0.36174365647365
0.23519458544839256,0.36174365647365
0.23529411764705882,0.36174365647365
0.23539373412362405,0.36174365647365
0.23549343498517578,0.36174365647365
0.23516949152542374,0.36109303838646717
0.23526918185671894,0.36109303838646717
0.23536895674300254,0.36109303838646717
0.23546881629189648,0.36109303838646717
0.23556876061120544,0.36109303838646717
0.2356687898089172,0.36109303838646717
0.23576890399320305,0.36109303838646717
0.2358691032724182,0.36109303838646717
0.23596938775510204,0.36109303838646717
0.23606975754997872,0.36109303838646717
0.23617021276595745,0.36109303838646717
0.23627075351213284,0.36109303838646717
0.23594548551959113,0.3604424202992843
0.23604601619088197,0.3604424202992843
0.2361466325660699,0.3604424202992843
0.23624733475479745,0.3604424202992843
0.23592150170648465,0.3597918022121015
0.23602219376867264,0.3597918022121015
0.23612297181895817,0.3597918022121015
0.23622383596753524,0.3597918022121015
0.23632478632478632,0.3597918022121015
0.2364258230012826,0.3597918022121015
0.23652694610778444,0.3597918022121015
0.23662815575524176,0.3597918022121015
0.2367294520547945,0.3597918022121015
0.23683083511777303,0.3597918022121015
0.2365038560411311,0.3591411841249187
0.23660522931847408,0.3591411841249187
0.2367066895368782,0.3591411841249187
0.23680823680823682,0.3591411841249187
0.2369098712446352,0.3591411841249187
0.23701159295835122,0.3591411841249187
0.23711340206185566,0.3591411841249187
0.23678556080790716,0.3584905660377358
0.236457437661221,0.357839947950553
0.2361290322580645,0.3571893298633702
0.23623063683304646,0.3571893298633702
0.23633232888506242,0.3571893298633702
0.2360034453057709,0.3565387117761874
0.23610512710038775,0.3565387117761874
0.23620689655172414,0.3565387117761874
0.2363087537731781,0.3565387117761874
0.2364106988783434,0.3565387117761874
0.23651273198100992,0.3565387117761874
0.23661485319516407,0.3565387117761874
0.2367170626349892,0.3565387117761874
0.23681936041486604,0.3565387117761874
0.2369217466493731,0.3565387117761874
0.2370242214532872,0.3565387117761874
0.23669407183037647,0.35588809368900454
0.23679653679653678,0.35588809368900454
0.2368990905153746,0.35588809368900454
0.2365684575389948,0.35523747560182173
0.23667100130039012,0.35523747560182173
0.2367736339982654,0.35523747560182173
0.2368763557483731,0.35523747560182173
0.23697916666666666,0.35523747560182173
0.23708206686930092,0.35523747560182173
0.2371850564726325,0.35523747560182173
0.2368535419382877,0.3545868575146389
0.23695652173913043,0.3545868575146389
0.23705959112657676,0.3545868575146389
0.23716275021758051,0.3545868575146389
0.2368306486721811,0.35393623942745606
0.23649825783972125,0.35328562134027325
0.23660130718954248,0.35328562134027325
0.23670444638186575,0.35328562134027325
0.23680767553423462,0.35328562134027325
0.2369109947643979,0.35328562134027325
0.23701440419030992,0.35328562134027325
0.237117903930131,0.35328562134027325
0.23722149410222804,0.35328562134027325
0.2368881118881119,0.35263500325309044
0.2369916921731526,0.35263500325309044
0.23709536307961504,0.35263500325309044
0.23676148796498905,0.35198438516590763
0.23686514886164622,0.35198438516590763
0.23696890056942618,0.35198438516590763
0.23707274320771254,0.35198438516590763
0.2371766768960982,0.35198438516590763
0.23684210526315788,0.35133376707872477
0.2369460289600702,0.35133376707872477
0.2370500438981563,0.35133376707872477
0.23715415019762845,0.35133376707872477
0.23681898066783832,0.35068314899154196
0.23648351648351648,0.35003253090435915
0.23614775725593667,0.34938191281717634
0.23625164980202376,0.34938191281717634
0.23591549295774647,0.3487312947299935
0.23601937472479084,0.3487312947299935
0.2356828193832599,0.34808067664281067
0.2357866901718819,0.34808067664281067
0.23544973544973544,0.34743005855562786
0.23555359505955006,0.34743005855562786
0.235657546337158,0.34743005855562786
0.23576158940397351,0.34743005855562786
0.23586572438162545,0.34743005855562786
0.2359699513919576,0.34743005855562786
0.23607427055702918,0.34743005855562786
0.23617868199911543,0.34743005855562786
0.23628318584070795,0.34743005855562786
0.2359451084550686,0.346779440468445
0.23604960141718334,0.346779440468445
0.2361541869738591,0.346779440468445
0.23625886524822695,0.346779440468445
0.23636363636363636,0.346779440468445
0.23646850044365572,0.346779440468445
0.23612960497114957,0.3461288223812622
0.2357904085257549,0.3454782042940794
0.23589515770768546,0.3454782042940794
0.236,0.3454782042940794
0.23610493552690084,0.3454782042940794
0.2362099644128114,0.3454782042940794
0.2358700489541611,0.3448275862068966
0.23597506678539626,0.3448275862068966
0.23608017817371937,0.3448275862068966
0.23618538324420676,0.3448275862068966
0.2362906821221578,0.3448275862068966
0.23639607493309545,0.3448275862068966
0.23650156180276663,0.3448275862068966
0.23660714285714285,0.3448275862068966
0.2367128182224207,0.3448275862068966
0.23681858802502234,0.3448275862068966
0.23692445239159587,0.3448275862068966
0.23658318425760286,0.3441769681197137
0.2366890380313199,0.3441769681197137
0.2367949865711728,0.3441769681197137
0.23645320197044334,0.3435263500325309
0.23655913978494625,0.3435263500325309
0.236665172568355,0.3435263500325309
0.2367713004484305,0.3435263500325309
0.23687752355316286,0.3435263500325309
0.236983842010772,0.3435263500325309
0.23709025594970812,0.3435263500325309
0.2371967654986523,0.3435263500325309
0.23730337078651687,0.3435263500325309
0.23696043165467626,0.3428757319453481
0.23706702654071074,0.3428757319453481
0.23717371737173717,0.3428757319453481
0.23728050427735253,0.3428757319453481
0.23738738738738738,0.3428757319453481
0.23749436683190625,0.3428757319453481
0.23760144274120829,0.3428757319453481
0.2377086152458277,0.3428757319453481
0.23736462093862815,0.34222511385816523
0.23747178329571106,0.34222511385816523
0.23712737127371275,0.3415744957709824
0.236782647989155,0.3409238776837996
0.23688969258589512,0.3409238776837996
0.2369968340117594,0.3409238776837996
0.23710407239819004,0.3409238776837996
0.23721140787686737,0.3409238776837996
0.23731884057971014,0.3409238776837996
0.2374263706388763,0.3409238776837996
0.23753399818676338,0.3409238776837996
0.23764172335600908,0.3409238776837996
0.23729582577132485,0.3402732595966168
0.23740354062641852,0.3402732595966168
0.23751135331516804,0.3402732595966168
0.2376192639709223,0.3402732595966168
0.23772727272727273,0.3402732595966168
0.23783537971805366,0.3402732595966168
0.23748862602365786,0.33962264150943394
0.2375967228038234,0.33962264150943394
0.23770491803278687,0.33962264150943394
0.23735763097949886,0.33897202342225113
0.2374658158614403,0.33897202342225113
0.23757409940720475,0.33897202342225113
0.23768248175182483,0.33897202342225113
0.23779096303057964,0.33897202342225113
0.23789954337899544,0.33897202342225113
0.2375513933302878,0.3383214053350683
0.2376599634369287,0.3383214053350683
0.23776863283036123,0.3383214053350683
0.23787740164684354,0.3383214053350683
0.2379862700228833,0.3383214053350683
0.23809523809523808,0.3383214053350683
0.23774622079706825,0.3376707872478855
0.23785517873510542,0.3376707872478855
0.23750573131591013,0.33702016916070265
0.23761467889908258,0.33702016916070265
0.2377237264800367,0.33702016916070265
0.23783287419651056,0.33702016916070265
0.2379421221864952,0.33702016916070265
0.23805147058823528,0.33702016916070265
0.2381609195402299,0.33702016916070265
0.23827046918123276,0.33702016916070265
0.2383801196502531,0.33702016916070265
0.23848987108655617,0.33702016916070265
0.23859972362966375,0.33702016916070265
0.23824884792626727,0.33636955107351985
0.23835869064084833,0.33636955107351985
0.23846863468634685,0.33636955107351985
0.23857868020304568,0.33636955107351985
0.2386888273314866,0.33636955107351985
0.23879907621247112,0.33636955107351985
0.238909426987061,0.33636955107351985
0.23901987979657882,0.33636955107351985
0.2391304347826087,0.33636955107351985
0.23924109208699676,0.33636955107351985
0.23935185185185184,0.33636955107351985
0.2394627142195461,0.33636955107351985
0.23957367933271548,0.33636955107351985
0.23922114047287898,0.33571893298633704
0.23933209647495363,0.33571893298633704
0.2394431554524362,0.33571893298633704
0.2395543175487465,0.33571893298633704
0.23966558290757084,0.33571893298633704
0.23977695167286245,0.33571893298633704
0.2398884239888424,0.33571893298633704
0.24,0.33571893298633704
0.24011167985109352,0.33571893298633704
0.24022346368715083,0.33571893298633704
0.239869585468095,0.3350683148991542
0.23951537744641194,0.33441769681197137
0.23962703962703963,0.33441769681197137
0.23973880597014927,0.33441769681197137
0.23985067662155857,0.33441769681197137
0.23996265172735762,0.33441769681197137
0.23960765997197572,0.33376707872478856
0.2397196261682243,0.33376707872478856
0.23983169705469845,0.33376707872478856
0.23947614593077643,0.33311646063760575
0.23912026204960224,0.3324658425504229
0.23923220973782772,0.3324658425504229
0.23934426229508196,0.3324658425504229
0.23945641986879102,0.3324658425504229
0.23956868260665728,0.3324658425504229
0.2396810506566604,0.3324658425504229
0.2397935241670577,0.3324658425504229
0.23990610328638498,0.3324658425504229
0.240018788163457,0.3324658425504229
0.24013157894736842,0.3324658425504229
0.2402444757874941,0.3324658425504229
0.24035747883349012,0.3324658425504229
0.24,0.3318152244632401
0.2401129943502825,0.3318152244632401
0.24022609514837495,0.3318152244632401
0.2403393025447691,0.3318152244632401
0.24045261669024046,0.3318152244632401
0.24056603773584906,0.3318152244632401
0.24067956583294006,0.3318152244632401
0.24079320113314448,0.3318152244632401
0.2409069437883798,0.3318152244632401
0.24102079395085066,0.3318152244632401
0.24113475177304963,0.3318152244632401
0.2412488174077578,0.3318152244632401
0.24136299100804542,0.3318152244632401
0.24147727272727273,0.3318152244632401
0.24159166271909047,0.3318152244632401
0.24123222748815165,0.33116460637605727
0.2413466097676624,0.33116460637605727
0.24146110056925996,0.33116460637605727
0.24110109159943047,0.3305139882888744
0.24074074074074073,0.3298633702016916
0.24085510688836104,0.3298633702016916
0.24096958174904942,0.3298633702016916
0.24108416547788872,0.3298633702016916
0.24119885823025689,0.3298633702016916
0.2413136601618277,0.3298633702016916
0.24142857142857144,0.3298633702016916
0.24106717484516435,0.3292127521145088
0.24118207816968543,0.3292127521145088
0.2412970910824988,0.3292127521145088
0.24141221374045801,0.3292127521145088
0.241527446300716,0.3292127521145088
0.24116523400191023,0.328562134027326
0.241280458671763,0.328562134027326
0.24091778202676864,0.3279115159401431
0.24103299856527977,0.3279115159401431
0.24114832535885167,0.3279115159401431
0.24126376256582097,0.3279115159401431
0.2413793103448276,0.3279115159401431
0.24101581217057977,0.3272608978529603
0.2411313518696069,0.3272608978529603
0.24124700239808153,0.3272608978529603
0.24136276391554704,0.3272608978529603
0.2414786365818531,0.3272608978529603
0.24159462055715658,0.3272608978529603
0.24171071600192215,0.3272608978529603
0.24182692307692308,0.3272608978529603
0.24194324194324193,0.3272608978529603
0.24205967276227142,0.3272608978529603
0.24217621569571499,0.3272608978529603
0.2418111753371869,0.3266102797657775
0.2419277108433735,0.3266102797657775
0.2420443587270974,0.3266102797657775
0.2421611191509889,0.3266102797657775
0.24227799227799227,0.3266102797657775
0.2423949782713665,0.3266102797657775
0.242512077294686,0.3266102797657775
0.24262928951184146,0.3266102797657775
0.24274661508704062,0.3266102797657775
0.24286405418480891,0.3266102797657775
0.24298160696999033,0.3266102797657775
0.2430992736077482,0.3266102797657775
0.24321705426356588,0.3266102797657775
0.24285021812893845,0.3259596616785947
0.24296799224054316,0.3259596616785947
0.2430858806404658,0.3259596616785947
0.24271844660194175,0.32530904359141183
0.24283632831471588,0.32530904359141183
0.24295432458697766,0.32530904359141183
0.24307243558580457,0.32530904359141183
0.24270428015564202,0.324658425504229
0.24282238442822385,0.324658425504229
0.24294060370009737,0.324658425504229
0.24305893813930832,0.324658425504229
0.24317738791423002,0.324658425504229
0.24329595319356412,0.324658425504229
0.24341463414634146,0.324658425504229
0.2435334309419229,0.324658425504229
0.24365234375,0.324658425504229
0.243771372740596,0.324658425504229
0.24389051808406648,0.324658425504229
0.24400977995110024,0.324658425504229
0.24412915851272016,0.324658425504229
0.2442486539402839,0.324658425504229
0.2443682664054848,0.324658425504229
0.24448799608035277,0.324658425504229
0.2446078431372549,0.324658425504229
0.24472780774889652,0.324658425504229
0.2448478900883219,0.324658425504229
0.24447717231222385,0.3240078074170462
0.24459724950884087,0.3240078074170462
0.24471744471744472,0.3240078074170462
0.2448377581120944,0.3240078074170462
0.24495818986719134,0.3240078074170462
0.24507874015748032,0.3240078074170462
0.24519940915805022,0.3240078074170462
0.24532019704433497,0.3240078074170462
0.24544110399211433,0.3240078074170462
0.2455621301775148,0.3240078074170462
0.24518993586581153,0.32335718932986335
0.24531095755182625,0.32335718932986335
0.2454320987654321,0.32335718932986335
0.2450592885375494,0.32270657124268054
0.24518042511122096,0.32270657124268054
0.24530168150346193,0.32270657124268054
0.24492825333993073,0.32205595315549773
0.24455445544554455,0.3214053350683149
0.2446755819712729,0.3214053350683149
0.24430128840436074,0.32075471698113206
0.24392662369856222,0.32010409889394925
0.24404761904761904,0.32010409889394925
0.24416873449131513,0.32010409889394925
0.2442899702085402,0.32010409889394925
0.2444113263785395,0.32010409889394925
0.24453280318091453,0.32010409889394925
0.24465440079562406,0.32010409889394925
0.24477611940298508,0.32010409889394925
0.24489795918367346,0.32010409889394925
0.2450199203187251,0.32010409889394925
0.24514200298953662,0.32010409889394925
0.2452642073778664,0.32010409889394925
0.2453865336658354,0.32010409889394925
0.24550898203592814,0.32010409889394925
0.24513230154767848,0.31945348080676644
0.24525474525474525,0.31945348080676644
0.2448775612193903,0.3188028627195836
0.245,0.3188028627195836
0.24512256128064033,0.3188028627195836
0.24524524524524524,0.3188028627195836
0.24536805207811718,0.3188028627195836
0.24549098196392785,0.3188028627195836
0.24561403508771928,0.3188028627195836
0.24523570712136408,0.31815224463240077
0.24535875564475665,0.31815224463240077
0.24548192771084337,0.31815224463240077
0.245605223505776,0.31815224463240077
0.24522613065326634,0.31750162654521796
0.24534942182001004,0.31750162654521796
0.2454728370221328,0.31750162654521796
0.24559637644690488,0.31750162654521796
0.2457200402819738,0.31750162654521796
0.24584382871536523,0.31750162654521796
0.24546370967741934,0.31685100845803515
0.24508320726172467,0.3162003903708523
0.24470232088799193,0.3155497722836695
0.24482584553255932,0.3155497722836695
0.24494949494949494,0.3155497722836695
0.2450732693279434,0.3155497722836695
0.24519716885743176,0.3155497722836695
0.2453211937278705,0.3155497722836695
0.24544534412955465,0.3155497722836695
0.2450632911392405,0.3148991541964867
0.24518743667679838,0.3148991541964867
0.24480486568677143,0.3142485361093038
0.2449290060851927,0.3142485361093038
0.24454591577879248,0.313597918022121
0.24467005076142131,0.313597918022121
0.244794311833418,0.313597918022121
0.24491869918699186,0.313597918022121
0.24504321301474327,0.313597918022121
0.2451678535096643,0.313597918022121
0.24529262086513995,0.313597918022121
0.2454175152749491,0.313597918022121
0.24554253693326542,0.313597918022121
0.24566768603465852,0.313597918022121
0.24579296277409485,0.313597918022121
0.24591836734693878,0.313597918022121
0.24604389994895354,0.313597918022121
0.245658835546476,0.3129472999349382
0.2452733776188043,0.3122966818477554
0.24539877300613497,0.3122966818477554
0.24552429667519182,0.3122966818477554
0.24564994882292732,0.3122966818477554
0.2457757296466974,0.3122966818477554
0.2459016393442623,0.3122966818477554
0.24551512045105076,0.3116460637605725
0.24512820512820513,0.3109954456733897
0.24474089276552077,0.3103448275862069
0.24486652977412732,0.3103448275862069
0.24499229583975346,0.3103448275862069
0.24511819116135664,0.3103448275862069
0.24524421593830334,0.3103448275862069
0.2448559670781893,0.3096942094990241
0.244981986618631,0.3096942094990241
0.2451081359423275,0.3096942094990241
0.2452344152498712,0.3096942094990241
0.24536082474226803,0.3096942094990241
0.24548736462093862,0.3096942094990241
0.24561403508771928,0.3096942094990241
0.24574083634486318,0.3096942094990241
0.2453512396694215,0.30904359141184123
0.2454780361757106,0.30904359141184123
0.24560496380558428,0.30904359141184123
0.24521469218830833,0.3083929733246584
0.2453416149068323,0.3083929733246584
0.2454686690833765,0.3083929733246584
0.24507772020725388,0.3077423552374756
0.2452047693105236,0.3077423552374756
0.24533195020746887,0.3077423552374756
0.24545926310326932,0.3077423552374756
0.24558670820353062,0.3077423552374756
0.24571428571428572,0.3077423552374756
0.24584199584199584,0.3077423552374756
0.24596983879355175,0.3077423552374756
0.2460978147762747,0.3077423552374756
0.24622592399791776,0.3077423552374756
0.24635416666666668,0.3077423552374756
0.24648254299114122,0.3077423552374756
0.24661105318039625,0.3077423552374756
0.2467396974439228,0.3077423552374756
0.24686847599164927,0.3077423552374756
0.24699738903394255,0.3077423552374756
0.2471264367816092,0.3077423552374756
0.2472556194458965,0.3077423552374756
0.24686192468619247,0.30709173715029275
0.24646781789638933,0.30644111906310995
0.24659685863874345,0.30644111906310995
0.2467260345730749,0.30644111906310995
0.2468553459119497,0.30644111906310995
0.24698479286837965,0.30644111906310995
0.24711437565582373,0.30644111906310995
0.247244094488189,0.30644111906310995
0.24737394957983194,0.30644111906310995
0.24697845507094063,0.30579050097592714
0.24710830704521555,0.30579050097592714
0.24723829563387692,0.30579050097592714
0.24736842105263157,0.30579050097592714
0.24749868351764087,0.30579050097592714
0.2476290832455216,0.30579050097592714
0.2477596204533474,0.30579050097592714
0.2478902953586498,0.30579050097592714
0.24749340369393139,0.30513988288874433
0.2470960929250264,0.30448926480156147
0.24722662440570523,0.30448926480156147
0.24735729386892177,0.30448926480156147
0.2474881015335801,0.30448926480156147
0.24708994708994708,0.30383864671437866
0.24722075172048702,0.30383864671437866
0.24735169491525424,0.30383864671437866
0.2474827768945416,0.30383864671437866
0.24761399787910923,0.30383864671437866
0.24774535809018566,0.30383864671437866
0.24787685774946921,0.30383864671437866
0.24800849707912906,0.30383864671437866
0.2481402763018066,0.30383864671437866
0.2482721956406167,0.30383864671437866
0.24840425531914895,0.30383864671437866
0.24853645556146886,0.30383864671437866
0.24866879659211927,0.30383864671437866
0.2482685135855088,0.30318802862719585
0.2484008528784648,0.30318802862719585
0.24853333333333333,0.30318802862719585
0.2486659551760939,0.30318802862719585
0.24879871863320877,0.30318802862719585
0.24893162393162394,0.30318802862719585
0.24853019775521112,0.302537410540013
0.24866310160427807,0.302537410540013
0.24879614767255218,0.302537410540013
0.24892933618843682,0.302537410540013
0.24906266738082486,0.302537410540013
0.2491961414790997,0.302537410540013
0.24932975871313673,0.302537410540013
0.2494635193133047,0.302537410540013
0.2490606548577563,0.3018867924528302
0.24919441460794844,0.3018867924528302
0.2493283181085438,0.3018867924528302
0.24946236559139784,0.3018867924528302
0.2490586336740183,0.30123617436564737
0.24919268030139935,0.30123617436564737
0.24878836833602586,0.30058555627846456
0.24838362068965517,0.2999349381912817
0.24851752021563342,0.2999349381912817
0.24865156418554477,0.2999349381912817
0.2487857528332434,0.2999349381912817
0.24838012958963282,0.2992843201040989
0.2485143165856294,0.2992843201040989
0.2481081081081081,0.2986337020169161
0.2482422931314224,0.2986337020169161
0.2483766233766234,0.2986337020169161
0.24851109907958852,0.2986337020169161
0.24864572047670638,0.2986337020169161
0.24878048780487805,0.2986337020169161
0.24891540130151843,0.2986337020169161
0.2490504612045578,0.2986337020169161
0.249185667752443,0.2986337020169161
0.24932102118413904,0.2986337020169161
0.24945652173913044,0.2986337020169161
0.2495921696574225,0.2986337020169161
0.24918389553862894,0.2979830839297333
0.2487751769188895,0.2973324658425504
0.24891067538126363,0.2973324658425504
0.24904632152588557,0.2973324658425504
0.24863685932388221,0.2966818477553676
0.24877250409165302,0.2966818477553676
0.24836244541484717,0.2960312296681848
0.2484980884762425,0.2960312296681848
0.24863387978142076,0.2960312296681848
0.24876981957353744,0.2960312296681848
0.24835886214442013,0.29538061158100193
0.24849480021893816,0.29538061158100193
0.24808324205914567,0.2947299934938191
0.2482191780821918,0.2947299934938191
0.24780701754385964,0.2940793754066363
0.24794295117937465,0.2940793754066363
0.24807903402854006,0.2940793754066363
0.2482152663371774,0.2940793754066363
0.24835164835164836,0.2940793754066363
0.24848818031885653,0.2940793754066363
0.24862486248624863,0.2940793754066363
0.24876169510181617,0.2940793754066363
0.24834801762114536,0.2934287573194535
0.24848484848484848,0.2934287573194535
0.2486218302094818,0.2934287573194535
0.24875896304467732,0.2934287573194535
0.2488962472406181,0.2934287573194535
0.24903368304803974,0.2934287573194535
0.24861878453038674,0.29277813923227064
0.24875621890547264,0.29277813923227064
0.2488938053097345,0.29277813923227064
0.2484781405644715,0.29212752114508783
0.24861572535991142,0.29212752114508783
0.24875346260387812,0.29212752114508783
0.24889135254988914,0.29212752114508783
0.2490293954520244,0.29212752114508783
0.24916759156492785,0.29212752114508783
0.249305941143809,0.29212752114508783
0.24944444444444444,0.29212752114508783
0.2490272373540856,0.291476903057905
0.24916573971078976,0.291476903057905
0.24874791318864775,0.29082628497072216
0.24888641425389754,0.29082628497072216
0.249025069637883,0.29082628497072216
0.2491638795986622,0.29082628497072216
0.2487451199107641,0.29017566688353935
0.24832589285714285,0.28952504879635654
0.248464544946957,0.28952504879635654
0.24860335195530725,0.28952504879635654
0.24874231414197875,0.28952504879635654
0.24888143176733782,0.28952504879635654
0.2484611080022384,0.28887443070917374
0.24860022396416573,0.28887443070917374
0.24873949579831933,0.28887443070917374
0.2483183856502242,0.28822381262199087
0.24845765563656758,0.28822381262199087
0.24859708193041527,0.28822381262199087
0.24873666479505896,0.28822381262199087
0.24887640449438203,0.28822381262199087
0.24901630129286115,0.28822381262199087
0.24915635545556805,0.28822381262199087
0.24929656724817106,0.28822381262199087
0.24887387387387389,0.28757319453480806
0.24901408450704227,0.28757319453480806
0.2491544532130778,0.28757319453480806
0.24929498025944727,0.28757319453480806
0.24943566591422123,0.28757319453480806
0.24957651044607565,0.28757319453480806
0.24915254237288137,0.28692257644762525
0.24929338609383833,0.28692257644762525
0.2494343891402715,0.28692257644762525
0.2495755517826825,0.28692257644762525
0.24971687429218573,0.28692257644762525
0.24985835694050992,0.28692257644762525
0.2494331065759637,0.28627195836044245
0.2495745887691435,0.28627195836044245
0.24971623155505107,0.28627195836044245
0.2498580352072686,0.28627195836044245
0.24943181818181817,0.2856213402732596
0.2490051165434906,0.2849707221860768
0.24914675767918087,0.2849707221860768
0.24928856004553215,0.2849707221860768
0.24943052391799544,0.2849707221860768
0.24957264957264957,0.2849707221860768
0.24971493728620298,0.2849707221860768
0.24985738733599544,0.2849707221860768
0.25,0.2849707221860768
0.2501427755568247,0.2849707221860768
0.2502857142857143,0.2849707221860768
0.2498570611778159,0.28432010409889397
0.25,0.28432010409889397
0.249570692615913,0.2836694860117111
0.24971363115693013,0.2836694860117111
0.2498567335243553,0.2836694860117111
0.25,0.2836694860117111
0.2495697074010327,0.2830188679245283
0.24971297359357061,0.2830188679245283
0.2498564043653073,0.2830188679245283
0.25,0.2830188679245283
0.25014376078205863,0.2830188679245283
0.25028768699654774,0.2830188679245283
0.2504317789291883,0.2830188679245283
0.25057603686635943,0.2830188679245283
0.2507204610951009,0.2830188679245283
0.2508650519031142,0.2830188679245283
0.2504327755337565,0.2823682498373455
0.25057736720554274,0.2823682498373455
0.2507221259387637,0.2823682498373455
0.2502890173410405,0.2817176317501627
0.2498554077501446,0.2810670136629798
0.2494212962962963,0.280416395575797
0.2495657209033005,0.280416395575797
0.24913093858632676,0.2797657774886142
0.24869565217391304,0.27911515940143133
0.2488399071925754,0.27911515940143133
0.248984329657574,0.27911515940143133
0.24854819976771197,0.2784645413142485
0.24811156304474144,0.2778139232270657
0.24825581395348836,0.2778139232270657
0.2484002326934264,0.2778139232270657
0.24854481955762514,0.2778139232270657
0.24868957483983692,0.2778139232270657
0.24883449883449885,0.2778139232270657
0.24839650145772596,0.2771633051398829
0.2485414235705951,0.2771633051398829
0.2486865148861646,0.2771633051398829
0.2488317757009346,0.2771633051398829
0.2489772063120982,0.2771633051398829
0.24912280701754386,0.2771633051398829
0.24926857811585723,0.2771633051398829
0.24941451990632318,0.2771633051398829
0.24897480960749854,0.27651268705270005
0.24912075029308323,0.27651268705270005
0.24926686217008798,0.27651268705270005
0.24882629107981222,0.27586206896551724
0.24897240164415738,0.27586206896551724
0.24853113983548766,0.27521145087833443
0.24867724867724866,0.27521145087833443
0.2488235294117647,0.27521145087833443
0.24838140082401414,0.2745608327911516
0.2479387514723204,0.27391021470396876
0.24749558043606365,0.27325959661678595
0.24764150943396226,0.27325959661678595
0.24778761061946902,0.27325959661678595
0.24793388429752067,0.27325959661678595
0.24808033077377437,0.27325959661678595
0.24763593380614657,0.27260897852960314
0.24778237729154345,0.27260897852960314
0.24733727810650888,0.2719583604424203
0.24748371817643577,0.2719583604424203
0.2476303317535545,0.2719583604424203
0.24777711914641376,0.2719583604424203
0.2479240806642942,0.2719583604424203
0.24747774480712167,0.27130774235523747
0.24703087885985747,0.27065712426805466
0.24717765894236482,0.27065712426805466
0.2473246135552913,0.27065712426805466
0.24687685901249257,0.27000650618087185
0.24702380952380953,0.27000650618087185
0.247170935080405,0.27000650618087185
0.24731823599523242,0.27000650618087185
0.24746571258199165,0.27000650618087185
0.24701670644391407,0.269355888093689
0.2471641791044776,0.269355888093689
0.24671445639187575,0.2687052700065062
0.24686192468619247,0.2687052700065062
0.24700956937799043,0.2687052700065062
0.2471573907839617,0.2687052700065062
0.2473053892215569,0.2687052700065062
0.2468544038346315,0.2680546519193234
0.24640287769784172,0.2674040338321405
0.24595080983803239,0.2667534157449577
0.2460984393757503,0.2667534157449577
0.24564564564564564,0.2661027976577749
0.24579326923076922,0.2661027976577749
0.24594107035478052,0.2661027976577749
0.24608904933814682,0.2661027976577749
0.2456351595424443,0.2654521795705921
0.2457831325301205,0.2654521795705921
0.24593128390596744,0.2654521795705921
0.24607961399276237,0.2654521795705921
0.24622812311406156,0.2654521795705921
0.2463768115942029,0.2654521795705921
0.24652567975830816,0.2654521795705921
0.24667472793228537,0.2654521795705921
0.24621899576527526,0.2648015614834092
0.2457627118644068,0.2641509433962264
0.24591156874621442,0.2641509433962264
0.24606060606060606,0.2641509433962264
0.24620982413583992,0.2641509433962264
0.24575242718446602,0.2635003253090436
0.2459016393442623,0.2635003253090436
0.24605103280680438,0.2635003253090436
0.24559270516717324,0.26284970722186074
0.2451338199513382,0.26219908913467793
0.24528301886792453,0.26219908913467793
0.24543239951278928,0.26219908913467793
0.2449725776965265,0.2615484710474951
0.2451219512195122,0.2615484710474951
0.24527150701647346,0.2615484710474951
0.2454212454212454,0.2615484710474951
0.24557116676847893,0.2615484710474951
0.24572127139364303,0.2615484710474951
0.2452599388379205,0.2608978529603123
0.24541003671970624,0.2608978529603123
0.24556031843233314,0.2608978529603123
0.24571078431372548,0.2608978529603123
0.2458614347026364,0.2608978529603123
0.2460122699386503,0.2608978529603123
0.24554941682013506,0.26024723487312945
0.2457002457002457,0.26024723487312945
0.24585125998770743,0.26024723487312945
0.24600246002460024,0.26024723487312945
0.24615384615384617,0.26024723487312945
0.24630541871921183,0.26024723487312945
0.24645717806531114,0.26024723487312945
0.2466091245376079,0.26024723487312945
0.2461443553362122,0.25959661678594664
0.2462962962962963,0.25959661678594664
0.2464484249536751,0.25959661678594664
0.24598269468479605,0.25894599869876384
0.24613481756338898,0.25894599869876384
0.24628712871287128,0.25894599869876384
0.2458204334365325,0.258295380611581
0.2459727385377943,0.258295380611581
0.24612523248605084,0.258295380611581
0.24627791563275434,0.258295380611581
0.24581005586592178,0.25764476252439816
0.2453416149068323,0.25699414443721535
0.24549409571162212,0.25699414443721535
0.24502487562189054,0.25634352635003255
0.24517734909769756,0.25634352635003255
0.24533001245330013,0.25634352635003255
0.24548286604361372,0.25634352635003255
0.24501246882793018,0.2556929082628497
0.24516531503431066,0.2556929082628497
0.24531835205992508,0.2556929082628497
0.24547158026233604,0.2556929082628497
0.245625,0.2556929082628497
0.24577861163227016,0.2556929082628497
0.24593241551939926,0.2556929082628497
0.24608641202254228,0.2556929082628497
0.2462406015037594,0.2556929082628497
0.2463949843260188,0.2556929082628497
0.2465495608531995,0.2556929082628497
0.24670433145009416,0.2556929082628497
0.24685929648241206,0.2556929082628497
0.2470144563167819,0.2556929082628497
0.24716981132075472,0.2556929082628497
0.2473253618628068,0.2556929082628497
0.24748110831234257,0.2556929082628497
0.24763705103969755,0.2556929082628497
0.24779319041614123,0.2556929082628497
0.24794952681388013,0.2556929082628497
0.2481060606060606,0.2556929082628497
0.24826279216677194,0.2556929082628497
0.2484197218710493,0.2556929082628497
0.24794433902593296,0.2550422901756669
0.2481012658227848,0.2550422901756669
0.24762507916402787,0.25439167208848407
0.24778200253485425,0.25439167208848407
0.24793912492073558,0.25439167208848407
0.24809644670050762,0.25439167208848407
0.24825396825396825,0.25439167208848407
0.24777636594663277,0.25374105400130126
0.24793388429752067,0.25374105400130126
0.2480916030534351,0.25374105400130126
0.24824952259707192,0.25374105400130126
0.2484076433121019,0.25374105400130126
0.248565965583174,0.25374105400130126
0.24808673469387754,0.2530904359141184
0.2482450542437779,0.2530904359141184
0.24840357598978288,0.2530904359141184
0.2485623003194888,0.2530904359141184
0.24808184143222506,0.2524398178269356
0.24824056301983366,0.2524398178269356
0.24839948783610755,0.2524398178269356
0.24855861627162076,0.2524398178269356
0.24807692307692308,0.2517891997397528
0.24759461193072482,0.2511385816525699
0.2471116816431322,0.2504879635653871
0.2472703917790623,0.2504879635653871
0.2474293059125964,0.2504879635653871
0.24758842443729903,0.2504879635653871
0.24774774774774774,0.2504879635653871
0.24790727623953637,0.2504879635653871
0.24742268041237114,0.2498373454782043
0.24758220502901354,0.2498373454782043
0.24774193548387097,0.2498373454782043
0.24790187217559717,0.2498373454782043
0.24806201550387597,0.2498373454782043
0.2475759534583064,0.24918672739102146
0.24773609314359638,0.24918672739102146
0.24789644012944984,0.24918672739102146
0.24805699481865284,0.24918672739102146
0.24821775761503564,0.24918672739102146
0.248378728923476,0.24918672739102146
0.24853990914990265,0.24918672739102146
0.2487012987012987,0.24918672739102146
0.248862897985705,0.24918672739102146
0.24902470741222366,0.24918672739102146
0.24918672739102146,0.24918672739102146
0.24934895833333334,0.24918672739102146
0.2495114006514658,0.24918672739102146
0.24967405475880053,0.24918672739102146
0.24983692106979777,0.24918672739102146
0.25,0.24918672739102146
0.25016329196603526,0.24918672739102146
0.2503267973856209,0.24918672739102146
0.25049051667756705,0.24918672739102146
0.25,0.24853610930383865
0.2501637197118533,0.24853610930383865
0.2503276539973788,0.24853610930383865
0.2498360655737705,0.24788549121665582
0.25,0.24788549121665582
0.2495075508864084,0.247234873129473
0.24967148488830487,0.247234873129473
0.24917817225509534,0.24658425504229017
0.2493421052631579,0.24658425504229017
0.2488479262672811,0.24593363695510737
0.2490118577075099,0.24593363695510737
0.24917600527356626,0.24593363695510737
0.24934036939313983,0.24593363695510737
0.24884488448844885,0.24528301886792453
0.24900924702774108,0.24528301886792453
0.24917382683410444,0.24528301886792453
0.24933862433862433,0.24528301886792453
0.24884182660489743,0.2446324007807417
0.24900662251655628,0.2446324007807417
0.2491716368455931,0.2446324007807417
0.2493368700265252,0.2446324007807417
0.24950232249502322,0.2446324007807417
0.249667994687915,0.2446324007807417
0.24983388704318937,0.2446324007807417
0.25,0.2446324007807417
0.25016633399866933,0.2446324007807417
0.2496671105193076,0.24398178269355889
0.2498334443704197,0.24398178269355889
0.24933333333333332,0.24333116460637605
0.24883255503669113,0.24268054651919324
0.24899866488651534,0.24268054651919324
0.24916499665998665,0.24268054651919324
0.24933155080213903,0.24268054651919324
0.24949832775919734,0.24268054651919324
0.249665327978581,0.24268054651919324
0.24983255190890824,0.24268054651919324
0.25,0.24268054651919324
0.250167672702884,0.24268054651919324
0.24966442953020135,0.2420299284320104
0.24983210208193418,0.2420299284320104
0.25,0.2420299284320104
0.25016812373907193,0.2420299284320104
0.2503364737550471,0.2420299284320104
0.2505050505050505,0.2420299284320104
0.25067385444743934,0.2420299284320104
0.25084288604180716,0.2420299284320104
0.25101214574898784,0.2420299284320104
0.2511816340310601,0.2420299284320104
0.25067567567567567,0.2413793103448276
0.2508451656524679,0.2413793103448276
0.2503382949932341,0.24072869225764476
0.25050778605280977,0.24072869225764476
0.25,0.24007807417046195
0.24949152542372882,0.23942745608327912
0.2496607869742198,0.23942745608327912
0.24983027834351662,0.23942745608327912
0.25,0.23942745608327912
0.2501699524133243,0.23942745608327912
0.2503401360544218,0.23942745608327912
0.25051055139550715,0.23942745608327912
0.2506811989100817,0.23942745608327912
0.2501704158145876,0.23877683799609628
0.2503410641200546,0.23877683799609628
0.24982935153583619,0.23812621990891347
0.24931693989071038,0.23747560182173064
0.24948735475051265,0.23747560182173064
0.2496580027359781,0.23747560182173064
0.24982888432580425,0.23747560182173064
0.25,0.23747560182173064
0.25017135023989034,0.23747560182173064
0.2496570644718793,0.23682498373454783
0.24982841455044613,0.23682498373454783
0.25,0.23682498373454783
0.24948453608247423,0.236174365647365
0.24965612104539203,0.236174365647365
0.24913971094287682,0.23552374756018218
0.2493112947658402,0.23552374756018218
0.24948311509303928,0.23552374756018218
0.2489655172413793,0.23487312947299935
0.24913733609385783,0.23487312947299935
0.24861878453038674,0.2342225113858165
0.248790601243953,0.2342225113858165
0.24827109266943292,0.2335718932986337
0.24844290657439447,0.2335718932986337
0.24792243767313019,0.23292127521145087
0.2480942480942481,0.23292127521145087
0.24826629680998613,0.23292127521145087
0.2477446217904233,0.23227065712426806
0.24791666666666667,0.23227065712426806
0.2480889506601807,0.23227065712426806
0.2482614742698192,0.23227065712426806
0.24843423799582465,0.23227065712426806
0.24860724233983286,0.23227065712426806
0.2480836236933798,0.23162003903708522
0.2482566248256625,0.23162003903708522
0.24842986741102582,0.23162003903708522
0.24860335195530725,0.23162003903708522
0.2487770789657582,0.23162003903708522
0.24895104895104894,0.23162003903708522
0.2491252624212736,0.23162003903708522
0.24929971988795518,0.23162003903708522
0.24947442186405044,0.23162003903708522
0.2496493688639551,0.23162003903708522
0.24982456140350878,0.23162003903708522
0.25,0.23162003903708522
0.2501756851721715,0.23162003903708522
0.25035161744022505,0.23162003903708522
0.25052779732582686,0.23162003903708522
0.2507042253521127,0.23162003903708522
0.25017618040873857,0.23096942094990242
0.25035260930888575,0.23096942094990242
0.24982357092448837,0.23031880286271958
0.24929378531073446,0.22966818477553677
0.24946996466431096,0.22966818477553677
0.24964639321074963,0.22966818477553677
0.24911535739561216,0.22901756668835394
0.24929178470254956,0.22901756668835394
0.24946846208362863,0.22901756668835394
0.24964539007092199,0.22901756668835394
0.24982256919801277,0.22901756668835394
0.25,0.22901756668835394
0.2501776830135039,0.22901756668835394
0.2503556187766714,0.22901756668835394
0.2505338078291815,0.22901756668835394
0.25071225071225073,0.22901756668835394
0.25089094796863864,0.22901756668835394
0.25106990014265335,0.22901756668835394
0.251249107780157,0.22901756668835394
0.25142857142857145,0.22901756668835394
0.25089349535382416,0.2283669486011711
0.2510729613733906,0.2283669486011711
0.25125268432355047,0.2283669486011711
0.251432664756447,0.2283669486011711
0.25161290322580643,0.2283669486011711
0.251793400286944,0.2283669486011711
0.25125628140703515,0.2277163305139883
0.2514367816091954,0.2277163305139883
0.2516175413371675,0.2277163305139883
0.2517985611510791,0.2277163305139883
0.251979841612671,0.2277163305139883
0.2521613832853026,0.2277163305139883
0.25234318673395817,0.2277163305139883
0.2518037518037518,0.22706571242680545
0.251985559566787,0.22706571242680545
0.25216763005780346,0.22706571242680545
0.25162689804772237,0.22641509433962265
0.25180897250361794,0.22641509433962265
0.2519913106444605,0.22641509433962265
0.25217391304347825,0.22641509433962265
0.252356780275562,0.22641509433962265
0.2525399129172714,0.22641509433962265
0.25272331154684097,0.22641509433962265
0.25290697674418605,0.22641509433962265
0.2530909090909091,0.22641509433962265
0.25327510917030566,0.22641509433962265
0.2534595775673707,0.22641509433962265
0.2536443148688047,0.22641509433962265
0.2538293216630197,0.22641509433962265
0.25401459854014596,0.22641509433962265
0.254200146092038,0.22641509433962265
0.2543859649122807,0.22641509433962265
0.25457205559619606,0.22641509433962265
0.2547584187408492,0.22641509433962265
0.2549450549450549,0.22641509433962265
0.25513196480938416,0.22641509433962265
0.2553191489361702,0.22641509433962265
0.2555066079295154,0.22641509433962265
0.25495958853783984,0.2257644762524398
0.2551470588235294,0.2257644762524398
0.25533480500367917,0.2257644762524398
0.2555228276877761,0.2257644762524398
0.25497420781134855,0.225113858165257
0.25442477876106195,0.22446324007807417
0.25461254612546125,0.22446324007807417
0.25406203840472674,0.22381262199089136
0.254249815225425,0.22381262199089136
0.253698224852071,0.22316200390370852
0.2538860103626943,0.22316200390370852
0.25407407407407406,0.22316200390370852
0.2542624166048925,0.22316200390370852
0.25445103857566764,0.22316200390370852
0.2546399406087602,0.22316200390370852
0.25482912332838037,0.22316200390370852
0.2550185873605948,0.22316200390370852
0.2552083333333333,0.22316200390370852
0.25539836187639614,0.22316200390370852
0.2555886736214605,0.22316200390370852
0.255779269202088,0.22316200390370852
0.25597014925373135,0.22316200390370852
0.2561613144137416,0.22316200390370852
0.2563527653213752,0.22316200390370852
0.25579655946148094,0.2225113858165257
0.25523952095808383,0.22186076772934288
0.2554307116104869,0.22186076772934288
0.2556221889055472,0.22186076772934288
0.2550637659414854,0.22121014964216004
0.2552552552552553,0.22121014964216004
0.2554470323065364,0.22121014964216004
0.2548872180451128,0.22055953155497723
0.255079006772009,0.22055953155497723
0.2552710843373494,0.22055953155497723
0.2554634513941221,0.22055953155497723
0.25565610859728505,0.22055953155497723
0.2558490566037736,0.22055953155497723
0.2552870090634441,0.2199089134677944
0.25547996976568405,0.2199089134677944
0.2556732223903177,0.2199089134677944
0.2558667676003028,0.2199089134677944
0.25606060606060604,0.2199089134677944
0.2562547384382108,0.2199089134677944
0.2564491654021244,0.2199089134677944
0.25664388762338647,0.2199089134677944
0.256838905775076,0.2199089134677944
0.2570342205323194,0.2199089134677944
0.2572298325722983,0.2199089134677944
0.25742574257425743,0.2199089134677944
0.2576219512195122,0.2199089134677944
0.2578184591914569,0.2199089134677944
0.2580152671755725,0.2199089134677944
0.2582123758594347,0.2199089134677944
0.25840978593272174,0.2199089134677944
0.25860749808722266,0.2199089134677944
0.25803981623277183,0.2192582953806116
0.2582375478927203,0.2192582953806116
0.2584355828220859,0.2192582953806116
0.25863392171910976,0.2192582953806116
0.2588325652841782,0.2192582953806116
0.2590315142198309,0.2192582953806116
0.25846153846153846,0.21860767729342875
0.2586605080831409,0.21860767729342875
0.2588597842835131,0.21860767729342875
0.259059367771781,0.21860767729342875
0.25925925925925924,0.21860767729342875
0.2594594594594595,0.21860767729342875
0.2596599690880989,0.21860767729342875
0.2590873936581593,0.21795705920624595
0.2592879256965944,0.21795705920624595
0.2587141750580945,0.2173064411190631
0.2589147286821705,0.2173064411190631
0.2591155934833204,0.2173064411190631
0.25854037267080743,0.21665582303188027
0.257964257964258,0.21600520494469747
0.2581648522550544,0.21600520494469747
0.25836575875486384,0.21600520494469747
0.25778816199376947,0.21535458685751463
0.2579890880748246,0.21535458685751463
0.2581903276131045,0.21535458685751463
0.2576112412177986,0.21470396877033182
0.2578125,0.21470396877033182
0.2580140734949179,0.21470396877033182
0.25821596244131456,0.21470396877033182
0.25841816758026626,0.21470396877033182
0.25862068965517243,0.21470396877033182
0.25882352941176473,0.21470396877033182
0.25902668759811615,0.21470396877033182
0.2584446190102121,0.21405335068314899
0.2586477987421384,0.21405335068314899
0.25885129819040126,0.21405335068314899
0.25905511811023624,0.21405335068314899
0.25925925925925924,0.21405335068314899
0.25946372239747634,0.21405335068314899
0.2596685082872928,0.21405335068314899
0.2598736176935229,0.21405335068314899
0.2592885375494071,0.21340273259596618
0.25949367088607594,0.21340273259596618
0.2596991290577989,0.21340273259596618
0.25990491283676703,0.21340273259596618
0.26011102299762096,0.21340273259596618
0.25952380952380955,0.21275211450878334
0.2597299444003177,0.21275211450878334
0.2591414944356121,0.21210149642160053
0.25855210819411295,0.2114508783344177
0.25796178343949044,0.21080026024723486
0.25737051792828686,0.21014964216005205
0.25757575757575757,0.21014964216005205
0.257781324820431,0.21014964216005205
0.25798722044728434,0.21014964216005205
0.2573940847322142,0.20949902407286922
0.2568,0.2088484059856864
0.2562049639711769,0.20819778789850357
0.2564102564102564,0.20819778789850357
0.2558139534883721,0.20754716981132076
0.25601926163723915,0.20754716981132076
0.25622489959839356,0.20754716981132076
0.25643086816720256,0.20754716981132076
0.25663716814159293,0.20754716981132076
0.25684380032206117,0.20754716981132076
0.2570507655116841,0.20754716981132076
0.2564516129032258,0.20689655172413793
0.2566585956416465,0.20689655172413793
0.2568659127625202,0.20689655172413793
0.2570735650767987,0.20689655172413793
0.2564724919093851,0.20624593363695512
0.25587044534412956,0.20559531554977228
0.2560777957860616,0.20559531554977228
0.2562854825628548,0.20559531554977228
0.2564935064935065,0.20559531554977228
0.25670186839967507,0.20559531554977228
0.25609756097560976,0.20494469746258945
0.2563059397884459,0.20494469746258945
0.25651465798045603,0.20494469746258945
0.2567237163814181,0.20494469746258945
0.2569331158238173,0.20494469746258945
0.2571428571428571,0.20494469746258945
0.25735294117647056,0.20494469746258945
0.25756336876533115,0.20494469746258945
0.25777414075286414,0.20494469746258945
0.257985257985258,0.20494469746258945
0.2581967213114754,0.20494469746258945
0.2575881870385562,0.20429407937540664
0.25779967159277506,0.20429407937540664
0.2580115036976171,0.20429407937540664
0.2574013157894737,0.2036434612882238
0.25761316872427986,0.2036434612882238
0.257825370675453,0.2036434612882238
0.258037922506183,0.2036434612882238
0.25825082508250824,0.2036434612882238
0.2584640792733278,0.2036434612882238
0.25867768595041324,0.2036434612882238
0.2588916459884202,0.2036434612882238
0.2591059602649007,0.2036434612882238
0.25849212924606463,0.202992843201041
0.25870646766169153,0.202992843201041
0.25809128630705397,0.20234222511385816
0.2574750830564784,0.20169160702667535
0.257689110556941,0.20169160702667535
0.25707154742096505,0.20104098893949252
0.257285595337219,0.20104098893949252
0.2575,0.20104098893949252
0.25771476230191825,0.20104098893949252
0.2579298831385643,0.20104098893949252
0.2581453634085213,0.20104098893949252
0.2583612040133779,0.20104098893949252
0.25774058577405856,0.2003903708523097
0.25711892797319935,0.19973975276512687
0.2573344509639564,0.19973975276512687
0.2575503355704698,0.19973975276512687
0.2577665827036104,0.19973975276512687
0.25798319327731095,0.19973975276512687
0.25820016820857866,0.19973975276512687
0.25757575757575757,0.19908913467794404
0.2577927548441449,0.19908913467794404
0.2580101180438449,0.19908913467794404
0.25738396624472576,0.19843851659076123
0.25760135135135137,0.19843851659076123
0.2578191039729501,0.19843851659076123
0.2580372250423012,0.19843851659076123
0.25825571549534293,0.19843851659076123
0.2576271186440678,0.1977878985035784
0.2578456318914334,0.1977878985035784
0.25721561969439727,0.19713728041639558
0.25658453695836875,0.19648666232921275
0.2568027210884354,0.19648666232921275
0.2570212765957447,0.19648666232921275
0.2572402044293015,0.19648666232921275
0.257459505541347,0.19648666232921275
0.257679180887372,0.19648666232921275
0.2578992314261315,0.19648666232921275
0.25811965811965815,0.19648666232921275
0.2583404619332763,0.19648666232921275
0.2577054794520548,0.19583604424202994
0.2579263067694944,0.19583604424202994
0.25728987993138935,0.1951854261548471
0.2575107296137339,0.1951854261548471
0.25773195876288657,0.1951854261548471
0.25709372312983664,0.1945348080676643
0.2573149741824441,0.1945348080676643
0.2575366063738157,0.1945348080676643
0.25775862068965516,0.1945348080676643
0.2571182053494392,0.19388418998048146
0.25647668393782386,0.19323357189329862
0.25583405358686256,0.19258295380611581
0.2560553633217993,0.19258295380611581
0.25627705627705627,0.19258295380611581
0.2564991334488735,0.19258295380611581
0.2567215958369471,0.19258295380611581
0.2569444444444444,0.19258295380611581
0.2571676802780191,0.19258295380611581
0.2565217391304348,0.19193233571893298
0.25674499564838993,0.19193233571893298
0.2569686411149826,0.19193233571893298
0.25719267654751526,0.19193233571893298
0.25741710296684117,0.19193233571893298
0.2576419213973799,0.19193233571893298
0.25786713286713286,0.19193233571893298
0.25809273840769903,0.19193233571893298
0.2583187390542907,0.19193233571893298
0.25854513584574934,0.19193233571893298
0.25877192982456143,0.19193233571893298
0.2589991220368745,0.19193233571893298
0.2583479789103691,0.19128171763175017
0.25769569041336854,0.19063109954456733
0.2579225352112676,0.19063109954456733
0.2581497797356828,0.19063109954456733
0.2583774250440917,0.19063109954456733
0.2586054721977052,0.19063109954456733
0.2588339222614841,0.19063109954456733
0.25906277630415564,0.19063109954456733
0.2592920353982301,0.19063109954456733
0.2595217006200177,0.19063109954456733
0.25975177304964536,0.19063109954456733
0.25998225377107365,0.19063109954456733
0.25932504440497334,0.18998048145738453
0.25955555555555554,0.18998048145738453
0.25889679715302494,0.1893298633702017
0.2591273374888691,0.1893298633702017
0.25846702317290554,0.18867924528301888
0.2586975914362177,0.18867924528301888
0.2580357142857143,0.18802862719583605
0.258266309204647,0.18802862719583605
0.25760286225402507,0.1873780091086532
0.25783348254252464,0.1873780091086532
0.25806451612903225,0.1873780091086532
0.25739910313901343,0.1867273910214704
0.25763016157989227,0.1867273910214704
0.2578616352201258,0.1867273910214704
0.2580935251798561,0.1867273910214704
0.2583258325832583,0.1867273910214704
0.2585585585585586,0.1867273910214704
0.2587917042380523,0.1867273910214704
0.25902527075812276,0.1867273910214704
0.25925925925925924,0.1867273910214704
0.25949367088607594,0.1867273910214704
0.25972850678733034,0.1867273910214704
0.259963768115942,0.1867273910214704
0.2601994560290118,0.1867273910214704
0.2595281306715064,0.18607677293428757
0.259763851044505,0.18607677293428757
0.26,0.18607677293428757
0.2602365787079163,0.18607677293428757
0.2604735883424408,0.18607677293428757
0.26071103008204194,0.18607677293428757
0.26094890510948904,0.18607677293428757
0.26118721461187216,0.18607677293428757
0.26142595978062155,0.18607677293428757
0.2616651418115279,0.18607677293428757
0.260989010989011,0.18542615484710476
0.2612282309807516,0.18542615484710476
0.26146788990825687,0.18542615484710476
0.26170798898071623,0.18542615484710476
0.2619485294117647,0.18542615484710476
0.2612695492180313,0.18477553675992192
0.26151012891344383,0.18477553675992192
0.26175115207373273,0.18477553675992192
0.26199261992619927,0.18477553675992192
0.26223453370267774,0.18477553675992192
0.26247689463955637,0.18477553675992192
0.2627197039777983,0.18477553675992192
0.26296296296296295,0.18477553675992192
0.2632066728452271,0.18477553675992192
0.2634508348794063,0.18477553675992192
0.26369545032497677,0.18477553675992192
0.26301115241635686,0.1841249186727391
0.26325581395348835,0.1841249186727391
0.2635009310986965,0.1841249186727391
0.2637465051258155,0.1841249186727391
0.26399253731343286,0.1841249186727391
0.2642390289449113,0.1841249186727391
0.2644859813084112,0.1841249186727391
0.264733395696913,0.1841249186727391
0.2649812734082397,0.1841249186727391
0.2642924086223055,0.18347430058555628
0.26454033771106944,0.18347430058555628
0.2647887323943662,0.18347430058555628
0.2650375939849624,0.18347430058555628
0.26528692380056446,0.18347430058555628
0.2645951035781544,0.18282368249837344
0.2648444863336475,0.18282368249837344
0.2650943396226415,0.18282368249837344
0.26440037771482533,0.18217306441119063
0.2646502835538752,0.18217306441119063
0.2639545884578997,0.1815224463240078
0.26420454545454547,0.1815224463240078
0.26350710900473934,0.180871828236825
0.2637571157495256,0.180871828236825
0.2630579297245964,0.18022121014964215
0.2633079847908745,0.18022121014964215
0.263558515699334,0.18022121014964215
0.2638095238095238,0.18022121014964215
0.2640610104861773,0.18022121014964215
0.2643129770992366,0.18022121014964215
0.26456542502387775,0.18022121014964215
0.26481835564053535,0.18022121014964215
0.26507177033492824,0.18022121014964215
0.2653256704980843,0.18022121014964215
0.26558005752636626,0.18022121014964215
0.2658349328214971,0.18022121014964215
0.26609029779058596,0.18022121014964215
0.26634615384615384,0.18022121014964215
0.26564003849855633,0.17957059206245934
0.2649325626204239,0.1789199739752765
0.2651880424300868,0.1789199739752765
0.26544401544401547,0.1789199739752765
0.26570048309178745,0.1789199739752765
0.26595744680851063,0.1789199739752765
0.26524685382381413,0.1782693558880937
0.26453488372093026,0.17761873780091086
0.26479146459747815,0.17761873780091086
0.2650485436893204,0.17761873780091086
0.2653061224489796,0.17761873780091086
0.26556420233463035,0.17761873780091086
0.26582278481012656,0.17761873780091086
0.2651072124756335,0.17696811971372803
0.2653658536585366,0.17696811971372803
0.265625,0.17696811971372803
0.26588465298142716,0.17696811971372803
0.26614481409001955,0.17696811971372803
0.2664054848188051,0.17696811971372803
0.26666666666666666,0.17696811971372803
0.26692836113837093,0.17696811971372803
0.26620825147347743,0.17631750162654522
0.2664700098328417,0.17631750162654522
0.265748031496063,0.17566688353936238
0.2660098522167488,0.17566688353936238
0.26528599605522685,0.17501626545217958
0.26554787759131293,0.17501626545217958
0.2658102766798419,0.17501626545217958
0.26607319485657766,0.17501626545217958
0.26633663366336635,0.17501626545217958
0.2666005946481665,0.17501626545217958
0.26686507936507936,0.17501626545217958
0.2671300893743793,0.17501626545217958
0.2673956262425447,0.17501626545217958
0.2676616915422886,0.17501626545217958
0.2679282868525896,0.17501626545217958
0.26819541375872386,0.17501626545217958
0.26746506986027946,0.17436564736499674
0.2677322677322677,0.17436564736499674
0.268,0.17436564736499674
0.2682682682682683,0.17436564736499674
0.2685370741482966,0.17436564736499674
0.2688064192577733,0.17436564736499674
0.2680722891566265,0.17371502927781393
0.26834170854271355,0.17371502927781393
0.2686116700201207,0.17371502927781393
0.2678751258811682,0.1730644111906311
0.26814516129032256,0.1730644111906311
0.2684157416750757,0.1730644111906311
0.2686868686868687,0.1730644111906311
0.268958543983822,0.1730644111906311
0.2692307692307692,0.1730644111906311
0.2684903748733536,0.1724137931034483
0.26774847870182555,0.17176317501626545
0.26802030456852793,0.17176317501626545
0.2682926829268293,0.17176317501626545
0.2685656154628688,0.17176317501626545
0.26883910386965376,0.17176317501626545
0.2691131498470948,0.17176317501626545
0.2693877551020408,0.17176317501626545
0.2686414708886619,0.17111255692908262
0.2689161554192229,0.17111255692908262
0.2691914022517912,0.17111255692908262
0.26844262295081966,0.1704619388418998
0.26871794871794874,0.1704619388418998
0.26899383983572894,0.1704619388418998
0.2692702980472765,0.1704619388418998
0.26954732510288065,0.1704619388418998
0.2698249227600412,0.1704619388418998
0.27010309278350514,0.1704619388418998
0.2693498452012384,0.16981132075471697
0.26962809917355374,0.16981132075471697
0.26990692864529475,0.16981132075471697
0.2701863354037267,0.16981132075471697
0.2704663212435233,0.16981132075471697
0.27074688796680496,0.16981132075471697
0.2699896157840083,0.16916070266753416
0.2692307692307692,0.16851008458035133
0.2695109261186264,0.16851008458035133
0.26875,0.16785946649316852
0.26903023983315955,0.16785946649316852
0.26931106471816285,0.16785946649316852
0.26959247648902823,0.16785946649316852
0.2698744769874477,0.16785946649316852
0.26910994764397905,0.16720884840598568
0.26834381551362685,0.16655823031880287
0.26862539349422876,0.16655823031880287
0.26785714285714285,0.16590761223162004
0.26813880126182965,0.16590761223162004
0.2673684210526316,0.1652569941444372
0.26765015806111697,0.1652569941444372
0.2668776371308017,0.1646063760572544
0.26610348468849,0.16395575797007156
0.2653276955602537,0.16330513988288875
0.2656084656084656,0.16330513988288875
0.2658898305084746,0.16330513988288875
0.26617179215270415,0.16330513988288875
0.2653927813163482,0.16265452179570591
0.26461211477151964,0.1620039037085231
0.2648936170212766,0.1620039037085231
0.26517571884984026,0.1620039037085231
0.26545842217484006,0.1620039037085231
0.2646744930629669,0.16135328562134027
0.26495726495726496,0.16135328562134027
0.26524064171122996,0.16135328562134027
0.26552462526766596,0.16135328562134027
0.2658092175777063,0.16135328562134027
0.26609442060085836,0.16135328562134027
0.2663802363050483,0.16135328562134027
0.26559139784946234,0.16070266753415746
0.2658772874058127,0.16070266753415746
0.2661637931034483,0.16070266753415746
0.2664509169363538,0.16070266753415746
0.265658747300216,0.16005204944697463
0.26594594594594595,0.16005204944697463
0.2662337662337662,0.16005204944697463
0.26543878656554715,0.1594014313597918
0.26572668112798264,0.1594014313597918
0.26601520086862107,0.1594014313597918
0.266304347826087,0.1594014313597918
0.26659412404787813,0.1594014313597918
0.2668845315904139,0.1594014313597918
0.26717557251908397,0.1594014313597918
0.2663755458515284,0.15875081327260898
0.26557377049180325,0.15810019518542615
0.2658643326039387,0.15810019518542615
0.2661555312157722,0.15810019518542615
0.26644736842105265,0.15810019518542615
0.2667398463227223,0.15810019518542615
0.26703296703296703,0.15810019518542615
0.26732673267326734,0.15810019518542615
0.26762114537444937,0.15810019518542615
0.2679162072767365,0.15810019518542615
0.2682119205298013,0.15810019518542615
0.26850828729281767,0.15810019518542615
0.2688053097345133,0.15810019518542615
0.2691029900332226,0.15810019518542615
0.26940133037694014,0.15810019518542615
0.2685904550499445,0.15744957709824334
0.2688888888888889,0.15744957709824334
0.26918798665183535,0.15744957709824334
0.26948775055679286,0.15744957709824334
0.2697881828316611,0.15744957709824334
0.2700892857142857,0.15744957709824334
0.27039106145251396,0.15744957709824334
0.27069351230425054,0.15744957709824334
0.270996640537514,0.15744957709824334
0.2713004484304933,0.15744957709824334
0.2716049382716049,0.15744957709824334
0.27078651685393257,0.1567989590110605
0.27109111361079863,0.1567989590110605
0.2713963963963964,0.1567989590110605
0.2717023675310034,0.1567989590110605
0.27200902934537247,0.1567989590110605
0.2711864406779661,0.1561483409238777
0.2703619909502262,0.15549772283669486
0.2695356738391846,0.15484710474951205
0.2698412698412698,0.15484710474951205
0.27014755959137343,0.15484710474951205
0.27045454545454545,0.15484710474951205
0.2707622298065984,0.15484710474951205
0.27107061503416857,0.15484710474951205
0.2702394526795895,0.1541964866623292
0.2705479452054795,0.1541964866623292
0.27085714285714285,0.1541964866623292
0.2711670480549199,0.1541964866623292
0.27147766323024053,0.1541964866623292
0.2717889908256881,0.1541964866623292
0.27210103329506313,0.1541964866623292
0.27241379310344827,0.1541964866623292
0.2727272727272727,0.1541964866623292
0.271889400921659,0.15354586857514638
0.2710495963091119,0.15289525048796357
0.27136258660508084,0.15289525048796357
0.2705202312138728,0.15224463240078073
0.2708333333333333,0.15224463240078073
0.2711471610660487,0.15224463240078073
0.271461716937355,0.15224463240078073
0.27177700348432055,0.15224463240078073
0.27209302325581397,0.15224463240078073
0.2724097788125728,0.15224463240078073
0.2727272727272727,0.15224463240078073
0.27304550758459745,0.15224463240078073
0.2733644859813084,0.15224463240078073
0.2736842105263158,0.15224463240078073
0.2728337236533958,0.15159401431359792
0.2731535756154748,0.15159401431359792
0.2734741784037559,0.15159401431359792
0.27379553466509987,0.15159401431359792
0.2741176470588235,0.15159401431359792
0.2744405182567727,0.15159401431359792
0.27476415094339623,0.15159401431359792
0.27508854781582054,0.15159401431359792
0.27541371158392436,0.15159401431359792
0.27455621301775146,0.1509433962264151
0.27488151658767773,0.1509433962264151
0.2752075919335706,0.1509433962264151
0.2755344418052256,0.1509433962264151
0.27586206896551724,0.1509433962264151
0.2761904761904762,0.1509433962264151
0.2765196662693683,0.1509433962264151
0.27684964200477324,0.1509433962264151
0.27718040621266427,0.1509433962264151
0.27751196172248804,0.1509433962264151
0.2778443113772455,0.1509433962264151
0.27697841726618705,0.15029277813923228
0.27611044417767105,0.14964216005204944
0.27524038461538464,0.14899154196486664
0.2743682310469314,0.1483409238776838
0.2746987951807229,0.1483409238776838
0.2750301568154403,0.1483409238776838
0.2741545893719807,0.14769030579050096
0.27327690447400244,0.14703968770331816
0.2736077481840194,0.14703968770331816
0.2739393939393939,0.14703968770331816
0.27305825242718446,0.14638906961613532
0.2733900364520049,0.14638906961613532
0.2737226277372263,0.14638906961613532
0.2740560292326431,0.14638906961613532
0.27439024390243905,0.14638906961613532
0.27472527472527475,0.14638906961613532
0.27506112469437655,0.14638906961613532
0.2741738066095471,0.1457384515289525
0.27450980392156865,0.1457384515289525
0.2748466257668712,0.1457384515289525
0.2751842751842752,0.1457384515289525
0.27552275522755226,0.1457384515289525
0.27586206896551724,0.1457384515289525
0.2762022194821208,0.1457384515289525
0.2765432098765432,0.1457384515289525
0.27564894932014833,0.14508783344176968
0.2747524752475248,0.14443721535458687
0.275092936802974,0.14443721535458687
0.27543424317617865,0.14443721535458687
0.27577639751552796,0.14443721535458687
0.27611940298507465,0.14443721535458687
0.2764632627646326,0.14443721535458687
0.27556109725685785,0.14378659726740403
0.2746566791510612,0.14313597918022122
0.275,0.14313597918022122
0.2753441802252816,0.14313597918022122
0.2756892230576441,0.14313597918022122
0.27603513174404015,0.14313597918022122
0.27638190954773867,0.14313597918022122
0.27672955974842767,0.14313597918022122
0.27581863979848864,0.1424853610930384
0.27616645649432536,0.1424853610930384
0.2765151515151515,0.1424853610930384
0.27560050568900124,0.14183474300585555
0.2746835443037975,0.14118412491867274
0.2737642585551331,0.1405335068314899
0.27284263959390864,0.1398828887443071
0.2731893265565438,0.1398828887443071
0.27353689567430023,0.1398828887443071
0.27388535031847133,0.1398828887443071
0.274234693877551,0.1398828887443071
0.27458492975734355,0.1398828887443071
0.27365728900255754,0.13923227065712426
0.2740076824583867,0.13923227065712426
0.2743589743589744,0.13923227065712426
0.27471116816431324,0.13923227065712426
0.2750642673521851,0.13923227065712426
0.27413127413127414,0.13858165256994145
0.27319587628865977,0.13793103448275862
0.2735483870967742,0.13793103448275862
0.2739018087855297,0.13793103448275862
0.2742561448900388,0.13793103448275862
0.27461139896373055,0.13793103448275862
0.27496757457846954,0.13793103448275862
0.2753246753246753,0.13793103448275862
0.2756827048114434,0.13793103448275862
0.2760416666666667,0.13793103448275862
0.27640156453715775,0.13793103448275862
0.27676240208877284,0.13793103448275862
0.27712418300653596,0.13793103448275862
0.2774869109947644,0.13793103448275862
0.2778505897771953,0.13793103448275862
0.2782152230971129,0.13793103448275862
0.278580814717477,0.13793103448275862
0.2789473684210526,0.13793103448275862
0.27931488801054016,0.13793103448275862
0.2796833773087071,0.13793103448275862
0.2800528401585205,0.13793103448275862
0.2791005291005291,0.1372804163955758
0.27947019867549666,0.1372804163955758
0.27984084880636606,0.1372804163955758
0.28021248339973437,0.1372804163955758
0.28058510638297873,0.1372804163955758
0.2809587217043941,0.1372804163955758
0.2813333333333333,0.1372804163955758
0.2817089452603471,0.1372804163955758
0.2820855614973262,0.1372804163955758
0.28112449799196787,0.13662979830839297
0.28150134048257375,0.13662979830839297
0.28187919463087246,0.13662979830839297
0.28091397849462363,0.13597918022121014
0.27994616419919244,0.13532856213402733
0.2803234501347709,0.13532856213402733
0.2807017543859649,0.13532856213402733
0.2810810810810811,0.13532856213402733
0.2814614343707713,0.13532856213402733
0.28184281842818426,0.13532856213402733
0.28222523744911804,0.13532856213402733
0.2826086956521739,0.13532856213402733
0.2816326530612245,0.1346779440468445
0.28201634877384196,0.1346779440468445
0.28240109140518416,0.1346779440468445
0.2827868852459016,0.1346779440468445
0.2818057455540356,0.1340273259596617
0.2821917808219178,0.1340273259596617
0.2812071330589849,0.13337670787247885
0.2815934065934066,0.13337670787247885
0.28198074277854196,0.13337670787247885
0.28236914600550966,0.13337670787247885
0.2813793103448276,0.13272608978529604
0.281767955801105,0.13272608978529604
0.28077455048409405,0.1320754716981132
0.28116343490304707,0.1320754716981132
0.2815533980582524,0.1320754716981132
0.28194444444444444,0.1320754716981132
0.282336578581363,0.1320754716981132
0.2827298050139276,0.1320754716981132
0.28312412831241285,0.1320754716981132
0.2835195530726257,0.1320754716981132
0.2839160839160839,0.1320754716981132
0.28431372549019607,0.1320754716981132
0.28330995792426367,0.13142485361093037
0.28370786516853935,0.13142485361093037
0.2841068917018284,0.13142485361093037
0.28450704225352114,0.13142485361093037
0.2849083215796897,0.13142485361093037
0.2838983050847458,0.13077423552374756
0.2842998585572843,0.13077423552374756
0.2847025495750708,0.13077423552374756
0.28368794326241137,0.13012361743656473
0.2840909090909091,0.13012361743656473
0.2844950213371266,0.13012361743656473
0.2849002849002849,0.13012361743656473
0.28530670470756064,0.13012361743656473
0.2842857142857143,0.12947299934938192
0.2832618025751073,0.12882238126219908
0.2836676217765043,0.12882238126219908
0.28407460545193686,0.12882238126219908
0.28448275862068967,0.12882238126219908
0.28489208633093527,0.12882238126219908
0.28530259365994237,0.12882238126219908
0.2842712842712843,0.12817176317501627
0.2846820809248555,0.12817176317501627
0.28509406657018815,0.12817176317501627
0.2855072463768116,0.12817176317501627
0.28592162554426703,0.12817176317501627
0.2863372093023256,0.12817176317501627
0.2852983988355167,0.12752114508783344
0.2857142857142857,0.12752114508783344
0.2846715328467153,0.12687052700065063
0.2850877192982456,0.12687052700065063
0.28550512445095166,0.12687052700065063
0.2859237536656892,0.12687052700065063
0.28634361233480177,0.12687052700065063
0.2852941176470588,0.1262199089134678
0.2857142857142857,0.1262199089134678
0.2861356932153392,0.1262199089134678
0.2865583456425406,0.1262199089134678
0.2869822485207101,0.1262199089134678
0.2859259259259259,0.12556929082628496
0.28635014836795253,0.12556929082628496
0.2867756315007429,0.12556929082628496
0.2857142857142857,0.12491867273910215
0.28614008941877794,0.12491867273910215
0.2865671641791045,0.12491867273910215
0.28550074738415543,0.12426805465191933
0.2844311377245509,0.1236174365647365
0.2848575712143928,0.1236174365647365
0.2852852852852853,0.1236174365647365
0.2857142857142857,0.1236174365647365
0.28463855421686746,0.12296681847755368
0.28355957767722473,0.12231620039037085
0.283987915407855,0.12231620039037085
0.2844175491679274,0.12231620039037085
0.28484848484848485,0.12231620039037085
0.2852807283763278,0.12231620039037085
0.28419452887537994,0.12166558230318802
0.2846270928462709,0.12166558230318802
0.28353658536585363,0.1210149642160052
0.28396946564885495,0.1210149642160052
0.28440366972477066,0.1210149642160052
0.2833078101071976,0.12036434612882238
0.2837423312883436,0.12036434612882238
0.282642089093702,0.11971372804163956
0.28307692307692306,0.11971372804163956
0.2835130970724191,0.11971372804163956
0.2839506172839506,0.11971372804163956
0.28438948995363217,0.11971372804163956
0.2848297213622291,0.11971372804163956
0.28527131782945736,0.11971372804163956
0.2857142857142857,0.11971372804163956
0.2846034214618974,0.11906310995445674
0.2850467289719626,0.11906310995445674
0.28549141965678626,0.11906310995445674
0.284375,0.11841249186727391
0.28482003129890454,0.11841249186727391
0.2836990595611285,0.11776187378009109
0.28414442700156983,0.11776187378009109
0.28459119496855345,0.11776187378009109
0.28503937007874014,0.11776187378009109
0.2854889589905363,0.11776187378009109
0.2859399684044234,0.11776187378009109
0.28639240506329117,0.11776187378009109
0.2868462757527734,0.11776187378009109
0.2873015873015873,0.11776187378009109
0.287758346581876,0.11776187378009109
0.28821656050955413,0.11776187378009109
0.2886762360446571,0.11776187378009109
0.28753993610223644,0.11711125569290826
0.288,0.11711125569290826
0.28685897435897434,0.11646063760572543
0.28731942215088285,0.11646063760572543
0.2877813504823151,0.11646063760572543
0.2882447665056361,0.11646063760572543
0.2870967741935484,0.11581001951854261
0.2875605815831987,0.11581001951854261
0.28640776699029125,0.11515940143135979
0.28687196110210694,0.11515940143135979
0.28733766233766234,0.11515940143135979
0.2861788617886179,0.11450878334417697
0.28501628664495116,0.11385816525699415
0.28548123980424145,0.11385816525699415
0.28594771241830064,0.11385816525699415
0.2864157119476268,0.11385816525699415
0.28688524590163933,0.11385816525699415
0.28735632183908044,0.11385816525699415
0.2878289473684211,0.11385816525699415
0.2883031301482702,0.11385816525699415
0.2887788778877888,0.11385816525699415
0.2892561983471074,0.11385816525699415
0.2897350993377483,0.11385816525699415
0.2902155887230514,0.11385816525699415
0.29069767441860467,0.11385816525699415
0.2911813643926789,0.11385816525699415
0.2916666666666667,0.11385816525699415
0.2904841402337229,0.11320754716981132
0.2909698996655518,0.11320754716981132
0.2897822445561139,0.1125569290826285
0.2902684563758389,0.1125569290826285
0.2907563025210084,0.1125569290826285
0.29124579124579125,0.1125569290826285
0.2917369308600337,0.1125569290826285
0.2922297297297297,0.1125569290826285
0.2927241962774958,0.1125569290826285
0.29322033898305083,0.1125569290826285
0.2937181663837012,0.1125569290826285
0.2942176870748299,0.1125569290826285
0.29471890971039183,0.1125569290826285
0.2935153583617747,0.11190631099544568
0.294017094017094,0.11190631099544568
0.2945205479452055,0.11190631099544568
0.2950257289879931,0.11190631099544568
0.29553264604810997,0.11190631099544568
0.29604130808950085,0.11190631099544568
0.29482758620689653,0.11125569290826284
0.29533678756476683,0.11125569290826284
0.29411764705882354,0.11060507482108002
0.29462738301559793,0.11060507482108002
0.2951388888888889,0.11060507482108002
0.2956521739130435,0.11060507482108002
0.2961672473867596,0.11060507482108002
0.2949389179755672,0.1099544567338972
0.29545454545454547,0.1099544567338972
0.29597197898423816,0.1099544567338972
0.2964912280701754,0.1099544567338972
0.29701230228471004,0.1099544567338972
0.29577464788732394,0.10930383864671438
0.2962962962962963,0.10930383864671438
0.2968197879858657,0.10930383864671438
0.2973451327433628,0.10930383864671438
0.2978723404255319,0.10930383864671438
0.2984014209591474,0.10930383864671438
0.297153024911032,0.10865322055953155
0.29590017825311943,0.10800260247234873
0.29642857142857143,0.10800260247234873
0.29695885509839,0.10800260247234873
0.2974910394265233,0.10800260247234873
0.296229802513465,0.10735198438516591
0.29676258992805754,0.10735198438516591
0.2972972972972973,0.10735198438516591
0.29783393501805056,0.10735198438516591
0.298372513562387,0.10735198438516591
0.2971014492753623,0.10670136629798309
0.29764065335753176,0.10670136629798309
0.29818181818181816,0.10670136629798309
0.2987249544626594,0.10670136629798309
0.29927007299270075,0.10670136629798309
0.2979890310786106,0.10605074821080027
0.29853479853479853,0.10605074821080027
0.29724770642201837,0.10540013012361743
0.2977941176470588,0.10540013012361743
0.2983425414364641,0.10540013012361743
0.2988929889298893,0.10540013012361743
0.2975970425138632,0.10474951203643461
0.29814814814814816,0.10474951203643461
0.2987012987012987,0.10474951203643461
0.2992565055762082,0.10474951203643461
0.29981378026070765,0.10474951203643461
0.3003731343283582,0.10474951203643461
0.30093457943925234,0.10474951203643461
0.299625468164794,0.10409889394925179
0.29831144465290804,0.10344827586206896
0.29887218045112784,0.10344827586206896
0.2994350282485876,0.10344827586206896
0.3,0.10344827586206896
0.3005671077504726,0.10344827586206896
0.30113636363636365,0.10344827586206896
0.2998102466793169,0.10279765777488614
0.30038022813688214,0.10279765777488614
0.30095238095238097,0.10279765777488614
0.3015267175572519,0.10279765777488614
0.30210325047801145,0.10279765777488614
0.30268199233716475,0.10279765777488614
0.30326295585412666,0.10279765777488614
0.3038461538461538,0.10279765777488614
0.302504816955684,0.10214703968770332
0.3030888030888031,0.10214703968770332
0.30174081237911027,0.1014964216005205
0.3023255813953488,0.1014964216005205
0.3029126213592233,0.1014964216005205
0.301556420233463,0.10084580351333768
0.3001949317738791,0.10019518542615485
0.30078125,0.10019518542615485
0.3013698630136986,0.10019518542615485
0.30196078431372547,0.10019518542615485
0.3025540275049116,0.10019518542615485
0.3031496062992126,0.10019518542615485
0.3037475345167653,0.10019518542615485
0.30434782608695654,0.10019518542615485
0.30495049504950494,0.10019518542615485
0.3055555555555556,0.10019518542615485
0.30417495029821073,0.09954456733897202
0.3047808764940239,0.09954456733897202
0.3033932135728543,0.0988939492517892
0.304,0.0988939492517892
0.3046092184368738,0.0988939492517892
0.3032128514056225,0.09824333116460637
0.3038229376257545,0.09824333116460637
0.30443548387096775,0.09824333116460637
0.30303030303030304,0.09759271307742355
0.3016194331983806,0.09694209499024073
0.3022312373225152,0.09694209499024073
0.30284552845528456,0.09694209499024073
0.3034623217922607,0.09694209499024073
0.3020408163265306,0.09629147690305791
0.30265848670756645,0.09629147690305791
0.30327868852459017,0.09629147690305791
0.30390143737166325,0.09629147690305791
0.30246913580246915,0.09564085881587508
0.30103092783505153,0.09499024072869226
0.30165289256198347,0.09499024072869226
0.3002070393374741,0.09433962264150944
0.3008298755186722,0.09433962264150944
0.2993762993762994,0.0936890045543266
0.29791666666666666,0.09303838646714378
0.2964509394572025,0.09238776837996096
0.29707112970711297,0.09238776837996096
0.2976939203354298,0.09238776837996096
0.29831932773109243,0.09238776837996096
0.29894736842105263,0.09238776837996096
0.29957805907172996,0.09238776837996096
0.30021141649048627,0.09238776837996096
0.3008474576271186,0.09238776837996096
0.30148619957537154,0.09238776837996096
0.3021276595744681,0.09238776837996096
0.3006396588486141,0.09173715029277814
0.29914529914529914,0.09108653220559532
0.29764453961456105,0.0904359141184125
0.296137339055794,0.08978529603122967
0.2946236559139785,0.08913467794404685
0.2952586206896552,0.08913467794404685
0.2958963282937365,0.08913467794404685
0.29653679653679654,0.08913467794404685
0.29718004338394793,0.08913467794404685
0.29782608695652174,0.08913467794404685
0.2984749455337691,0.08913467794404685
0.29912663755458513,0.08913467794404685
0.29978118161925604,0.08913467794404685
0.2982456140350877,0.08848405985686401
0.2989010989010989,0.08848405985686401
0.2973568281938326,0.08783344176968119
0.2958057395143488,0.08718282368249837
0.29646017699115046,0.08718282368249837
0.29711751662971175,0.08718282368249837
0.29777777777777775,0.08718282368249837
0.2984409799554566,0.08718282368249837
0.29910714285714285,0.08718282368249837
0.29977628635346754,0.08718282368249837
0.3004484304932735,0.08718282368249837
0.30112359550561796,0.08718282368249837
0.30180180180180183,0.08718282368249837
0.30248306997742663,0.08718282368249837
0.3031674208144796,0.08718282368249837
0.30385487528344673,0.08718282368249837
0.30454545454545456,0.08718282368249837
0.3052391799544419,0.08718282368249837
0.3059360730593607,0.08718282368249837
0.30663615560640733,0.08718282368249837
0.30504587155963303,0.08653220559531555
0.30344827586206896,0.08588158750813273
0.30414746543778803,0.08588158750813273
0.30484988452655887,0.08588158750813273
0.3055555555555556,0.08588158750813273
0.3062645011600928,0.08588158750813273
0.30697674418604654,0.08588158750813273
0.3076923076923077,0.08588158750813273
0.3060747663551402,0.0852309694209499
0.30679156908665106,0.0852309694209499
0.3075117370892019,0.0852309694209499
0.30823529411764705,0.0852309694209499
0.3089622641509434,0.0852309694209499
0.3073286052009456,0.08458035133376708
0.3080568720379147,0.08458035133376708
0.3087885985748218,0.08458035133376708
0.30952380952380953,0.08458035133376708
0.30787589498806683,0.08392973324658426
0.30861244019138756,0.08392973324658426
0.3069544364508393,0.08327911515940144
0.3076923076923077,0.08327911515940144
0.30843373493975906,0.08327911515940144
0.30917874396135264,0.08327911515940144
0.3099273607748184,0.08327911515940144
0.3106796116504854,0.08327911515940144
0.31143552311435524,0.08327911515940144
0.3097560975609756,0.0826284970722186
0.3105134474327628,0.0826284970722186
0.3112745098039216,0.0826284970722186
0.31203931203931207,0.0826284970722186
0.3103448275862069,0.08197787898503578
0.3111111111111111,0.08197787898503578
0.3094059405940594,0.08132726089785296
0.31017369727047145,0.08132726089785296
0.30845771144278605,0.08067664281067013
0.30673316708229426,0.08002602472348731
0.305,0.07937540663630449
0.3057644110275689,0.07937540663630449
0.30402010050251255,0.07872478854912167
0.3022670025188917,0.07807417046193885
0.30303030303030304,0.07807417046193885
0.3037974683544304,0.07807417046193885
0.3020304568527919,0.07742355237475602
0.30279898218829515,0.07742355237475602
0.30357142857142855,0.07742355237475602
0.30434782608695654,0.07742355237475602
0.30512820512820515,0.07742355237475602
0.3033419023136247,0.07677293428757319
0.30412371134020616,0.07677293428757319
0.3049095607235142,0.07677293428757319
0.30310880829015546,0.07612231620039037
0.3038961038961039,0.07612231620039037
0.3046875,0.07612231620039037
0.3028720626631854,0.07547169811320754
0.3036649214659686,0.07547169811320754
0.30446194225721784,0.07547169811320754
0.3026315789473684,0.07482108002602472
0.3034300791556728,0.07482108002602472
0.30423280423280424,0.07482108002602472
0.3050397877984085,0.07482108002602472
0.30319148936170215,0.0741704619388419
0.304,0.0741704619388419
0.3048128342245989,0.0741704619388419
0.30294906166219837,0.07351984385165908
0.30376344086021506,0.07351984385165908
0.3018867924528302,0.07286922576447626
0.3027027027027027,0.07286922576447626
0.3035230352303523,0.07286922576447626
0.30434782608695654,0.07286922576447626
0.30517711171662126,0.07286922576447626
0.30327868852459017,0.07221860767729343
0.3013698630136986,0.07156798959011061
0.3021978021978022,0.07156798959011061
0.30303030303030304,0.07156798959011061
0.3011049723756906,0.07091737150292778
0.30193905817174516,0.07091737150292778
0.30277777777777776,0.07091737150292778
0.30362116991643456,0.07091737150292778
0.30446927374301674,0.07091737150292778
0.30532212885154064,0.07091737150292778
0.3061797752808989,0.07091737150292778
0.30422535211267604,0.07026675341574495
0.3050847457627119,0.07026675341574495
0.3059490084985836,0.07026675341574495
0.3068181818181818,0.07026675341574495
0.30484330484330485,0.06961613532856213
0.3028571428571429,0.06896551724137931
0.3037249283667622,0.06896551724137931
0.3045977011494253,0.06896551724137931
0.30547550432276654,0.06896551724137931
0.3063583815028902,0.06896551724137931
0.3072463768115942,0.06896551724137931
0.3081395348837209,0.06896551724137931
0.30903790087463556,0.06896551724137931
0.30994152046783624,0.06896551724137931
0.31085043988269795,0.06896551724137931
0.3088235294117647,0.06831489915419649
0.30973451327433627,0.06831489915419649
0.3106508875739645,0.06831489915419649
0.3115727002967359,0.06831489915419649
0.30952380952380953,0.06766428106701367
0.31044776119402984,0.06766428106701367
0.31137724550898205,0.06766428106701367
0.3123123123123123,0.06766428106701367
0.3102409638554217,0.06701366297983084
0.311178247734139,0.06701366297983084
0.3090909090909091,0.06636304489264802
0.3069908814589666,0.06571242680546518
0.3079268292682927,0.06571242680546518
0.308868501529052,0.06571242680546518
0.3098159509202454,0.06571242680546518
0.31076923076923074,0.06571242680546518
0.3117283950617284,0.06571242680546518
0.3126934984520124,0.06571242680546518
0.3136645962732919,0.06571242680546518
0.3146417445482866,0.06571242680546518
0.315625,0.06571242680546518
0.31347962382445144,0.06506180871828236
0.3113207547169811,0.06441119063109954
0.31230283911671924,0.06441119063109954
0.31329113924050633,0.06441119063109954
0.3142857142857143,0.06441119063109954
0.31528662420382164,0.06441119063109954
0.31309904153354634,0.06376057254391672
0.3108974358974359,0.0631099544567339
0.3086816720257235,0.062459336369551074
0.3096774193548387,0.062459336369551074
0.3106796116504854,0.062459336369551074
0.30844155844155846,0.06180871828236825
0.30944625407166126,0.06180871828236825
0.30718954248366015,0.06115810019518542
0.30491803278688523,0.0605074821080026
0.3059210526315789,0.0605074821080026
0.3069306930693069,0.0605074821080026
0.3079470198675497,0.0605074821080026
0.30564784053156147,0.05985686402081978
0.30333333333333334,0.05920624593363696
0.3010033444816054,0.05855562784645413
0.2986577181208054,0.057905009759271306
0.2962962962962963,0.057254391672088484
0.2939189189189189,0.05660377358490566
0.29491525423728815,0.05660377358490566
0.2925170068027211,0.05595315549772284
0.2935153583617747,0.05595315549772284
0.2945205479452055,0.05595315549772284
0.2920962199312715,0.05530253741054001
0.29310344827586204,0.05530253741054001
0.29411764705882354,0.05530253741054001
0.2951388888888889,0.05530253741054001
0.2961672473867596,0.05530253741054001
0.2972027972027972,0.05530253741054001
0.2982456140350877,0.05530253741054001
0.29577464788732394,0.05465191932335719
0.2968197879858657,0.05465191932335719
0.2978723404255319,0.05465191932335719
0.29537366548042704,0.054001301236174366
0.29642857142857143,0.054001301236174366
0.2974910394265233,0.054001301236174366
0.29856115107913667,0.054001301236174366
0.296028880866426,0.053350683148991544
0.2971014492753623,0.053350683148991544
0.29454545454545455,0.052700065061808715
0.2956204379562044,0.052700065061808715
0.2967032967032967,0.052700065061808715
0.2977941176470588,0.052700065061808715
0.2988929889298893,0.052700065061808715
0.2962962962962963,0.05204944697462589
0.29739776951672864,0.05204944697462589
0.2947761194029851,0.05139882888744307
0.2958801498127341,0.05139882888744307
0.29699248120300753,0.05139882888744307
0.2981132075471698,0.05139882888744307
0.29545454545454547,0.05074821080026025
0.2965779467680608,0.05074821080026025
0.29389312977099236,0.05009759271307743
0.29118773946360155,0.0494469746258946
0.2923076923076923,0.0494469746258946
0.29343629343629346,0.0494469746258946
0.29457364341085274,0.0494469746258946
0.29571984435797666,0.0494469746258946
0.29296875,0.048796356538711776
0.29411764705882354,0.048796356538711776
0.2952755905511811,0.048796356538711776
0.2964426877470356,0.048796356538711776
0.2976190476190476,0.048796356538711776
0.29880478087649404,0.048796356538711776
0.3,0.048796356538711776
0.2971887550200803,0.048145738451528954
0.29435483870967744,0.04749512036434613
0.29554655870445345,0.04749512036434613
0.2967479674796748,0.04749512036434613
0.2938775510204082,0.0468445022771633
0.29508196721311475,0.0468445022771633
0.2962962962962963,0.0468445022771633
0.2975206611570248,0.0468445022771633
0.2987551867219917,0.0468445022771633
0.3,0.0468445022771633
0.301255230125523,0.0468445022771633
0.3025210084033613,0.0468445022771633
0.29957805907172996,0.04619388418998048
0.2966101694915254,0.04554326610279766
0.2978723404255319,0.04554326610279766
0.2948717948717949,0.044892648015614836
0.2918454935622318,0.04424202992843201
0.28879310344827586,0.043591411841249185
0.29004329004329005,0.043591411841249185
0.29130434782608694,0.043591411841249185
0.2925764192139738,0.043591411841249185
0.2894736842105263,0.04294079375406636
0.28634361233480177,0.04229017566688354
0.2831858407079646,0.04163955757970072
0.28444444444444444,0.04163955757970072
0.2857142857142857,0.04163955757970072
0.2825112107623318,0.04098893949251789
0.27927927927927926,0.04033832140533507
0.28054298642533937,0.04033832140533507
0.2818181818181818,0.04033832140533507
0.2785388127853881,0.039687703318152245
0.2798165137614679,0.039687703318152245
0.2764976958525346,0.03903708523096942
0.2777777777777778,0.03903708523096942
0.27906976744186046,0.03903708523096942
0.2803738317757009,0.03903708523096942
0.28169014084507044,0.03903708523096942
0.2783018867924528,0.038386467143786594
0.2796208530805687,0.038386467143786594
0.2761904761904762,0.03773584905660377
0.2727272727272727,0.03708523096942095
0.27403846153846156,0.03708523096942095
0.2753623188405797,0.03708523096942095
0.2766990291262136,0.03708523096942095
0.2780487804878049,0.03708523096942095
0.27941176470588236,0.03708523096942095
0.27586206896551724,0.03643461288223813
0.27722772277227725,0.03643461288223813
0.27860696517412936,0.03643461288223813
0.28,0.03643461288223813
0.2814070351758794,0.03643461288223813
0.2828282828282828,0.03643461288223813
0.28426395939086296,0.03643461288223813
0.28061224489795916,0.035783994795055306
0.28205128205128205,0.035783994795055306
0.27835051546391754,0.03513337670787248
0.27979274611398963,0.03513337670787248
0.28125,0.03513337670787248
0.28272251308900526,0.03513337670787248
0.28421052631578947,0.03513337670787248
0.2857142857142857,0.03513337670787248
0.28191489361702127,0.034482758620689655
0.28342245989304815,0.034482758620689655
0.2849462365591398,0.034482758620689655
0.2864864864864865,0.034482758620689655
0.28804347826086957,0.034482758620689655
0.2896174863387978,0.034482758620689655
0.29120879120879123,0.034482758620689655
0.292817679558011,0.034482758620689655
0.29444444444444445,0.034482758620689655
0.29608938547486036,0.034482758620689655
0.29213483146067415,0.03383214053350683
0.2937853107344633,0.03383214053350683
0.29545454545454547,0.03383214053350683
0.29714285714285715,0.03383214053350683
0.2988505747126437,0.03383214053350683
0.30057803468208094,0.03383214053350683
0.3023255813953488,0.03383214053350683
0.30409356725146197,0.03383214053350683
0.3058823529411765,0.03383214053350683
0.3076923076923077,0.03383214053350683
0.30952380952380953,0.03383214053350683
0.31137724550898205,0.03383214053350683
0.3132530120481928,0.03383214053350683
0.3090909090909091,0.03318152244632401
0.31097560975609756,0.03318152244632401
0.3067484662576687,0.03253090435914118
0.30246913580246915,0.03188028627195836
0.30434782608695654,0.03188028627195836
0.3,0.031229668184775537
0.29559748427672955,0.03057905009759271
0.2974683544303797,0.03057905009759271
0.29936305732484075,0.03057905009759271
0.30128205128205127,0.03057905009759271
0.3032258064516129,0.03057905009759271
0.3051948051948052,0.03057905009759271
0.3006535947712418,0.02992843201040989
0.3026315789473684,0.02992843201040989
0.304635761589404,0.02992843201040989
0.30666666666666664,0.02992843201040989
0.3087248322147651,0.02992843201040989
0.30405405405405406,0.029277813923227064
0.30612244897959184,0.029277813923227064
0.3082191780821918,0.029277813923227064
0.3103448275862069,0.029277813923227064
0.3055555555555556,0.028627195836044242
0.3076923076923077,0.028627195836044242
0.30985915492957744,0.028627195836044242
0.3049645390070922,0.02797657774886142
0.30714285714285716,0.02797657774886142
0.302158273381295,0.027325959661678594
0.2971014492753623,0.026675341574495772
0.291970802919708,0.026024723487312947
0.2867647058823529,0.025374105400130124
0.28888888888888886,0.025374105400130124
0.291044776119403,0.025374105400130124
0.2932330827067669,0.025374105400130124
0.29545454545454547,0.025374105400130124
0.2900763358778626,0.0247234873129473
0.2923076923076923,0.0247234873129473
0.2868217054263566,0.024072869225764477
0.28125,0.02342225113858165
0.28346456692913385,0.02342225113858165
0.2777777777777778,0.02277163305139883
0.272,0.022121014964216004
0.27419354838709675,0.022121014964216004
0.2682926829268293,0.02147039687703318
0.26229508196721313,0.02081977878985036
0.2644628099173554,0.02081977878985036
0.26666666666666666,0.02081977878985036
0.2689075630252101,0.02081977878985036
0.2627118644067797,0.020169160702667534
0.26495726495726496,0.020169160702667534
0.2672413793103448,0.020169160702667534
0.26956521739130435,0.020169160702667534
0.2719298245614035,0.020169160702667534
0.2743362831858407,0.020169160702667534
0.2767857142857143,0.020169160702667534
0.27927927927927926,0.020169160702667534
0.2818181818181818,0.020169160702667534
0.27522935779816515,0.01951854261548471
0.26851851851851855,0.018867924528301886
0.27102803738317754,0.018867924528301886
0.2641509433962264,0.018217306441119064
0.2571428571428571,0.01756668835393624
0.25,0.016916070266753416
0.2524271844660194,0.016916070266753416
0.24509803921568626,0.01626545217957059
0.24752475247524752,0.01626545217957059
0.25,0.01626545217957059
0.24242424242424243,0.015614834092387769
0.24489795918367346,0.015614834092387769
0.24742268041237114,0.015614834092387769
0.23958333333333334,0.014964216005204945
0.23157894736842105,0.014313597918022121
0.23404255319148937,0.014313597918022121
0.23655913978494625,0.014313597918022121
0.2391304347826087,0.014313597918022121
0.24175824175824176,0.014313597918022121
0.23333333333333334,0.013662979830839297
0.23595505617977527,0.013662979830839297
0.23863636363636365,0.013662979830839297
0.2413793103448276,0.013662979830839297
0.2441860465116279,0.013662979830839297
0.23529411764705882,0.013012361743656473
0.23809523809523808,0.013012361743656473
0.24096385542168675,0.013012361743656473
0.23170731707317074,0.01236174365647365
0.2345679012345679,0.01236174365647365
0.225,0.011711125569290826
0.22784810126582278,0.011711125569290826
0.23076923076923078,0.011711125569290826
0.23376623376623376,0.011711125569290826
0.23684210526315788,0.011711125569290826
0.24,0.011711125569290826
0.22972972972972974,0.011060507482108002
0.2191780821917808,0.01040988939492518
0.2222222222222222,0.01040988939492518
0.22535211267605634,0.01040988939492518
0.22857142857142856,0.01040988939492518
0.2318840579710145,0.01040988939492518
0.23529411764705882,0.01040988939492518
0.23880597014925373,0.01040988939492518
0.24242424242424243,0.01040988939492518
0.23076923076923078,0.009759271307742356
0.234375,0.009759271307742356
0.23809523809523808,0.009759271307742356
0.24193548387096775,0.009759271307742356
0.2459016393442623,0.009759271307742356
0.25,0.009759271307742356
0.2542372881355932,0.009759271307742356
0.2413793103448276,0.009108653220559532
0.24561403508771928,0.009108653220559532
0.23214285714285715,0.008458035133376708
0.23636363636363636,0.008458035133376708
0.24074074074074073,0.008458035133376708
0.22641509433962265,0.007807417046193884
0.21153846153846154,0.0071567989590110605
0.21568627450980393,0.0071567989590110605
0.22,0.0071567989590110605
0.22448979591836735,0.0071567989590110605
0.22916666666666666,0.0071567989590110605
0.23404255319148937,0.0071567989590110605
0.2391304347826087,0.0071567989590110605
0.24444444444444444,0.0071567989590110605
0.25,0.0071567989590110605
0.2558139534883721,0.0071567989590110605
0.2619047619047619,0.0071567989590110605
0.2682926829268293,0.0071567989590110605
0.275,0.0071567989590110605
0.2564102564102564,0.006506180871828237
0.23684210526315788,0.005855562784645413
0.21621621621621623,0.00520494469746259
0.2222222222222222,0.00520494469746259
0.2,0.004554326610279766
0.20588235294117646,0.004554326610279766
0.21212121212121213,0.004554326610279766
0.21875,0.004554326610279766
0.22580645161290322,0.004554326610279766
0.2,0.003903708523096942
0.20689655172413793,0.003903708523096942
0.21428571428571427,0.003903708523096942
0.2222222222222222,0.003903708523096942
0.23076923076923078,0.003903708523096942
0.2,0.0032530904359141183
0.16666666666666666,0.002602472348731295
0.17391304347826086,0.002602472348731295
0.18181818181818182,0.002602472348731295
0.19047619047619047,0.002602472348731295
0.2,0.002602472348731295
0.21052631578947367,0.002602472348731295
0.2222222222222222,0.002602472348731295
0.23529411764705882,0.002602472348731295
0.25,0.002602472348731295
0.26666666666666666,0.002602472348731295
0.21428571428571427,0.001951854261548471
0.23076923076923078,0.001951854261548471
0.25,0.001951854261548471
0.2727272727272727,0.001951854261548471
0.3,0.001951854261548471
0.3333333333333333,0.001951854261548471
0.375,0.001951854261548471
0.2857142857142857,0.0013012361743656475
0.3333333333333333,0.0013012361743656475
0.2,0.0006506180871828237
0.25,0.0006506180871828237
0.3333333333333333,0.0006506180871828237
0.5,0.0006506180871828237
0.0,0.0
1.0,0.0
