y_true,y_score
1,0.5894931797736302
1,0.6921853102844246
1,0.47270125945962205
1,0.528932543391972
1,0.5806832798677714
1,0.48001970378510406
1,0.4643547382949043
1,0.7567974436175603
1,0.6540084026083183
1,0.5783665365632452
1,0.5315583456410933
1,0.37532306318729614
1,0.6668764718565618
1,0.5160344756786934
1,0.3817212514138516
1,0.6950434641460081
1,0.4111137701291898
1,0.5612147710693308
1,0.5831293798763659
1,0.5616593127005335
1,0.4499851845785604
1,0.665500316006703
1,0.618297331482277
1,0.747138306942468
1,0.5485860325704173
1,0.4266218777822872
1,0.4506093962978232
1,0.46551520391524576
1,0.5354507644428959
1,0.6514298646576121
1,0.3696860885267391
1,0.5222230235774908
1,0.5762589550685553
1,0.6412606349853134
1,0.48475892853492697
1,0.6790022399535358
1,0.7028969003892613
1,0.45057857499724324
1,0.39330266864520935
1,0.716511072975719
1,0.29740188933302
1,0.5919445663646918
1,0.39250182054022464
1,0.6437823533699012
1,0.3681986251999896
1,0.7760063319215323
1,0.5891757338638206
1,0.7388611842694013
1,0.4340192111777697
1,0.6377432742680539
1,0.38025678625877307
1,0.5037431652637169
1,0.5802370923544802
1,0.45510600647050287
1,0.5536854069341771
1,0.4966651755941173
1,0.5319432047351867
1,0.7333806791277636
1,0.5062542856108991
1,0.30329613621370344
1,0.5494209830644048
1,0.4804818350553858
1,0.6400605786339976
1,0.5332243967336682
1,0.6263843331616987
1,0.6567338457107349
1,0.5402910604213549
1,0.3905106258336008
1,0.6442373030159424
1,0.4708171393706858
1,0.5134209222904288
1,0.6968799568797587
1,0.5967984755471133
1,0.41013433914125014
1,0.545008945186342
1,0.5508011385097732
1,0.5681162566334893
1,0.319911831191485
1,0.5834575594288476
1,0.18374643155597106
1,0.47447752146994343
1,0.6598796948815375
1,0.5302964473453834
1,0.7079649242604028
1,0.40482660552803235
1,0.6570830590757561
1,0.6027992189189222
1,0.48744635542483766
1,0.42114524313057167
1,0.5963405924352589
1,0.6477568113660122
1,0.5074263099714795
1,0.33081511515084894
1,0.4589440298096136
1,0.5301925894481516
1,0.5942243921245218
1,0.5126155183384621
1,0.5965561471173371
1,0.2915445175014369
1,0.47665072840758427
1,0.559124763162965
1,0.5865477618283188
1,0.43660349796417675
1,0.33404169507195935
1,0.45589394194741795
1,0.43662011329919176
1,0.5065287008716488
1,0.3944195496349245
1,0.6554933923742668
1,0.5621656225372424
1,0.49798043750998633
1,0.5835769020460752
1,0.4828524938523255
1,0.5193576063504488
1,0.5122537410526499
1,0.6369841912858601
1,0.5794403991152306
1,0.4734662901766384
1,0.6203356075490134
1,0.3062610327941328
1,0.5862275554277288
1,0.5444171782422761
1,0.6437892384987228
1,0.7326283933291163
1,0.6181429546449891
1,0.5116612013776922
1,0.4761908247504532
1,0.7090574561566814
1,0.437293751543657
1,0.3681011855513931
1,0.4815747072378582
1,0.35579516083938934
1,0.6455964609271359
1,0.34034158505562073
1,0.6211623669996956
1,0.38310947243086146
1,0.4997912709707886
1,0.5564314399598776
1,0.5373312261656314
1,0.7064644979487187
1,0.628379107262422
1,0.5517270023889779
1,0.6844770470212592
1,0.7581393413048573
1,0.4019612845284135
1,0.5123097038143222
1,0.6008286796919566
1,0.5912753602977252
1,0.49070182045201877
1,0.5633190440525561
1,0.613920156991824
1,0.7432208604966906
1,0.43025420416329097
1,0.5774181850777165
1,0.4501706075732118
1,0.633647309902401
1,0.46985619648811366
1,0.6736723387044709
1,0.597137904450318
1,0.5260955905030206
1,0.6203417576471033
1,0.4356344857510523
1,0.3184594921532333
1,0.6822769947266784
1,0.6637197460862868
1,0.47383128512191547
1,0.637682615021885
1,0.5935148714451787
1,0.5985290266621665
1,0.5174407306939971
1,0.710739032765259
1,0.6744859892903259
1,0.39399782230604047
1,0.48205534275993706
1,0.664471691821653
1,0.4519309246393535
1,0.56381056175534
1,0.5622492173539784
1,0.5812716468796069
1,0.7226176046430829
1,0.6993791123994221
1,0.4728709831817531
1,0.4643358531635946
1,0.5044150075549658
1,0.5788984171994386
1,0.6823363138457121
1,0.5744146326974215
1,0.40015409404896085
1,0.6072581690298425
1,0.4042167744793086
1,0.48584591708948494
1,0.5671624527187988
1,0.5224146026196811
1,0.5226050544659582
1,0.4438054709342852
1,0.49831469029417746
1,0.6059699914734599
1,0.6385453210066626
1,0.5592608901953581
1,0.7584977922650515
1,0.6347796183837072
1,0.395251203870819
1,0.6544368337070722
1,0.5625602297866731
1,0.41731886183113476
1,0.4129018307594361
1,0.5076456520982819
1,0.47601738080039013
1,0.4858060613619528
1,0.43370496287413457
1,0.5475053885698723
1,0.39588216774716994
1,0.5585390104732588
1,0.6473649350251529
1,0.6347874412559406
1,0.6860334506143193
1,0.3844285950353279
1,0.5172478402145841
1,0.6119576149248664
1,0.6351083671562462
1,0.6502093304303784
1,0.5928059490465865
1,0.4149830140771641
1,0.5939596651962081
1,0.42219658581641417
1,0.5297354629593348
1,0.5228755888330956
1,0.37012254564217645
1,0.6441083810223125
1,0.4330963233608207
1,0.6126600140344589
1,0.4978085007035338
1,0.4379500340359805
1,0.5779496200446242
1,0.4358044868576373
1,0.4976114483740455
1,0.5275109833204892
1,0.30582616343928287
1,0.6343989364071427
1,0.5467281321311634
1,0.35205328580841433
1,0.5363873310424783
1,0.6138430077056277
1,0.37333448584428924
1,0.5167026498696787
1,0.44671291076062664
1,0.611039139804308
1,0.5349511237631086
1,0.6850162525762948
1,0.5672964056095593
1,0.44412126469240853
1,0.6817733852076195
1,0.5800148159910703
1,0.5522918079490502
1,0.594782899467256
1,0.6276496579495826
1,0.6238003374261636
1,0.3697914459271924
1,0.6869694115871656
1,0.5747691780467195
1,0.5064044764019074
1,0.555845128829204
1,0.535237337517549
1,0.47482544212633715
1,0.46938632221790366
1,0.4896294146593836
1,0.6639918964198944
1,0.5838020405939129
1,0.49860267607852005
1,0.3584948581937744
1,0.3932796334677724
1,0.30897996776189784
1,0.6458903350349582
1,0.5190583488217156
1,0.6311107242359949
1,0.6940507529616016
1,0.5558739198353428
1,0.3724847622767845
1,0.25068876048050287
1,0.5217705272773827
1,0.5578870215886218
1,0.5785497926311726
1,0.6011531274967239
1,0.4553808734073629
1,0.5630759326087561
1,0.4789598108179653
1,0.5806509169759875
1,0.6578494995469483
1,0.5095034180749699
1,0.7383613300651639
1,0.39467223404635154
1,0.3534579636275431
1,0.5246796718715097
1,0.5465275538692784
1,0.5353668821389539
1,0.7323396069895602
1,0.6053262228906235
1,0.5000539572660613
1,0.49059490110205545
1,0.6538699301196765
1,0.5447700278383552
1,0.42421628120006866
1,0.46775947376722826
1,0.579435288868636
1,0.5504853210476421
1,0.5577862781348909
1,0.35158978956257525
1,0.5159251011630059
1,0.4427884249652866
1,0.3696180569426929
1,0.5708371971008869
1,0.5989138280191392
1,0.5846678830240952
1,0.6765105050894338
1,0.2932453026591976
1,0.4629163884813347
1,0.5163855510302955
1,0.6015284354410377
1,0.5029440251192064
1,0.5664604866466042
1,0.5843681541681597
1,0.5355020979847532
1,0.46581688292556744
1,0.5172281790489045
1,0.4350500377548516
1,0.49621351766220256
1,0.4642984420952223
1,0.5429165552217453
1,0.37834365684108634
1,0.634698595054758
1,0.5405916612109442
1,0.4772760608572878
1,0.6151902461942904
1,0.5139981477841551
1,0.49200582914428354
1,0.5090199124027621
1,0.608993595227152
1,0.37243971068865234
1,0.5619019144098009
1,0.7653665977002585
1,0.3735679180092647
1,0.5614442628474926
1,0.3806724015452356
1,0.48093869884144536
1,0.42582523786191046
1,0.4930096571968418
1,0.6089115140033354
1,0.5543495523677028
1,0.6358888168588278
1,0.47686931636511276
1,0.49684415342027605
1,0.6139444732575299
1,0.49046782469016426
1,0.5283909020176698
1,0.5699077329284269
1,0.5238242770121211
1,0.34882828898662754
1,0.6522461073852199
1,0.4542002675194787
1,0.5625222310065101
1,0.464590459005444
1,0.46239931370029635
1,0.6962475787131565
1,0.40698185612374044
1,0.7709063747480628
1,0.5186430173301663
1,0.5626197831332299
1,0.4188910200350039
1,0.6013135803579047
1,0.5292851670752953
1,0.48867097547820404
1,0.4524644358069817
1,0.5944424338126814
1,0.580720758482372
1,0.5027941503961512
1,0.5664407839591613
1,0.5501720494660196
1,0.45941453627550904
1,0.40724044196444564
1,0.4898152707035365
1,0.4687133271317315
1,0.5285406029240511
1,0.64123475102322
1,0.5407772947003877
1,0.3064887602413174
1,0.48821958753483424
1,0.7106996131869859
1,0.4105712251599045
1,0.5594146350471434
1,0.33014292697509817
1,0.6568861400255545
1,0.6942484207504632
1,0.4418072557618781
1,0.24340837226985051
1,0.6135526126276567
1,0.4024294833071036
1,0.6510294009886493
1,0.4745387274816145
1,0.5456500326445488
1,0.6154416398823596
1,0.47550502482010343
1,0.47606342552034264
1,0.48335586565850625
1,0.41655673364809576
1,0.4027960112977655
1,0.45083780712729005
1,0.5913847912956821
1,0.6277968005489553
1,0.5630143223246166
1,0.497689888282666
1,0.4276498512616184
1,0.6535404186020315
1,0.6745789965381246
1,0.4301369219966884
1,0.6530491937047095
1,0.5020251830749441
1,0.4685318568997117
1,0.42079597457375534
1,0.3532793011881917
1,0.43108279023053825
1,0.40777865785805856
1,0.5373879732331309
1,0.4739167136867798
1,0.5247268185192397
1,0.5164174198913687
1,0.5917689986685737
1,0.5261551567964821
1,0.5211288127330849
1,0.6460801769850635
1,0.501928747475417
1,0.6198506421261535
1,0.541486294769731
1,0.5552254558706271
1,0.5160954643137148
1,0.5919794682753825
1,0.48663136749588004
1,0.41962181209857086
1,0.2587220160685947
1,0.5501178659371913
1,0.5501133276277402
1,0.5545483712908859
1,0.7420469445511645
1,0.5463998532210802
1,0.42129157236736886
1,0.3317560875882828
1,0.5433331580000503
1,0.7013211741288209
1,0.530106862839386
1,0.41776528020898673
1,0.3951345200034733
1,0.4600398750618214
1,0.4032596685821497
1,0.4761511297981843
1,0.6499941898840563
1,0.6771358594117539
1,0.6145848208823783
1,0.39995558575178175
1,0.5188294930873167
1,0.30170404545359764
1,0.4521609161605555
1,0.6337899406619577
1,0.5356017038780003
1,0.7751685040933797
1,0.4239957864129946
1,0.5008907098299593
1,0.4548011608878933
1,0.6351031224438365
1,0.5559441837185878
1,0.702953491170512
1,0.49954153866631307
1,0.5669043620739167
1,0.5699531310665054
1,0.45242363164689414
1,0.6039562339235482
1,0.5107682192810672
1,0.48728582107542395
1,0.4772944052280528
1,0.67109967922732
1,0.5362523425649152
1,0.5908770136213274
1,0.41598606709363267
1,0.42931775304244946
1,0.3031910330198965
1,0.3510347443248178
1,0.4954991222486394
1,0.5107491585111485
1,0.5178723565590043
1,0.6501289498161789
1,0.5213531791417868
1,0.6262380158993887
1,0.4890265808246516
1,0.5968137222016701
1,0.5257742648925752
1,0.7116260395109801
1,0.6121401744997726
1,0.5434509307173662
1,0.5467822798471847
1,0.5672813513025208
1,0.6025574193368771
1,0.4242101640905551
1,0.49859379867009823
1,0.36683835512037827
1,0.31573881819712957
1,0.4652609524446063
1,0.52848847014151
1,0.38455156339300595
1,0.7271467384212168
1,0.660231458859798
1,0.4041466472981107
1,0.5671904716969968
1,0.5445705537040115
1,0.4016547590454314
1,0.46552032786719727
1,0.6565064360382318
1,0.5455921671428006
1,0.6366753336887384
1,0.5042420061103758
1,0.564139905470365
1,0.5566499463178426
1,0.5898759475728416
1,0.640077225025592
1,0.5117167416397418
1,0.5739117250661789
1,0.5101777262341685
1,0.6892277101727616
1,0.4900020787589954
1,0.588898295617355
1,0.4764606914290782
1,0.6041548295677006
1,0.5794081603492803
1,0.5716844702572079
1,0.4650221252436422
1,0.5521564265865194
1,0.6365339117953607
1,0.553390206520273
1,0.6263316738608955
1,0.5005582251602627
1,0.6968670497543042
1,0.7340346774034565
1,0.7141450271474465
1,0.44723163887665696
1,0.4090454729317582
1,0.5140866054055849
1,0.43646999525482255
1,0.6603397354298876
1,0.32915845423447315
1,0.49158546922119406
1,0.3007348870477902
1,0.3627103527381601
1,0.44890868855836713
1,0.493792653396912
1,0.5884340971327275
1,0.7400312879013186
1,0.49955254173799923
1,0.5711638101556954
1,0.5073389596313311
1,0.4907146891770865
1,0.6143777762841619
1,0.49757197209685244
1,0.37643548425428147
1,0.6746197246875137
1,0.7258478660340162
1,0.5017136634240323
1,0.6562869782871088
1,0.5158285770284995
1,0.5907986635974141
1,0.46105377430495736
1,0.560735149845128
1,0.6023221821008206
1,0.5931601838261457
1,0.5513448399145432
1,0.6927011705764669
1,0.5632514597407339
1,0.6465443658785528
1,0.688683732822894
1,0.6221247113143809
1,0.4519492832667772
1,0.6758664893434013
1,0.4410270987049833
1,0.6721815968612883
1,0.32011211093246783
1,0.37040329884040313
1,0.5865435297793635
1,0.41519658593208975
1,0.3511841061143728
1,0.5646542259174432
1,0.5761030290348766
1,0.42203090805986443
1,0.5684935274637541
1,0.7043229063758986
1,0.6584276077911521
1,0.505484462789058
1,0.5755965824339669
1,0.5730163858178012
1,0.4396740851117837
1,0.62966707604828
1,0.5414287551262799
1,0.3203837051853751
1,0.5401272005459015
1,0.287830086624398
1,0.6437872049060245
1,0.3884089693935301
1,0.6435689408127117
1,0.40160490165083085
1,0.5019787826346013
1,0.47046555211638386
1,0.44298458999083856
1,0.5510112019130063
1,0.6960346917278084
1,0.5424075786193797
1,0.4889720698664509
1,0.49674664647898775
1,0.4961271838425923
1,0.5033130765447583
1,0.529826996382858
1,0.3738000311459715
1,0.5047061023997291
1,0.3359946577498228
1,0.4365615491495284
1,0.5249215986386117
1,0.543173014620913
1,0.6468452633890015
1,0.7242872964041445
1,0.6725313247437593
1,0.6959183501872417
1,0.41610867466984486
1,0.43988736054702465
1,0.45903902848988376
1,0.5968146007968708
1,0.5470215441898011
1,0.5136656685775906
1,0.5714947463740728
1,0.5850424692597682
1,0.5858731273895832
1,0.40795646000051333
1,0.48063774047250535
1,0.6023683664959846
1,0.6430473840173996
1,0.4265126215680043
1,0.4411297552665339
1,0.6517318831403589
1,0.6605930611470173
1,0.5079507032306315
1,0.5209020685603983
1,0.5558943544556095
1,0.5628719575842034
1,0.387544065947979
1,0.5231611779176161
1,0.47596900466613346
1,0.6771379033226618
1,0.4519583730454769
1,0.6259873687598071
1,0.6245075784968928
1,0.4565784999991994
1,0.4956178296372026
1,0.38451205527962684
1,0.3722357994803409
1,0.5506164483162903
1,0.5359695275230494
1,0.5462215197391819
1,0.5507102363096814
1,0.48942500857653465
1,0.4608372691956059
1,0.5545912880532986
1,0.5232522448950383
1,0.5603340909182846
1,0.5990990611531319
1,0.5236831778086988
1,0.5004685360243674
1,0.7392136702478241
1,0.5542393158138766
1,0.5323788320917116
1,0.5472032586181695
1,0.46499642670440766
1,0.5892290194831388
1,0.5815194844042795
1,0.4935060448232996
1,0.5812892584695271
1,0.6007844297823977
1,0.386807625771411
1,0.381829428528265
1,0.5426603380695939
1,0.4674563835351091
1,0.5443841574446364
1,0.6806829520862093
1,0.5040184434100436
1,0.34567872530518207
1,0.41655588002014265
1,0.5358137470485347
1,0.37539276659501647
1,0.4539236944319927
1,0.5339532842480567
1,0.6561641871344203
1,0.6833193462535545
1,0.6564996261120029
1,0.7135787823322783
1,0.6325199783444871
1,0.6575339772335776
1,0.42258687080385465
1,0.6893024551556319
1,0.48426288801630996
1,0.461141592136623
1,0.697362124164858
1,0.4019822112293939
1,0.5349964117039554
1,0.44858695256206343
1,0.4650873794150501
1,0.695153452033903
1,0.6163731699619629
1,0.484292488821451
1,0.642380019612133
1,0.6254709548198051
1,0.5274686832852312
1,0.6468196432318959
1,0.4678477951238762
1,0.3995061855294787
1,0.6001590532121739
1,0.46560132026614437
1,0.557963407796643
1,0.5944734711288092
1,0.5910301397059047
1,0.5042882920511176
1,0.5877501435298438
1,0.5594906388891023
1,0.26389989371438627
1,0.3639166694250597
1,0.4785444185248093
1,0.33582193510805347
1,0.5631099953370793
1,0.5001265364842614
1,0.526986936057351
1,0.4774155187812421
1,0.6857494308994578
1,0.44643026942520353
1,0.6339046457908691
1,0.5017747447655487
1,0.644631319125446
1,0.33832619152307875
1,0.2959087754522192
1,0.5180111768284633
1,0.5067846399902908
1,0.33718418145841433
1,0.5375004657857744
1,0.6801471944004821
1,0.7497721803839342
1,0.4748032744409045
1,0.5094718226553191
1,0.565922231732179
1,0.5242797956099904
1,0.6406845622662818
1,0.4896531873644539
1,0.7658253226312408
1,0.6680731669500188
1,0.3315594829544925
1,0.5578775509611804
1,0.7008887218205336
1,0.5068371276928582
1,0.7328837416782099
1,0.6758221748145758
1,0.440831352586025
1,0.5425935581830038
1,0.592225967384255
1,0.606933616753674
1,0.6138919478457552
1,0.4637893542475523
1,0.5885322956194169
1,0.44700189908885757
1,0.5783814834224681
1,0.567068321412622
1,0.7285470874891768
1,0.5271073345153686
1,0.42823626650905
1,0.7158017268990917
1,0.617780899601068
1,0.38409552205965
1,0.5039231976348364
1,0.5540432468453547
1,0.6224513034538774
1,0.32172631483235725
1,0.558567027227057
1,0.3286260321402326
1,0.6549976053258291
1,0.5070464519859478
1,0.7456467918206681
1,0.5012223896858811
1,0.5635456745423629
1,0.622824459382138
1,0.5245651902588827
1,0.5251692281199257
1,0.4353338421102559
1,0.4986065954813178
1,0.29405973168397903
1,0.6196625218577502
1,0.5558336767282006
1,0.601336855486609
1,0.41754236719366855
1,0.47340148847452596
1,0.5787679865901915
1,0.5842469298817711
1,0.5299357745949358
1,0.6728140997121643
1,0.7135125151306891
1,0.5351856718648459
1,0.6728365946325894
1,0.5228415199548759
1,0.41221592177752897
1,0.5273169217129002
1,0.5800902192497194
1,0.6403604192692062
1,0.5158252082130804
1,0.5603826782252787
1,0.5178266956735778
1,0.35941657171517655
1,0.25192313915506437
1,0.6332258975336806
1,0.3783743284133079
1,0.6537830865088643
1,0.3709447718369419
1,0.4925123055305006
1,0.6227243368906178
1,0.5933054489785622
1,0.5717962588985684
1,0.39269687480949944
1,0.5518418980241232
1,0.5988513341291749
1,0.4801938929275946
1,0.5483862868043071
1,0.5907795228095223
1,0.5324343894346848
1,0.5731102729876222
1,0.5878923839185168
1,0.4796248480145745
1,0.5228239504668407
1,0.41360896472845393
1,0.47208323957909865
1,0.5649201398553162
1,0.4379745220151203
1,0.5186858829263717
1,0.46122262999250185
1,0.4206903914939081
1,0.675920744973703
1,0.44429947987307944
1,0.41514691208984666
1,0.39594591259319983
1,0.6184788088749968
1,0.6041747400079117
1,0.41539588468171473
1,0.34651761506631307
1,0.499993974916665
1,0.6220308046734128
1,0.510619561359583
1,0.4941260098994369
1,0.5962074139229673
1,0.5378012946032122
1,0.41164144398535574
1,0.4760146441547495
1,0.7379817928034776
1,0.5561798727215408
1,0.6174692327223273
1,0.4272032102121165
1,0.6859721607024226
1,0.5432964631211991
1,0.5723524091307532
1,0.42672527343011357
1,0.4852094641535257
1,0.6467894264299744
1,0.7263941571276286
1,0.460921168194195
1,0.31920893283398255
1,0.7006924369364066
1,0.5157443130842425
1,0.41077591959787974
1,0.5530825800179103
1,0.39119365686413093
1,0.512773589632426
1,0.23330042353977953
1,0.4361165899149472
1,0.42598130742403173
1,0.5314058873365612
1,0.39535669117914557
1,0.6622797512350209
1,0.5424430177044445
1,0.5005517843187098
1,0.46916087554048297
1,0.37241963603126915
1,0.36806044460448883
1,0.5817107095888924
1,0.5418638918585935
1,0.542774984073325
1,0.5639438606065983
1,0.5051719866638384
1,0.5761460085577909
1,0.6789464184329175
1,0.6684496008607744
1,0.6144020214648591
1,0.4850710121189116
1,0.5748097472769728
1,0.5300412405497358
1,0.47120566415436915
1,0.6983684307214462
1,0.7090095515560237
1,0.5678451912002066
1,0.4528757255759891
1,0.5440195102738569
1,0.5671611321036051
1,0.589208185705816
1,0.6313135259928521
1,0.5817929310224852
1,0.3653687855921695
1,0.37110611571188734
1,0.5634249161976614
1,0.6583107824320494
1,0.4558995375480792
1,0.3558946106357286
1,0.5209512194653663
1,0.6116070911740766
1,0.4349803709990824
1,0.5180154201939375
1,0.6105804312707186
1,0.4802707063459206
1,0.5012891753758209
1,0.5503666512215167
1,0.614423063755888
1,0.5023001852773153
1,0.7315174856964789
1,0.5992851843650453
1,0.4552233501289594
1,0.5321217547229441
1,0.4764546588845052
1,0.48208513646985623
1,0.5905630029222139
1,0.5481950038652996
1,0.43055762713368917
1,0.5526637432283714
1,0.44378417773400347
1,0.3302127601338256
1,0.4198008936049344
1,0.6441326695028463
1,0.5158134511247946
1,0.5514635269141693
1,0.3415414976676165
1,0.45234278583260407
1,0.6491701750994199
1,0.5975062487364404
1,0.617349882766517
1,0.5342337090792934
1,0.5636118769676779
1,0.5411529130935507
1,0.7062678752490119
1,0.6048936365420766
1,0.319033398731436
1,0.5380792007170802
1,0.6662579275449644
1,0.5361720247165781
1,0.6058081714899585
1,0.6318440197260604
1,0.6043113977494323
1,0.581706209784358
1,0.5843291717727215
1,0.3263085442967902
1,0.40067684541076254
1,0.6606167161350639
1,0.6854182841251619
1,0.4706285753168947
1,0.4834196546520629
1,0.494867580911738
1,0.48926146728907216
1,0.7032287631043698
1,0.573072460388418
1,0.4875301605969362
1,0.48274906496159486
1,0.2995927946476072
1,0.34132256703186276
1,0.6970883723954167
1,0.5728892376721249
1,0.4744561307370161
1,0.49967123438446137
1,0.6273887372055774
1,0.5904269039633674
1,0.5466563425091389
1,0.6345858819790022
1,0.44175627704723647
1,0.3501917401899978
1,0.35817743954508546
1,0.57702082137336
1,0.7158681440182747
1,0.7189445393149957
1,0.6803498207799253
1,0.5334990333943299
1,0.4587897243337894
1,0.5558897262306192
1,0.4706342527940725
1,0.6202447166116583
1,0.4281225156073581
1,0.4510234038370564
1,0.6306881028872325
1,0.39547226564569754
1,0.49045747971413983
1,0.42456846917093616
1,0.5556718864022513
1,0.3621896925396116
1,0.5002513496409334
1,0.6917791452871416
1,0.5371827519098447
1,0.6655455930189478
1,0.4588091338213981
1,0.5199372059198224
1,0.5931883004984209
1,0.5298673944866852
1,0.5875050261960807
1,0.42369187355372195
1,0.4579438571054505
1,0.2955712165147043
1,0.33013445319753026
1,0.2622561086148658
1,0.5745144122786361
1,0.4982077827802884
1,0.44978850670901854
1,0.5997091355445858
1,0.4593784973630126
1,0.42048243043035255
1,0.5182596404621911
1,0.5720440387402584
1,0.4632371066115657
1,0.6596072308281834
1,0.4630495269659245
1,0.6205898122344781
1,0.39600614934034617
1,0.5645427102622046
1,0.6835283326976335
1,0.7422394219528842
1,0.5395990684438534
1,0.42810617860380734
1,0.5277143815316543
1,0.5651681490411524
1,0.39387521191077524
1,0.5485735147877762
1,0.5696560252950786
1,0.5866906597495948
1,0.40364209673874285
1,0.45982363002624166
1,0.5862883265868838
1,0.41934808499391246
1,0.5868834371727226
1,0.5892145554507069
1,0.46520465975453434
1,0.5651127585722321
1,0.25800784645543007
1,0.3602468795409625
1,0.5607449582967938
1,0.46081222174896447
1,0.578873021420491
1,0.7337669264702325
1,0.6456287424297269
1,0.6559453619150283
1,0.38471242640165493
1,0.5165901019273632
1,0.4385714577596682
1,0.34620461698873045
1,0.683896466362104
1,0.7546652774719654
1,0.7059789783847092
1,0.5997847625468734
1,0.4420259306492864
1,0.6029922789782155
1,0.6796475229011134
1,0.5370146146191167
1,0.6192413526077785
1,0.6019005019816054
1,0.6191171925518318
1,0.4521073689094137
1,0.5394278627900594
1,0.5139577524276713
1,0.2784711222196523
1,0.5682232832625664
1,0.5853641291606038
1,0.4887187370085655
1,0.569392186775796
1,0.4693642628764246
1,0.5002424156521781
1,0.5325089978044703
1,0.7116013323571645
1,0.5451898027111441
1,0.3180906144122653
1,0.5499011606502769
1,0.6273649645389241
1,0.6978102668942712
1,0.3238476586371206
1,0.460603956852611
1,0.4295495743975917
1,0.5891740109089777
1,0.6291429534694217
1,0.5189642368007233
1,0.5193175633292902
1,0.47656489199912166
1,0.48120035363522584
1,0.3322032894638001
1,0.5601559061353293
1,0.617856542689536
1,0.7662124141201483
1,0.4994174216949798
1,0.7125262769690687
1,0.43366636425774174
1,0.3687350630577028
1,0.5910806725492829
1,0.667286988037529
1,0.5471283615923012
1,0.5347606593289204
1,0.6326943590168687
1,0.4512030512967908
1,0.40253637048043467
1,0.5749468281248004
1,0.4186023097816279
1,0.6024506230750729
1,0.47202764777076994
1,0.45283503008512743
1,0.621246724244777
1,0.6552170781940632
1,0.6006858354302264
1,0.5662349553570195
1,0.5206281851596996
1,0.5520848491982668
1,0.5775754954308158
1,0.5512205490243076
1,0.6221820315499078
1,0.36024939306565623
1,0.6684365531279229
1,0.5464228466406047
1,0.6139133386120621
1,0.4610428985352766
1,0.544149723838789
1,0.3580441616080041
1,0.41470874327668183
1,0.5117676412870611
1,0.4288638631391262
1,0.473939781111822
1,0.5112965011842542
1,0.3594458406837492
1,0.49259222914285056
1,0.7489911816270216
1,0.6343314700594914
1,0.44459068608963637
1,0.3308245633013166
1,0.5997745484978578
1,0.46725123182708184
1,0.5945335450566075
1,0.5575659920536119
1,0.556397185558687
1,0.6394903936861378
1,0.40351420261120413
1,0.7562912736051132
1,0.6756378268772251
1,0.48246026049275226
1,0.48226694695476763
1,0.5443590594686429
1,0.4099684556325014
1,0.6264887539446615
1,0.47305721748281143
1,0.3320270625317143
1,0.34738714291085676
1,0.5105270565069587
1,0.2737557625884313
1,0.5353288264517995
1,0.542103615389443
1,0.5966481854192645
1,0.5442170779200114
1,0.434126341899982
1,0.4216894843675273
1,0.6650510267031959
1,0.598784752568048
1,0.4784378035656359
1,0.29919316748983665
1,0.5613760573094595
1,0.6114251997149949
1,0.5456034361288412
1,0.5009535923285033
1,0.5539728648005285
1,0.4269631952112258
1,0.8182563697040297
1,0.46168610760121676
1,0.6087527121237982
1,0.3877554241651824
1,0.5566751986825959
1,0.4745583386608144
1,0.5873622995136869
1,0.4373017660692927
1,0.3117460314725472
1,0.44438869022435773
1,0.4278905978701744
1,0.6196993917110326
1,0.4433347763122043
1,0.544733710858136
1,0.4677860763398686
1,0.4386643918432148
1,0.5484035048153444
1,0.39830022241900714
1,0.43315253264226095
1,0.42428206061054574
1,0.37350616630183836
1,0.48465978750804467
1,0.4124300728300361
1,0.5986808629088717
1,0.5157838418309358
1,0.5612588928207495
1,0.4615372306690145
1,0.517237686100111
1,0.5158377705595731
1,0.6673945164391364
1,0.6876416196758727
1,0.4226532945372391
1,0.7132475227532536
1,0.7302972397050856
1,0.5272623735480455
1,0.5341376590871201
1,0.23892003788736957
1,0.5936286346383302
1,0.45212971316916717
1,0.5849715156263533
1,0.5019533347508359
1,0.6154152943383127
1,0.40680207008980535
1,0.5264970858351028
1,0.5349964666749686
1,0.5334325131999346
1,0.5327547778440682
1,0.6866897608783785
1,0.4474625096088786
1,0.4323463481219664
1,0.5120266566665319
1,0.36038807626889685
1,0.5383693405481986
1,0.5383072119739738
1,0.4336321608995776
1,0.5878604725603944
1,0.5397973324490397
1,0.4665351186428699
1,0.44724541242577404
1,0.45150294140591196
1,0.42936911928997884
1,0.522332131672294
1,0.6008785719593955
1,0.4951666199206303
1,0.6905183782131555
1,0.4632936804273331
1,0.5927745281054503
1,0.36005516227761686
1,0.4961046405631458
1,0.6414077125756432
1,0.5025356118512095
1,0.5619927004928105
1,0.5825991528025969
1,0.4342062969147626
1,0.47017325356429734
1,0.5746886377547157
1,0.3780202000261511
1,0.5433536201820215
1,0.5728455164632732
1,0.3245547563416213
1,0.5221835130980557
1,0.41853002164665354
1,0.5942819047434237
1,0.4833096575700301
1,0.4635442707063944
1,0.42709098848584887
1,0.47878967954575397
1,0.2970284293063076
1,0.24446054809072237
1,0.5521287568338672
1,0.5778028621775324
1,0.6467534659819697
1,0.4693363376080292
1,0.6826840809309963
1,0.4952381826647574
1,0.5272521456887684
1,0.5929281714669344
1,0.48842566446202984
1,0.5135387796307426
1,0.47579813411555694
1,0.5893052697310857
1,0.5466780018519751
1,0.5798234143459265
1,0.5127391720727289
1,0.72345050681826
1,0.48690016970119854
1,0.607314112424621
1,0.4223764079989684
1,0.42959533882674406
1,0.6769765188116226
1,0.6112810245842065
1,0.4191659867716619
1,0.43699595160700655
1,0.6722533406091273
1,0.3774842576986365
1,0.4758474664880946
1,0.44233852243355865
1,0.39652601678846533
1,0.6694634724937772
1,0.6172774213054777
1,0.43383155303668774
1,0.4379955892625479
1,0.46734822851674573
1,0.578933838077506
1,0.3104726190262904
1,0.6318916418571894
1,0.48361101814735363
1,0.7412875076609856
1,0.5308274113475178
1,0.5471260977258615
1,0.29211445207099546
1,0.5207654069243971
1,0.5297796198548435
1,0.34028543760058005
1,0.5779001960751267
1,0.5640880524496505
1,0.5838201032414403
1,0.4097986263800824
1,0.4789695453891197
1,0.5850478572034608
1,0.5629804641805428
1,0.4785126052129514
1,0.5355722173193491
1,0.7233213714507967
1,0.5587506327807976
1,0.6265136187535997
1,0.5588454515895341
1,0.509944120465649
1,0.6561008518490278
1,0.5341254899387644
1,0.7108626012168735
1,0.5363680610516062
1,0.41463231342671614
1,0.47516963467159606
1,0.3535204317313496
1,0.5454916782333584
1,0.6972249662522794
1,0.6826391707941886
1,0.28374243555870465
1,0.4213954197965515
1,0.6072904298070871
1,0.5912608544503558
1,0.4367843204458453
1,0.48654903867093924
1,0.5079890665733676
1,0.6953077267284448
1,0.6513531197904041
1,0.5247828493032902
1,0.5210311224011664
1,0.4298768439990241
1,0.3548278329732702
1,0.3549367994718746
1,0.3341295912310173
1,0.446452258620471
1,0.33445983034411825
1,0.5468462616176176
1,0.5181721652113651
1,0.47823253820448675
1,0.5915938389794128
1,0.4693492744945019
1,0.4165275323574512
1,0.3358872835289906
1,0.8707650515415227
1,0.5591014181620024
1,0.5250265185041149
1,0.45638931741465943
1,0.7319705088794641
1,0.5745643026800111
1,0.5653059522859604
1,0.4632776560110081
1,0.5614008841541126
1,0.5801059456208564
1,0.29383914139852046
1,0.7339616243773218
1,0.4641569158410467
1,0.31508671288671664
1,0.4553835269720901
1,0.7303371708089279
1,0.4250567272581871
1,0.5334085949660682
1,0.5693370418134592
1,0.3693580040305991
1,0.5797983812115952
1,0.7464372293389525
1,0.5369146974754645
1,0.6172176670864955
1,0.73449768263691
1,0.5884516661569702
1,0.5650564109157632
1,0.5699755790753023
1,0.5349746767279189
1,0.4565701233536541
1,0.39745884771848417
1,0.5326563652587155
1,0.46637307402174527
1,0.43729730151301904
1,0.7090199167434549
1,0.44522671912911194
1,0.49437584091444625
1,0.4866698886219898
1,0.3988094537085091
1,0.7077956405106021
1,0.5823217250023333
1,0.6702659090784735
1,0.5444032330907951
1,0.369630580201987
1,0.482354634473784
1,0.3905001178209605
1,0.5006517860608276
1,0.4178057929735174
1,0.5402961097431506
1,0.5658269662997732
1,0.592073404760484
1,0.5501423979066302
1,0.585791274908639
1,0.35471113304825674
1,0.5571995732186886
1,0.5596553226403925
1,0.39085629188680754
1,0.39537731864169456
1,0.46020068681690973
1,0.5048437706920301
1,0.7020274838962204
1,0.49525794663323214
1,0.6742703164907979
1,0.557100030188777
1,0.48457276005164496
1,0.6746292732997597
1,0.6826691028109203
1,0.3219934654724501
1,0.5059340310917938
1,0.45850797339607025
1,0.5431219645302943
1,0.6093123097560699
1,0.5426385742037526
1,0.571074632885936
1,0.5835118788851659
1,0.7001547713730341
1,0.6344753348701309
1,0.5903058642708452
1,0.5300285241053669
1,0.5306679028104814
1,0.5036769982320415
1,0.40718325412422707
1,0.647916641119055
1,0.5166197218635615
1,0.7242388610643407
1,0.35646936725058903
1,0.6019745945081947
1,0.6157112965953796
1,0.4021373091747616
1,0.48990204895928624
1,0.4529666293828844
1,0.4310594101554064
1,0.6620373160877164
1,0.567450394438783
1,0.48113174919777957
1,0.607613473649719
1,0.4587724671912896
1,0.6250144240141067
1,0.5197001899547684
1,0.5156880845705651
1,0.3934921898336662
1,0.6117232894572535
1,0.4696386791105897
1,0.5346785000574016
1,0.7368731456138053
1,0.5183678754500488
1,0.47418497758621037
1,0.5442764654358245
1,0.6702233265178134
1,0.5108998322922743
1,0.42290819997396395
1,0.6165890076827947
1,0.47989302812424595
1,0.5044834242640924
1,0.4760127451921749
1,0.4794935177929327
1,0.4930205301218727
1,0.49383479818636394
1,0.5668008636607513
1,0.4328614526872081
1,0.4122771953514902
1,0.5243537775069635
1,0.4836556378035711
1,0.46853651788312206
1,0.6971269035592932
1,0.4699060531872467
1,0.6708831651598368
1,0.691281838516344
1,0.5318763761158132
1,0.5252895604749627
1,0.5274527952654329
1,0.7867505910278103
1,0.4340274084507402
1,0.49275024766359954
1,0.3815529533182536
1,0.5959291842261742
1,0.3567089984263531
1,0.33905132073461625
1,0.48251705587850596
1,0.5079872424901412
1,0.8009383251271331
1,0.6087495697158202
1,0.5115771515547389
1,0.5636467688554337
1,0.6843875410781202
1,0.35906585192220697
1,0.4828113865864061
1,0.5397999450017108
1,0.3932384003828663
1,0.4650294990712127
1,0.4424214599700515
1,0.5224433364166976
1,0.5772475326898326
1,0.4247547183810432
1,0.5235198401343989
1,0.5510140086576972
1,0.5102526467477768
1,0.5920445754652817
1,0.6293911941070836
1,0.558961617414971
1,0.5520174192561634
1,0.356742478989516
1,0.39147794728430535
1,0.4475260593990723
1,0.4178752540894618
1,0.3307898443691458
1,0.4632735379360562
1,0.4644918753188232
1,0.765028455937534
1,0.7122064540798176
1,0.3971716685933789
1,0.3725831855191003
1,0.5633680745467055
1,0.6740081788883733
1,0.2706592433689364
1,0.6631257380652538
1,0.40876543416870786
0,0.48172317319792557
0,0.7431160063621637
0,0.6067299163289411
0,0.5398265320394324
0,0.5288135610052609
0,0.40592412917458853
0,0.3321749510839866
0,0.43137502953246865
0,0.33388522394114906
0,0.6854890415377043
0,0.6793131911846348
0,0.35932079266368655
0,0.6373517639939773
0,0.5081636460646021
0,0.6859770335381694
0,0.3856450101844993
0,0.4230260794903202
0,0.3132242212017588
0,0.5641872572702084
0,0.6451185911759487
0,0.37538738363953583
0,0.23910546678576072
0,0.37634487400118966
0,0.3350378795659088
0,0.6227396649334499
0,0.622189747226709
0,0.5984622697794499
0,0.5383576801568163
0,0.475840198399271
0,0.5761079894858584
0,0.4311030953346393
0,0.5219194184462855
0,0.5301944100241801
0,0.5871983938930772
0,0.46980371215327543
0,0.39242645338416854
0,0.4094032882539677
0,0.3393225159232721
0,0.7819761508443586
0,0.5819765090876026
0,0.2243624321773276
0,0.5640916451224347
0,0.5127485344796334
0,0.3141316679242754
0,0.28236751556826173
0,0.350908751375833
0,0.44153102446435366
0,0.2895034459482265
0,0.6546825782528846
0,0.63781970886001
0,0.7469802740758376
0,0.4856694325081208
0,0.4769416593243822
0,0.3767735479937524
0,0.3887166519281261
0,0.30550039034843063
0,0.3394378089503462
0,0.6413133298088212
0,0.20964180270326682
0,0.38203706989623226
0,0.362752720075192
0,0.2918920462154157
0,0.5510938186074592
0,0.7266138411142372
0,0.5424812857358974
0,0.4106519655206646
0,0.43132785323309736
0,0.7854871622307291
0,0.3846509259578268
0,0.5720765157520483
0,0.530181123337106
0,0.4207316021870774
0,0.4453517148811035
0,0.5830172476131343
0,0.43242157019370314
0,0.43843346875061395
0,0.42875258985351
0,0.4357015485309556
0,0.6388096413633821
0,0.37205245377321366
0,0.4626777522037181
0,0.5828138796209473
0,0.5839300985504531
0,0.5367255730966478
0,0.5918864688585863
0,0.5221577362069639
0,0.3556685408122908
0,0.2757801466865738
0,0.31340692635298784
0,0.41256138839647816
0,0.25114616530594464
0,0.45088508129633564
0,0.40986686599207034
0,0.4761058615496202
0,0.4746969372947276
0,0.7475754155161983
0,0.41622831818425754
0,0.5752272994543783
0,0.4925667249939649
0,0.5945443766652388
0,0.6932283474173149
0,0.3838320963443205
0,0.23790708397070434
0,0.4381419907025957
0,0.43258248143190575
0,0.5980549490226038
0,0.5537885574005268
0,0.47548092516014856
0,0.47652130058872494
0,0.485294646036928
0,0.4015559937063862
0,0.6671493918606063
0,0.465965093443378
0,0.5488768894309498
0,0.33748776858615476
0,0.664682767798274
0,0.38386452155686407
0,0.3382202315741193
0,0.4206058221413879
0,0.4134078053199565
0,0.28066142091713
0,0.48474830949587494
0,0.513697071939931
0,0.6240516520186962
0,0.606506085137486
0,0.5173428979585901
0,0.5495907578171051
0,0.3461219077825039
0,0.33603132066880403
0,0.572102212612201
0,0.3209412152071622
0,0.40517271008267636
0,0.6724170873132536
0,0.4052172564461258
0,0.33940763871571233
0,0.524718303951874
0,0.4084174724800561
0,0.41825311831582496
0,0.37250302018970155
0,0.4706995462180223
0,0.38099260754542535
0,0.43141836559476654
0,0.7522756613000745
0,0.45069672287126655
0,0.5854145806612884
0,0.6484019222833727
0,0.4190116229306151
0,0.48185677231516105
0,0.23121685586116625
0,0.6671419745066437
0,0.3647643796009721
0,0.2828182075016664
0,0.4908875546657521
0,0.4696651322996969
0,0.526068410373984
0,0.5368413962321605
0,0.39543463334498413
0,0.5758398178712664
0,0.5997154754798504
0,0.3139664656722784
0,0.5321399528022666
0,0.5458382908556805
0,0.4830335099096076
0,0.3988569109956241
0,0.5045114866863878
0,0.5652403051633925
0,0.3022523706374997
0,0.5817201736025426
0,0.5124802596000984
0,0.3585380031963606
0,0.44206569765553244
0,0.41909446996858113
0,0.42310668142612634
0,0.3380655380863367
0,0.3510025582704077
0,0.2945281283981642
0,0.3925352717796577
0,0.2934865898801381
0,0.67892149583062
0,0.38508982994735275
0,0.2298304883834291
0,0.5538987907282186
0,0.5501329445888357
0,0.5528627077147931
0,0.4687696499218193
0,0.2761328834336134
0,0.4733940137120852
0,0.6432763702154022
0,0.4918161781622495
0,0.3891552512341546
0,0.36065758412158516
0,0.39889719558713815
0,0.47753080391800146
0,0.4376107480093627
0,0.5818485733945981
0,0.38105547053057304
0,0.4341021176492534
0,0.43695404215540457
0,0.5144210464425353
0,0.5943728502883213
0,0.5372826322671972
0,0.27918613090726524
0,0.5352430106315421
0,0.4553693013796963
0,0.46609659210000715
0,0.42108031529447437
0,0.5981425661677466
0,0.5314641182118385
0,0.5120417280745458
0,0.34202112460042305
0,0.4425897945229837
0,0.48765544598552407
0,0.5603038141517939
0,0.38087974224059173
0,0.6490279672694428
0,0.2961858191590641
0,0.38085641751331734
0,0.6232066735859604
0,0.5051792483698969
0,0.38476730418777066
0,0.6937574406515846
0,0.36612192525079246
0,0.40873721781834993
0,0.6122435094183463
0,0.45068064065480445
0,0.6653394775033239
0,0.6619360941726697
0,0.476227847727632
0,0.4049830225021758
0,0.5261852901229083
0,0.6560290014450676
0,0.44935317976361555
0,0.32298653638162056
0,0.4402230114612252
0,0.6753340458312738
0,0.5784495901780919
0,0.503503043344911
0,0.5131731059194745
0,0.6419824893238133
0,0.3100573075080747
0,0.3250588415391177
0,0.3691578298775502
0,0.4121971417889214
0,0.2942341778556723
0,0.7138409137813773
0,0.280154265369224
0,0.4047146103358746
0,0.42109535820891597
0,0.354686454118242
0,0.25626111112568895
0,0.46600446586428845
0,0.4764277024265242
0,0.4903737901443315
0,0.3377903085006443
0,0.6044263493907404
0,0.4215082712988722
0,0.489154966029638
0,0.4799762536674166
0,0.40314805842200596
0,0.4619199641886327
0,0.7780292584894428
0,0.46879104776762137
0,0.5878589870630055
0,0.460579426196433
0,0.3930010651862459
0,0.4877704238105591
0,0.49073264243832176
0,0.4604257423290082
0,0.4674792501650478
0,0.5352741059877124
0,0.4543316246395749
0,0.6604476870118513
0,0.4226768983642643
0,0.5570908362976784
0,0.4593302574295405
0,0.3596533476125158
0,0.5679995863585657
0,0.49553059619256257
0,0.7140329074416689
0,0.37561707031351976
0,0.5150256404941194
0,0.5728187854713562
0,0.47538803847146877
0,0.5811991451159625
0,0.37572827821026805
0,0.4578391924916347
0,0.4797249771666678
0,0.38301036464769067
0,0.476160532955933
0,0.5337323450056486
0,0.5170382911493498
0,0.4205360307567184
0,0.3313996435148964
0,0.6595437519463331
0,0.5031205816243758
0,0.1886513988485508
0,0.2865101321470581
0,0.50735665032698
0,0.5106750011068336
0,0.4180943048283028
0,0.6898958782900795
0,0.4719797206110135
0,0.4631227743136915
0,0.5592070931225319
0,0.4759029779947763
0,0.4038600194141605
0,0.35104480227166923
0,0.3727180368249678
0,0.5418619448671147
0,0.2536103797347187
0,0.5103884764081329
0,0.40670589847156613
0,0.5670084603648433
0,0.449178285555714
0,0.5370813245994268
0,0.38654957453413724
0,0.5539021470652253
0,0.48735890476125926
0,0.44129374294391455
0,0.5245760018656185
0,0.627356993499288
0,0.43744016276875064
0,0.490869684752387
0,0.2924550083406784
0,0.4856959028756429
0,0.5260344266559502
0,0.5084507437092379
0,0.4979274971645556
0,0.24324503161358696
0,0.5145305316349184
0,0.4628633665965314
0,0.46228693393079745
0,0.38081519927405844
0,0.434401730325494
0,0.5628834181221037
0,0.581521033017992
0,0.23912053764885882
0,0.4212628761223441
0,0.4165428860225825
0,0.28595369548691296
0,0.4755492212270232
0,0.5042941061372734
0,0.3542111428942539
0,0.5801933415356945
0,0.46574018413692
0,0.445930147856353
0,0.5502460330530834
0,0.5876952358178289
0,0.4192541933197378
0,0.4381261892553987
0,0.5137989557142606
0,0.5945191620040168
0,0.696492461507039
0,0.47041168917228393
0,0.595367503271423
0,0.5560493850186377
0,0.6045523306285171
0,0.6014675604783807
0,0.329209188891164
0,0.4116657087442926
0,0.42218227875428693
0,0.48138411651580293
0,0.6341281388710145
0,0.45402541736479674
0,0.6001797598472315
0,0.6427192415795651
0,0.50682357235072
0,0.489969472584387
0,0.5495180598879686
0,0.40867635891687093
0,0.24652760105204455
0,0.6987282590115144
0,0.5260641409479236
0,0.3925791742652252
0,0.49964698909985084
0,0.633442832335578
0,0.3649010511198242
0,0.34509444138333
0,0.4209132185386126
0,0.36879408212279724
0,0.5217781520589169
0,0.4047888620700202
0,0.4378901746693749
0,0.5804840804697454
0,0.3659483374790759
0,0.4853637998619074
0,0.5537293753515206
0,0.3522220670073797
0,0.42230947098830895
0,0.5523477570813312
0,0.5745026159120002
0,0.42834224169924806
0,0.49033327889889683
0,0.41210171537145096
0,0.46378483000335435
0,0.42818291491142946
0,0.5800114166354315
0,0.3958094246263063
0,0.35640531346736853
0,0.4771354594362345
0,0.41061526300379736
0,0.4388148474624642
0,0.576711904592784
0,0.5981716865013571
0,0.33576367113396743
0,0.4984996722179031
0,0.5689530340460268
0,0.5349407362268802
0,0.5614239252915469
0,0.5356884571097097
0,0.43596836058321453
0,0.31132098725226
0,0.28013891020897785
0,0.35872173058021
0,0.6244040049320011
0,0.41494982172783046
0,0.4336424795305904
0,0.4949072740603421
0,0.5987790705173253
0,0.36947414604503015
0,0.30988207263643996
0,0.43008984953447793
0,0.7147823731642796
0,0.43176671921000465
0,0.3883846675665195
0,0.5649570742572705
0,0.39749347430116677
0,0.4230253644714435
0,0.4995867274138428
0,0.5303441494425697
0,0.6848573454070068
0,0.5270970837224394
0,0.42403990397331653
0,0.5692842946188885
0,0.5956627838974063
0,0.43293289979769334
0,0.5039477497734286
0,0.3838540692966747
0,0.3580595166711309
0,0.5810797145287834
0,0.41507032413269107
0,0.35876504033410667
0,0.22425479335303128
0,0.7944960221576043
0,0.4176113855366216
0,0.47356481837466924
0,0.5543261694570644
0,0.6843691058494538
0,0.5518923786428105
0,0.27224335949170614
0,0.42198420891321214
0,0.28638851471123217
0,0.5158045716503455
0,0.5565747363044964
0,0.7038610569782974
0,0.4435753096348943
0,0.46522959533475444
0,0.373974832075314
0,0.5413410660117395
0,0.650432879488698
0,0.4674898966111861
0,0.4813440895181555
0,0.4439979719105429
0,0.6153900112307575
0,0.5455504589524725
0,0.39784675560791205
0,0.5761984001165957
0,0.43760525543147666
0,0.6006058540320985
0,0.5139746453209227
0,0.40263774484529047
0,0.4985772752112973
0,0.5641139980419773
0,0.5191121217050392
0,0.3795581488200336
0,0.3197754661565286
0,0.22449749703486013
0,0.37145282618416253
0,0.5600460756473619
0,0.5809241558864723
0,0.2973839310854721
0,0.41045853993302944
0,0.44158694030208356
0,0.46108039322867966
0,0.42007147380001597
0,0.6651642048054934
0,0.5137766127721292
0,0.5235772772100695
0,0.4415647648585067
0,0.43229994117352655
0,0.47203500614567184
0,0.3287263262183291
0,0.611979034145003
0,0.41669448227384226
0,0.39132217860636714
0,0.6688607275080822
0,0.28937904897544686
0,0.6681189601026466
0,0.5804655628113353
0,0.3214966754515124
0,0.48862175020265447
0,0.504242003341087
0,0.5686851594938414
0,0.39933432529291224
0,0.37318119699905955
0,0.3006968292253817
0,0.48481040043222845
0,0.49432679090519893
0,0.6203470652459827
0,0.5877760251195134
0,0.5484190192014248
0,0.40299319631805425
0,0.3936259658795697
0,0.4200170983846542
0,0.5594018460566083
0,0.36729272107448196
0,0.5050102321065407
0,0.4366659009083984
0,0.6014742474385147
0,0.4346961354516081
0,0.6124624312497117
0,0.19268806635153224
0,0.5547319258561471
0,0.3942533797118215
0,0.4809062616936775
0,0.5496216701056366
0,0.5892104836302876
0,0.4904738788621049
0,0.4759129912200546
0,0.29443944003282024
0,0.3897021789779705
0,0.3334509881666472
0,0.4732966668017645
0,0.46470647095907563
0,0.48078840697334213
0,0.6314393752902271
0,0.43060295087393086
0,0.4749816783428209
0,0.5061300575824672
0,0.4128027177482757
0,0.41907828402659864
0,0.6147283785166445
0,0.3342739279152699
0,0.44920911013417003
0,0.42140264317674647
0,0.5522041070762111
0,0.46760778345019915
0,0.47713128872838306
0,0.45708040852438714
0,0.5216761076631188
0,0.7005182684037802
0,0.4681137861233022
0,0.38239052959288755
0,0.49805787769472454
0,0.42647888785624116
0,0.34241870684843356
0,0.5083142675304039
0,0.38427635156330153
0,0.3030294448153009
0,0.6382538590134396
0,0.4102563670531327
0,0.46846844117420494
0,0.47798019602453856
0,0.40804596744828
0,0.7408411843544825
0,0.4942867291914804
0,0.4962205805979789
0,0.34547079099842065
0,0.3507013148294193
0,0.6148169756381209
0,0.49304187832188723
0,0.4929395701624638
0,0.34376560106734394
0,0.5933890985259416
0,0.5237925136670571
0,0.3321132142988134
0,0.4484937077845137
0,0.19512595602401248
0,0.4958214733232648
0,0.5015569763582658
0,0.38119646987547146
0,0.4806755542807853
0,0.32054672582286536
0,0.4620112477981518
0,0.3203513207117721
0,0.6029366050171078
0,0.4036646873413589
0,0.41903279421553796
0,0.45094496752165963
0,0.39978660692084256
0,0.45533331967807494
0,0.5210852325335917
0,0.4493489118106329
0,0.5145763355797744
0,0.42537840642621
0,0.5073021887418778
0,0.4814845393297362
0,0.47141746608945945
0,0.5109812303870204
0,0.5251326515141452
0,0.488482765257
0,0.6038160854339645
0,0.6016722174859286
0,0.5923327443976738
0,0.2650241819819634
0,0.37728636615371924
0,0.5060633821645909
0,0.3062778927610852
0,0.5523764341293672
0,0.2730034392129914
0,0.37352294815322556
0,0.4367589236692808
0,0.7541284023687254
0,0.5748461577373591
0,0.34907182719069885
0,0.3484688911502858
0,0.3082447848767566
0,0.19513530523217665
0,0.4471466803803767
0,0.4374084050815367
0,0.4298768841017132
0,0.45019588036855485
0,0.5348795997661128
0,0.36235376386737794
0,0.29721018160879586
0,0.5755681706738306
0,0.7130466589513185
0,0.44438455143896294
0,0.6856298677025245
0,0.3513818168150441
0,0.3206650475291021
0,0.5185370952846649
0,0.4395568124398446
0,0.3965367322409378
0,0.5552880763544872
0,0.37720679448568994
0,0.4131721782705446
0,0.5911807202780688
0,0.48085232498948133
0,0.31673401175594806
0,0.2985632646894916
0,0.31421297953445876
0,0.5631470382097942
0,0.5677936757439656
0,0.39427853929203865
0,0.35977293295791757
0,0.5105634881004502
0,0.49476685186868896
0,0.49362164012897486
0,0.30261602815071864
0,0.4493008061032204
0,0.3966285560611305
0,0.6556299946252487
0,0.4644251444252503
0,0.736846555593926
0,0.4656384277113555
0,0.520719127822425
0,0.27860472728170793
0,0.4730673058972667
0,0.4874545833820757
0,0.46339187208606425
0,0.36159025029897557
0,0.3022311595055686
0,0.36040527677926554
0,0.44343375946909247
0,0.6414363844768097
0,0.5430244241833433
0,0.40697186744005787
0,0.49472823624204965
0,0.3853947754351896
0,0.6795430902579228
0,0.5340878431533246
0,0.5766667570625651
0,0.5289256911935442
0,0.2987684367925666
0,0.4971924560843036
0,0.5174508031911469
0,0.4240063765460539
0,0.296973741568753
0,0.2596241628180308
0,0.6617340559958657
0,0.44942644446221053
0,0.4861049902950337
0,0.3114937331852424
0,0.5854521049400385
0,0.3496684587666362
0,0.3512142259327207
0,0.48315199414079735
0,0.2520114271197155
0,0.3927390288279514
0,0.4334741504282769
0,0.42227257041696126
0,0.5490085148277194
0,0.5435635188340312
0,0.3560017079824248
0,0.6107033470833257
0,0.3719626564407399
0,0.5667845088592328
0,0.3104013636211338
0,0.6002693917359396
0,0.3383308284201786
0,0.6498063535029271
0,0.5567820890956283
0,0.46790216808636037
0,0.4452099428141737
0,0.49465540270300895
0,0.44072133209611075
0,0.4949131198406095
0,0.3304606371839951
0,0.29786703871792736
0,0.7147951528395424
0,0.47393027852174985
0,0.3219462299673579
0,0.4466014115644663
0,0.45783030963504756
0,0.5006007957389728
0,0.5586382579798193
0,0.663042491208548
0,0.38010324318907934
0,0.4931248122009206
0,0.6602873057399752
0,0.54765963134913
0,0.6083404357121877
0,0.4279726842376451
0,0.3520660778621274
0,0.508283597586594
0,0.5591733324701526
0,0.427647373687554
0,0.37563052342858233
0,0.6269530362209834
0,0.3546542440242716
0,0.5169442088675934
0,0.3509508486011561
0,0.6648981489160223
0,0.46301969652311226
0,0.3991403031693924
0,0.4342370660125692
0,0.421121294566317
0,0.7258766772923586
0,0.5514028430079609
0,0.40867576820164364
0,0.5462335740026006
0,0.5260951864434512
0,0.4880799998751113
0,0.5074763063425065
0,0.6508407829219578
0,0.49554925947182815
0,0.4221491925724403
0,0.6591817069460706
0,0.38016556364097753
0,0.5823842776458581
0,0.5750732702932896
0,0.5415925542975669
0,0.49262486480664325
0,0.4760653621319687
0,0.43983788361518056
0,0.5587002691669085
0,0.6262930963095934
0,0.45623511751684803
0,0.41389222304378465
0,0.29897218141341053
0,0.46108177222779395
0,0.34491373955197596
0,0.4189607559867455
0,0.27415861723906854
0,0.6133129020997389
0,0.5113750944651063
0,0.5597460045857096
0,0.495456084471655
0,0.508844057508498
0,0.336625983565645
0,0.4999649501513609
0,0.40222672682645877
0,0.5912483136529002
0,0.5112785331179166
0,0.7193363366458569
0,0.3405334402129739
0,0.8230832920704648
0,0.2618949840050865
0,0.4629475602868119
0,0.5317789441618196
0,0.3572185890708344
0,0.5926484615796157
0,0.54892621564043
0,0.40192607566169225
0,0.5829824135859117
0,0.4868727270110008
0,0.6586638820854174
0,0.4051870644804002
0,0.31120954270932344
0,0.48639334477421015
0,0.42748146105485385
0,0.6009947302878836
0,0.3426749497863208
0,0.39771500417573546
0,0.312180844217319
0,0.412021732416079
0,0.5191319461680801
0,0.5815942364235
0,0.452568775752641
0,0.4156758816344457
0,0.719270539531672
0,0.3956976845426905
0,0.4840011027511171
0,0.48707306548443097
0,0.42774524882930237
0,0.5258084396121478
0,0.4737133517735249
0,0.3496965203607585
0,0.3657752845850922
0,0.48853356216704236
0,0.458757892950276
0,0.48998202378806144
0,0.31928229195361857
0,0.4073344753793228
0,0.3807264156490884
0,0.5295738933013547
0,0.6219594012651315
0,0.5131586614191243
0,0.398570675736338
0,0.7274293683700775
0,0.5242730386118188
0,0.519489384031546
0,0.4436787936895555
0,0.47396847881313187
0,0.3359619169552769
0,0.47071431275761544
0,0.3884978032726525
0,0.31012462451924644
0,0.36698182920390615
0,0.4665205006751304
0,0.42781141905444303
0,0.3898771815091754
0,0.41452134226896237
0,0.35531396719815084
0,0.5581753504105906
0,0.3983275703316382
0,0.5852409054862581
0,0.3625204402417747
0,0.4778175728073886
0,0.5171283946831893
0,0.32808405762819964
0,0.4440107450430669
0,0.2940496776435517
0,0.49672710666956466
0,0.4512998589147184
0,0.3686859080227708
0,0.334122885008503
0,0.5611678865131485
0,0.2972892917437121
0,0.37066998055464373
0,0.38761917916888716
0,0.5557614349374744
0,0.3500068130124947
0,0.445134574231651
0,0.7002610403140872
0,0.48056623990195757
0,0.5272735087744179
0,0.33762969543655885
0,0.5979389838082539
0,0.5026073455762919
0,0.5998878281021126
0,0.5810125770721674
0,0.4997148295144637
0,0.5251196952758486
0,0.7630109975632949
0,0.38561737214597824
0,0.3753869042885868
0,0.5120452999094955
0,0.48818498541773164
0,0.45611053863705503
0,0.5739179317492155
0,0.3530535503349691
0,0.4393951501084871
0,0.5696997269364504
0,0.6894627622806923
0,0.23577919075619047
0,0.4566856477331691
0,0.5051616432907001
0,0.498620794468068
0,0.4258704604788203
0,0.3230286927475727
0,0.367030065515589
0,0.17474883693936416
0,0.29678806332951796
0,0.5448982829045956
0,0.5357645644928326
0,0.37511112085107917
0,0.4174609260967652
0,0.7065467306636883
0,0.4933447273593774
0,0.49998624598037833
0,0.3825414757408745
0,0.5136557217388358
0,0.4609699231697423
0,0.5558734693851362
0,0.565771746423533
0,0.5008918567522362
0,0.4482873907326083
0,0.49435128668498823
0,0.3240882678810749
0,0.6364609624819237
0,0.37354760029721834
0,0.5098680415924339
0,0.464317968528138
0,0.4172484670049855
0,0.28837184223272627
0,0.69809511457173
0,0.47237855431030157
0,0.30920090243621356
0,0.2644158084146041
0,0.4370602606374812
0,0.39540744768143243
0,0.410548654741289
0,0.5816346653048822
0,0.3578189986255233
0,0.372559150001458
0,0.39552102012211177
0,0.23725560230166481
0,0.3843917318829575
0,0.30872654683095996
0,0.37857824356203673
0,0.6205099856761488
0,0.5627995067735094
0,0.36044020724623105
0,0.588528574972952
0,0.41948282447000973
0,0.4130560432239058
0,0.5057636561905987
0,0.5170391224130874
0,0.44211582566503477
0,0.44908045477773173
0,0.24654637057632955
0,0.4175626040033491
0,0.7547189855716004
0,0.37938862074681556
0,0.35711292843665365
0,0.608988046589944
0,0.30518240686742526
0,0.4683573295777824
0,0.5019983603806992
0,0.3327277586612819
0,0.34729336719756465
0,0.435540183195906
0,0.6171671043735222
0,0.4223175361286916
0,0.641076515243334
0,0.5290272411540534
0,0.5317040710818339
0,0.4524781535644443
0,0.5095133539538127
0,0.5388902186800283
0,0.5546732563032737
0,0.54598966379678
0,0.34402577843837745
0,0.49065142777452825
0,0.45268917344886195
0,0.4625215980531341
0,0.2373597171471668
0,0.41062293487506757
0,0.37240297086072405
0,0.3141659246746174
0,0.5164282268481267
0,0.34143105995008993
0,0.2887629153628954
0,0.6061043653115961
0,0.361764465932528
0,0.4605584968192358
0,0.38031488204789277
0,0.5682769566213289
0,0.6385413351381058
0,0.4870876074029233
0,0.6110616049404877
0,0.4314392145583414
0,0.5605487721127559
0,0.3878762297032772
0,0.3398109518040425
0,0.45625135082395607
0,0.6037319059622251
0,0.3073873364811371
0,0.5806683995822839
0,0.3908487052984565
0,0.6124831283115549
0,0.5822580401883601
0,0.7099075752754647
0,0.7153816311137527
0,0.22936052974125534
0,0.5031096924847205
0,0.4345722450782268
0,0.2966252894834865
0,0.3213917498897591
0,0.48741281862514363
0,0.534127455976031
0,0.3149789797278835
0,0.6564258008780667
0,0.3803993562143408
0,0.4385506002232397
0,0.5101398184324617
0,0.6419406027918096
0,0.24958909668407964
0,0.48035639854056833
0,0.30339112487921394
0,0.24510223625154046
0,0.7438548751925682
0,0.5897239327078789
0,0.403238872478225
0,0.7029116435606088
0,0.6582317657409245
0,0.5884235655501664
0,0.5486262465375924
0,0.291158682745126
0,0.5666347793295939
0,0.2420155624118115
0,0.6029496316381739
0,0.4878690516993299
0,0.6711354504153759
0,0.6213249103164914
0,0.3500703636384396
0,0.4779314028366658
0,0.320318927286182
0,0.7744438703844083
0,0.530604003531038
0,0.4485863635397469
0,0.49869255329810636
0,0.4057878505884444
0,0.4686880237026606
0,0.47783122454667054
0,0.4994488302667695
0,0.64042948817672
0,0.37751025783690834
0,0.5181709832085386
0,0.5560594450438648
0,0.43044098932331115
0,0.3550906460872799
0,0.48477917444273044
0,0.5217919197301689
0,0.3238496296913051
0,0.39893227408534926
0,0.5106527600659055
0,0.5559788824566242
0,0.3982966144389089
0,0.6535903619409887
0,0.5347696060511269
0,0.5947557585281213
0,0.43223673972086435
0,0.4194894929375246
0,0.5013455929925408
0,0.4104673369308634
0,0.3848551665078677
0,0.3858063668731026
0,0.39387335422374675
0,0.3730449226946118
0,0.5671240837556936
0,0.423811745900163
0,0.4976576764057633
0,0.47282993322867306
0,0.36457370076350265
0,0.5413216663597558
0,0.4367268832181246
0,0.5390022679610957
0,0.6537874251598106
0,0.5228229597121268
0,0.49705149626250567
0,0.5315686989084242
0,0.40418344372006915
0,0.6893254926515016
0,0.5450798582020963
0,0.6798207913012043
0,0.5400137668781803
0,0.4855846965273939
0,0.6753721834804121
0,0.5260410233754436
0,0.4242550548401888
0,0.310179206062011
0,0.32322485450093635
0,0.41251443531282483
0,0.39649507466320516
0,0.5391577100456464
0,0.693391505505705
0,0.45029195261235955
0,0.5065829203747234
0,0.29124615434275747
0,0.5648853808390134
0,0.5147940132162969
0,0.3176921941980533
0,0.4808435807559932
0,0.4582610035092869
0,0.5631868384331488
0,0.43303187489003947
0,0.31603837078574465
0,0.39737674359196606
0,0.5166312940555582
0,0.3467523389189238
0,0.3033434334614783
0,0.4964293792022715
0,0.283508157709849
0,0.5796283757419267
0,0.5972388294081713
0,0.5549752093982795
0,0.4570693395614361
0,0.3957379047709939
0,0.44256010420631864
0,0.620646600220342
0,0.6196461469095542
0,0.3978577113821278
0,0.4971111410645602
0,0.38380385677533924
0,0.4733827661390562
0,0.2651308553695371
0,0.316394145725264
0,0.5165314104099537
0,0.6411138610998315
0,0.2963133860511407
0,0.5652660763352607
0,0.46472824032912163
0,0.3612325690554068
0,0.2175069809088001
0,0.33736181438520074
0,0.35889949868032506
0,0.39740813432890737
0,0.5852689814117766
0,0.40596569722897496
0,0.3297707454297124
0,0.5047180286501263
0,0.4619193952427904
0,0.28630225798992537
0,0.6030806318683976
0,0.3430241715976377
0,0.676683699910789
0,0.46763814374310764
0,0.5822074956740462
0,0.41175677261392946
0,0.6717545972652865
0,0.5187914898676632
0,0.43218459987282426
0,0.7900025922152539
0,0.4360439340622681
0,0.5788260414156712
0,0.7796789685531063
0,0.5470497634752087
0,0.5126673638237794
0,0.18698186717763446
0,0.4988950038551746
0,0.5799902727332721
0,0.34635497940867116
0,0.42550210583210235
0,0.5269018550488399
0,0.3924913461354599
0,0.3986869473550894
0,0.518777764142015
0,0.5020211302672265
0,0.5237966343044234
0,0.3393823949422794
0,0.6607516442147937
0,0.2358760194160161
0,0.5006505085791166
0,0.3440330547276401
0,0.41203577951163717
0,0.5508203597555651
0,0.4768756786687464
0,0.6884724602596304
0,0.39441548067240073
0,0.6844048803524028
0,0.41601905000121636
0,0.5708467425826359
0,0.6167516904253283
0,0.5782041745233882
0,0.4212110473281367
0,0.4378488790613902
0,0.4888252299218272
0,0.3779324426719208
0,0.5838707614854893
0,0.41260629258745196
0,0.54458358284926
0,0.6170878012853351
0,0.3896522650362245
0,0.5370696886838514
0,0.3662575840177264
0,0.2590196213898056
0,0.6177614645445751
0,0.5977852623667245
0,0.6101070605551777
0,0.36820280963354585
0,0.3721046647780875
0,0.31482595420430887
0,0.37799664255995286
0,0.5861693351544601
0,0.5804831093747761
0,0.5603595147957968
0,0.5145204549433376
0,0.5397779665953244
0,0.4020576116724468
0,0.46708319157800937
0,0.39202118771488403
0,0.5735123501706911
0,0.4711843248794454
0,0.5042122461733455
0,0.4825737813212045
0,0.4573869137510997
0,0.2659193786846984
0,0.32354033731509146
0,0.40434274865966136
0,0.4503643470115729
0,0.4510203020234788
0,0.46141795632509985
0,0.5120198032765679
0,0.4512389771188479
0,0.5593068901773144
0,0.28421525106995305
0,0.4176761022171259
0,0.396965770064749
0,0.7210634184237543
0,0.339248218731523
0,0.46232732158450923
0,0.2654331594733094
0,0.2821971557109297
0,0.3446017469102877
0,0.5882544526922429
0,0.45185729067385055
0,0.44278702516669743
0,0.4743334895795167
0,0.3627050442547126
0,0.26631648363333005
0,0.7158274706729392
0,0.32757901746619206
0,0.4509043851007377
0,0.4768987144502676
0,0.4280751963488625
0,0.6430397809065369
0,0.5679167534609602
0,0.6261277515900696
0,0.4446311768964464
0,0.6284406159760573
0,0.45265595437793443
0,0.4314322881920085
0,0.6568691599093446
0,0.3754188461023586
0,0.27448232037379083
0,0.4026004711594966
0,0.45435104395398695
0,0.7505908897740432
0,0.381328087904325
0,0.4465876628587746
0,0.6432002284671476
0,0.5521691557183832
0,0.43910266952601484
0,0.3429485905193162
0,0.5533704025454868
0,0.4071291791640093
0,0.6584894821700079
0,0.45450474691621495
0,0.4953741719309423
0,0.45956957186122177
0,0.21777991864845841
0,0.3673702886444177
0,0.3264455147048652
0,0.2435523525178278
0,0.534483581132561
0,0.4695917079545203
0,0.29329735200634377
0,0.39115663843178716
0,0.5936230871224001
0,0.35176334431614537
0,0.48285684838960213
0,0.5812234328505416
0,0.38947267281135944
0,0.6633056411119982
0,0.3645419597457981
0,0.4323691375610905
0,0.5535351133965943
0,0.482561411126569
0,0.38823910661909333
0,0.4271698518293574
0,0.5721146973450382
0,0.4476765760382291
0,0.5749556813871334
0,0.5230712938101454
0,0.6066594101211147
0,0.5507065087458854
0,0.6060550019264703
0,0.40687211058126893
0,0.4510669250527552
0,0.5354500855052752
0,0.3358778968251775
0,0.5766460949776774
0,0.4186839981411202
0,0.5067139375214508
0,0.42256850613825514
0,0.5043805540424904
0,0.31067345941799784
0,0.510208262490448
0,0.5217324368200155
0,0.5255994312740936
0,0.4634283614989675
0,0.5999795299836627
0,0.393863331289668
0,0.6004961680395764
0,0.45364869807327746
0,0.41854216731281135
0,0.5140133605969925
0,0.44623078141229566
0,0.3818493151026708
0,0.4615803178511228
0,0.4864212910417831
0,0.3179639900072081
0,0.42460384918116956
0,0.39481272932793865
0,0.48276531666044925
0,0.4989946158797685
0,0.45811393457135435
0,0.55560261557441
0,0.6644191731485772
0,0.4464503379976744
0,0.27450407550286976
0,0.36462467145191774
0,0.5660479717189077
0,0.44082612399922283
0,0.50788939672369
0,0.35517417993966094
0,0.41756639729461553
0,0.41007188759124824
0,0.3574016996507414
0,0.4454696237538632
0,0.24089124628151246
0,0.2946206689455927
0,0.6530256934462195
0,0.35679352975702117
0,0.34235513575983006
0,0.5544508027187608
0,0.37299358892628687
0,0.28628096442668083
0,0.6870871212516145
0,0.4820601593682238
0,0.5357537559370272
0,0.46670978485727677
0,0.5396949255365524
0,0.5308911579855065
0,0.3138704558683192
0,0.39051706934748415
0,0.3770089690806222
0,0.37094499171710665
0,0.6207480912789074
0,0.39284000941101294
0,0.25646121337348365
0,0.426467170484623
0,0.3781180611016785
0,0.5824951072252595
0,0.5735497091447193
0,0.5070843929864298
0,0.3674781287190447
0,0.5897045644672659
0,0.5600468969147503
0,0.5152173510661773
0,0.36404087077937863
0,0.4593068967374253
0,0.2596389859500949
0,0.4296555077083359
0,0.29561801775722146
0,0.42691916092676696
0,0.37530856916701977
0,0.4559944514946441
0,0.512112015768
0,0.444430011790741
0,0.5766891535872543
0,0.7058046086577537
0,0.5081229649728058
0,0.3154813364355263
0,0.5201805665438869
0,0.4002088721084518
0,0.37885808759611744
0,0.5292957579283242
0,0.4699659161831389
0,0.5900832250704883
0,0.3141701941157943
0,0.44640130759898955
0,0.5727698745391461
0,0.5346204105060115
0,0.5711459820699794
0,0.4444513276591779
0,0.5668095609986917
0,0.549313618774211
0,0.5150060504375079
0,0.42507791802167066
0,0.5934443354198343
0,0.443717118957526
0,0.5540391429675005
0,0.6545738778028788
0,0.2389820739058671
0,0.42199106404025377
0,0.29569993399619554
0,0.2582476651953869
0,0.33867966939429517
0,0.4787034966433641
0,0.3002639383844112
0,0.3337790279911805
0,0.18410927246072967
0,0.4673191509125054
0,0.6231072097772439
0,0.42654617783344784
0,0.3680347331028122
0,0.4677799020928213
0,0.465176295454879
0,0.4935214702562605
0,0.4290948536563312
0,0.4645564744052867
0,0.43049467096224825
0,0.5825227924630925
0,0.5112584797173576
0,0.5928190350654434
0,0.4341263463892072
0,0.5074020191000761
0,0.5610087542875818
0,0.3250975602639506
0,0.33200370836930126
0,0.5366206736360296
0,0.44133002979304514
0,0.31962200055944806
0,0.582333816857144
0,0.6267584566086222
0,0.3857685786034788
0,0.6541186721045731
0,0.4946850833870836
0,0.4781106214210009
0,0.5542244179970393
0,0.45162630198085096
0,0.44099669595923074
0,0.5861329657581494
0,0.4964991040539805
0,0.5335978841091981
0,0.4808599818061511
0,0.6531586356964755
0,0.40759898508661085
0,0.592502693180781
0,0.5085013816148571
0,0.6285271276370904
0,0.5203796223476825
0,0.4796772845016543
0,0.2702061479712242
0,0.5060789920288008
0,0.6100945667256382
0,0.39194390316524763
0,0.3868554391563702
0,0.43660274634919916
0,0.5117893110874524
0,0.6628116083345884
0,0.2510119077367595
0,0.4201200963476621
0,0.55774376579476
0,0.5574596277728516
0,0.4610317904300619
0,0.560373251805496
0,0.5669813739358092
0,0.38378703169486045
0,0.39604096710757297
0,0.6717622225754811
0,0.38088541677629717
0,0.4519859896128619
0,0.5317127462620713
0,0.469246013739112
0,0.47711875183036245
0,0.5985735408307092
0,0.528306490721826
0,0.5978295675322699
0,0.532516412658572
0,0.45891984702159927
0,0.6119243959488682
0,0.5641993198826097
0,0.5452425794032301
0,0.21605271610178403
0,0.5913066987373208
0,0.7610197157495953
0,0.38921316121188876
0,0.5669946222109058
0,0.5678995620091987
0,0.4156129246870165
0,0.5497069061899452
0,0.3524776553330882
0,0.38787185166570237
0,0.2808399960068668
0,0.5864313985609302
0,0.5721122864162873
0,0.5053832369251201
0,0.36907377228200927
0,0.6326452369205243
0,0.6443320785434326
0,0.35286780429831677
0,0.536406552552004
0,0.6798604509605541
0,0.4035916607969406
0,0.4651985580936851
0,0.3267009580458236
0,0.3067275787475697
0,0.40954643754623354
0,0.44773818919900826
0,0.4137324973281583
0,0.41235688714457897
0,0.18927486110050976
0,0.5080102284029409
0,0.33585554845721804
0,0.44180119299422804
0,0.38088560670721394
0,0.4608009997856844
0,0.5075407064333093
0,0.6323604935759162
0,0.49968018020677446
0,0.5656415669810407
0,0.49143806887708774
0,0.44876507229914947
0,0.5108618977927422
0,0.30843585891502956
0,0.2894459520865284
0,0.4698500214372894
0,0.5606388924667108
0,0.47598376476357257
0,0.2013959034414677
0,0.5026538742928058
0,0.4775105586044884
0,0.39094867094943764
0,0.33592206295511406
0,0.37199335123439525
0,0.5935011341980245
0,0.604749147688483
0,0.48427997378003046
0,0.4795570656207735
0,0.5108580823740738
0,0.6840427140587987
0,0.4369412102039907
0,0.4515354687033351
0,0.41549204398825684
0,0.49764185374441805
0,0.5781697189925834
0,0.34213347735887756
0,0.47476571438426557
0,0.5654907439772332
0,0.25193466167769296
0,0.4684856203606238
0,0.5959658397431289
0,0.48991946348560644
0,0.5310799018829219
0,0.5186970667161913
0,0.7626662190987876
0,0.3901677133578082
0,0.44972316175636873
0,0.4608692678588627
0,0.5031285420523093
0,0.49889492261587487
0,0.384010285981773
0,0.4067378326567517
0,0.49540279198693826
0,0.42055252527016806
0,0.4525805238528018
0,0.49587361155205556
0,0.3834359248879675
0,0.5648676455105134
0,0.3043510082665182
0,0.2590006586904261
0,0.4531189726503981
0,0.5869514716554661
0,0.522178150407243
0,0.6650624600015139
0,0.222353128920804
0,0.4674395655858373
0,0.42258670775270357
0,0.37009568011347893
0,0.519290879240679
0,0.4138049454035081
0,0.3494226109258284
0,0.4896635047101641
0,0.5962496346842635
0,0.4803940690391736
0,0.3727135879624868
0,0.28622944248915194
0,0.6862068938922615
0,0.5792985849622416
0,0.5730252374590344
0,0.37209299678291596
0,0.501631054133325
0,0.39398950629114227
0,0.5341952618443082
0,0.4720147085933694
0,0.606646062811582
0,0.4924879901655855
0,0.4316338733335859
0,0.5043047818275278
0,0.47030530659899106
0,0.4813897850873316
0,0.2804985249827262
0,0.49479306418471186
0,0.4419805869745086
0,0.4377653882426125
0,0.36272824361851264
0,0.5408414992177167
0,0.6500346330571176
0,0.5337982940082591
0,0.3547067663587651
0,0.3827855528857627
0,0.4594711382830357
0,0.32008722793029326
0,0.3991088620697102
0,0.5806807056335274
0,0.5313956699019984
0,0.6023640147201342
0,0.482830046270446
0,0.2820633447469116
0,0.2884836107221179
0,0.5885157382899028
0,0.4068594994433048
0,0.5773849255919857
0,0.5215097684447267
0,0.59099923461162
0,0.4732593863165647
0,0.6691626720097015
0,0.2904902738242269
0,0.33550252526150776
0,0.5186093350155053
0,0.5509315173815077
0,0.5188598589477003
0,0.5742771390106812
0,0.7365177090672084
0,0.43241718094417325
0,0.46867691940439765
0,0.4867993103992998
0,0.7423169407306949
0,0.45075050883376355
0,0.4403145036672955
0,0.6393731117523382
0,0.3944220129638975
0,0.3356418342915397
0,0.6280953214441587
0,0.5656958379906016
0,0.35164684712209515
0,0.21708653661737748
0,0.4643895918427294
0,0.7007522468118323
0,0.5315245841062763
0,0.4347917069469362
0,0.5308638307392858
0,0.5915398691868755
0,0.5020270602112421
0,0.3695155230450727
0,0.5604068467383492
0,0.5145818430000085
0,0.350089461937638
0,0.4880517533979126
0,0.5640800301598281
0,0.4755756757294606
0,0.3714935551339135
0,0.3140654881320393
0,0.2862146502520032
0,0.4566386546567134
0,0.4331391894222175
0,0.4322793517961236
0,0.4467996127260297
0,0.5343466009289072
0,0.4957824187656682
0,0.6456948868457286
0,0.5741376101263973
0,0.438631814106938
0,0.5422373311405869
0,0.5730649905084115
0,0.5771596129535015
0,0.5207615633375829
0,0.48928497940687193
0,0.6079334478310281
0,0.364982449049242
0,0.5222893060363534
0,0.5225097447512456
0,0.37687731421319887
0,0.5694077519283087
0,0.5688769528850042
0,0.2993370807935217
0,0.473379756158526
0,0.5016467096948668
0,0.5632445440321816
0,0.514337142065173
0,0.3996100487682574
0,0.33434097958056014
0,0.4765984734961759
0,0.5316305786662958
0,0.3961052900770033
0,0.5096080439665355
0,0.5354169684256883
0,0.7129260241860654
0,0.6255795951319719
0,0.46317320757019836
0,0.5511436031827889
0,0.5164168064448194
0,0.39485311379742594
0,0.5586040212889518
0,0.690015428119797
0,0.49415354797607486
0,0.543904349158656
0,0.3522963272276569
0,0.42541121278500643
0,0.34626232425310954
0,0.40102722880506414
0,0.41736289269651317
0,0.34682433485993774
0,0.49113138929552275
0,0.42334219157477676
0,0.5543625840320674
0,0.4766536671035264
0,0.606090560150517
0,0.39209069247283296
0,0.5303056487499358
0,0.49580800350590987
0,0.2723243798161629
0,0.45739470609697686
0,0.5591834297474119
0,0.31210843924864023
0,0.3469250634181174
0,0.42831838777468445
0,0.5026480915036756
0,0.6625995989368727
0,0.4881568721437951
0,0.25846180991988715
0,0.5936000232639737
0,0.3301730023254257
0,0.24884552631276402
0,0.4131896203598816
0,0.5837118448385235
0,0.6424725445068534
0,0.3189249484275005
0,0.5055225235399675
0,0.5808764820031839
0,0.32422014982028236
0,0.5620471089741956
0,0.4215753157225286
0,0.5445087158060635
0,0.5203784625986165
0,0.6432483056881958
0,0.6078008789470017
0,0.4677926181816804
0,0.5038513944286843
0,0.4071017053186625
0,0.5509145319196136
0,0.5163755318232771
0,0.36343532047541544
0,0.5413865860968106
0,0.41934706428673635
0,0.42116915985073866
0,0.4357461672500525
0,0.4178795998163595
0,0.40998734070282633
0,0.34501867862472785
0,0.432166448269222
0,0.6197557173924869
0,0.34149422090049597
0,0.3233334170541659
0,0.4988667153179839
0,0.7064332977484851
0,0.4102833027641441
0,0.28953958046955325
0,0.4272795614266048
0,0.459809120340456
0,0.4414378747781513
0,0.6590575612842391
0,0.5254615798519817
0,0.3108051790928818
0,0.6035175061841932
0,0.4329556784437278
0,0.5407185484821398
0,0.1635759242806601
0,0.3300214154637859
0,0.32389981163977427
0,0.5873154434083435
0,0.2787044968428157
0,0.7070557908372526
0,0.5057881171349736
0,0.5383555092288138
0,0.33567175330386834
0,0.36627695843545005
0,0.5121249028503327
0,0.43650299200210485
0,0.46889920159391113
0,0.47349999010264465
0,0.5715830015579559
0,0.5216844916359092
0,0.3111000961602317
0,0.47843420278712495
0,0.47048663693131754
0,0.43637944173739746
0,0.3289057093881976
0,0.4646514229376712
0,0.4240655840873645
0,0.5156071339968173
0,0.4346046406512806
0,0.45932550798906946
0,0.2980572798201575
0,0.5556665200602329
0,0.4887267191232974
0,0.4590941671965598
0,0.5765427852657037
0,0.5873280173651354
0,0.5097379018451348
0,0.48528365530853335
0,0.38807826848888033
0,0.5026809593355601
0,0.36258550461924044
0,0.5838559927400148
0,0.4560893193270409
0,0.5608882594258253
0,0.49640230880978237
0,0.42861832846867676
0,0.6179701287526075
0,0.6706745744114395
0,0.556849106805821
0,0.5113218686028274
0,0.41639975080422065
0,0.5764957971503153
0,0.4851011226411742
0,0.4873723906424998
0,0.5973450316164475
0,0.6639163281196424
0,0.47216633950149534
0,0.48412468790647967
0,0.37015092249701453
0,0.33751854869084613
0,0.4681167892524084
0,0.23804103376702984
0,0.42631978107679014
0,0.4472010874005317
0,0.34504208369404865
0,0.5043275017674045
0,0.5657041525403876
0,0.5665525192449928
0,0.7038467301603083
0,0.6554730271941079
0,0.5634284580898882
0,0.5896540730546986
0,0.5110284584536213
0,0.5787376234173239
0,0.3525676519674653
0,0.5375670585545669
0,0.39931227640652744
0,0.301630883274021
0,0.6909643352083636
0,0.41225078447529906
0,0.47502871331808455
0,0.43429799258906765
0,0.275752067403771
0,0.4889268853922783
0,0.6313956984373843
0,0.32747306274742605
0,0.655538197532614
0,0.3367855760920735
0,0.7093526101007812
0,0.4016078137391848
0,0.43220016135896405
0,0.3874982622960451
0,0.4607671155261331
0,0.5012262575683268
0,0.3989457420190044
0,0.367513862415396
0,0.6731753857321603
0,0.3221850174097883
0,0.6396638088523473
0,0.5758040276298716
0,0.5310929024107524
0,0.7070006778177235
0,0.4471569018982352
0,0.39709603537708044
0,0.3466697565127402
0,0.4303149103927483
0,0.5151713265032718
0,0.587706982621686
0,0.5729168874726732
0,0.639261433887164
0,0.48732426730536105
0,0.5053667798956509
0,0.30618877711032827
0,0.5436690041793162
0,0.5484293244192744
0,0.4257601638475266
0,0.5634913829469964
0,0.669626112858119
0,0.5772248258124724
0,0.5246547837833214
0,0.49573614935693017
0,0.3405881101108157
0,0.3939648665101622
0,0.5364319634847227
0,0.5197467175650249
0,0.49298769799847747
0,0.5244724301984981
0,0.5510013062397612
0,0.43917331680556154
0,0.36107027923309504
0,0.5086809461480434
0,0.7357588169232013
0,0.5442958417068283
0,0.5308162424148939
0,0.330339399883955
0,0.40736109732609754
0,0.6577278873655821
0,0.3921086157734703
0,0.5246198053157225
0,0.46874871487893693
0,0.4902918135044808
0,0.44241653801320585
0,0.4030221850581102
0,0.33245302114271924
0,0.6462651094177286
0,0.47486219004036206
0,0.4820022077268532
0,0.5145853929710824
0,0.34158174996375373
0,0.5220769139418171
0,0.36092167935345715
0,0.34551330921979506
0,0.6536060455573836
0,0.641045209661232
0,0.39855919913709803
0,0.5188735302538574
0,0.5815652883800189
0,0.46553276788231734
0,0.5382210918943873
0,0.44667792260577527
0,0.5423060375440387
0,0.43139118139131544
0,0.22946872318325773
0,0.7186765454548748
0,0.6162822431006221
0,0.436741353483612
0,0.4039538941965936
0,0.37695567693959414
0,0.4370492628806228
0,0.4579409553789022
0,0.472723355113206
0,0.41615323564229195
0,0.5619388146516967
0,0.6429427621303782
0,0.46034612652036555
0,0.44793571166398455
0,0.5012120160717812
0,0.3345971324181168
0,0.3451748541161174
0,0.5439239088748141
0,0.4799221253981157
0,0.5570991336225283
0,0.5606088624245252
0,0.5569567972866007
0,0.49867269384124224
0,0.5657057476377808
0,0.5023958703470932
0,0.5579939089899054
0,0.40597784104955814
0,0.6538634252943496
0,0.5882796344472647
0,0.45195279129611887
0,0.426401096452936
0,0.4694562051844366
0,0.6255861527070863
0,0.41764251033014477
0,0.5244593122770397
0,0.5582163109212722
0,0.4592313520267597
0,0.5860444399437232
0,0.41223122110012855
0,0.4265850757415226
0,0.43253367975955664
0,0.4934046428457867
0,0.5060034738949222
0,0.5188943369238302
0,0.3869569738591939
0,0.26328107563310976
0,0.3637082997095019
0,0.5451998710363386
0,0.3560139784836242
0,0.5385077939446334
0,0.5735665882684154
0,0.4022574597641857
0,0.36259655155262693
0,0.4546819773570243
0,0.5412568973298361
0,0.5484918099288164
0,0.5139713849039615
0,0.38943065296591334
0,0.45456664065318525
0,0.5486934107850638
0,0.2303042945095591
0,0.36238424503417077
0,0.33674183676692604
0,0.5694369851017307
0,0.37280944203841393
0,0.5843945929094867
0,0.3660466805585546
0,0.6801464693018079
0,0.5879819370623155
0,0.35608134188945245
0,0.33690235662891005
0,0.5687425474060438
0,0.4368615973080589
0,0.6125359043295345
0,0.32566526174126914
0,0.44917340418460344
0,0.6430876346982709
0,0.45871368245747696
0,0.3454195697451806
0,0.3276780409589937
0,0.32035647358595637
0,0.49161358680275913
0,0.4884763400511939
0,0.6102672804055688
0,0.44145540156916185
0,0.3884939428292386
0,0.605722031689035
0,0.5537754166893114
0,0.5310887456403819
0,0.40534890252342864
0,0.2820991243395329
0,0.4131394645157185
0,0.5506320544675058
0,0.24524273508553893
0,0.3479571915901112
0,0.3343450495340867
0,0.5043168215355524
0,0.5783833090551865
0,0.4979002784816846
0,0.6843829145849153
0,0.5910321008989117
0,0.4016994369673322
0,0.42512419553872816
0,0.43550915465235507
0,0.5874812622456135
0,0.5554065911034667
0,0.5719566982186834
0,0.6077555783058244
0,0.4694740652936348
0,0.48806560118604864
0,0.42476345650279035
0,0.5750376787842298
0,0.44165186199225354
0,0.5365122165313632
0,0.35229392742265714
0,0.3437572663744995
0,0.33440487709613875
0,0.4719126071744187
0,0.29935916376073246
0,0.46768117689068867
0,0.43483249258602125
0,0.5721916893324146
0,0.3488581493171825
0,0.511188262046817
0,0.3672892522117402
0,0.31269799617428207
0,0.3290604636908818
0,0.2751276959049707
0,0.45209257470510955
0,0.6168698115248734
0,0.41283180892051385
0,0.6329454788442768
0,0.32065124180101173
0,0.6720828654036689
0,0.5861059988305434
0,0.3811659547370958
0,0.42398685319358387
0,0.5815918187712106
0,0.5649439501433244
0,0.3928225624116041
0,0.5924484686668169
0,0.3305875225188771
0,0.6367684964239873
0,0.4478306438488346
0,0.4847987545438856
0,0.31934993982677307
0,0.41791971361798497
0,0.6960120569488983
0,0.48893405320001765
0,0.37017137707150966
0,0.5583995744563583
0,0.5052427206070367
0,0.4928031358099404
0,0.6944422178555244
0,0.6822902050031348
0,0.2959868083476638
0,0.5783888374881115
0,0.4429284005078592
0,0.5840177140528191
0,0.2662101221978314
0,0.4604728914791373
0,0.4372670268468405
0,0.598092788014741
0,0.6610282040409774
0,0.4663641291946563
0,0.5145097679978533
0,0.6175048274797256
0,0.45074109185056277
0,0.49284193006489296
0,0.4461825709722997
0,0.5151927697753731
0,0.4614629265086939
0,0.47713805411954346
0,0.4269270110088069
0,0.32531399056763166
0,0.6963382022553474
0,0.5294996125302935
0,0.5535574939490048
0,0.5598902744027056
0,0.4529573484844919
0,0.3622861236668812
0,0.38025821884586053
0,0.3666188654482181
0,0.3701809990659846
0,0.6218054183866136
0,0.45559245813936605
0,0.6047232502829433
0,0.5286777097371358
0,0.520696859068006
0,0.6749374028683921
0,0.41429710179691775
0,0.34112855516556084
0,0.37398201763947886
0,0.4691209000716531
0,0.5996204255401623
0,0.35348210779966516
0,0.4437722119783761
0,0.44768246431770964
0,0.5499883544935241
0,0.6853960876138611
0,0.49175236169081016
0,0.44081270679062146
0,0.35422059589221194
0,0.5136578169223469
0,0.527309030071901
0,0.43046078828456846
0,0.4705388305319119
0,0.46574327490676426
0,0.5523421927828905
0,0.44540632213602177
0,0.281831931760187
0,0.5021780712883073
0,0.43465360220717936
0,0.5922221093073352
0,0.554667880701374
0,0.5606952364900509
0,0.3102792641663863
0,0.5592620166742218
0,0.4554325848121113
0,0.3768559471568054
0,0.18716992641714245
0,0.3681521788612712
0,0.6122852846661337
0,0.48188770133443926
0,0.43983031795061767
0,0.3627269625411408
0,0.53164579223623
0,0.4864055193907314
0,0.5579395762633294
0,0.32109961654952607
0,0.44675518891164134
0,0.49611085148530504
0,0.6108083112282581
0,0.35053864086880504
0,0.509010615247028
0,0.5633553102410485
0,0.3498392633978769
0,0.7184806327634424
0,0.5813708605810521
0,0.5506110153673979
0,0.22680303018765882
0,0.5966921601730409
0,0.336918124908578
0,0.48110727892888655
0,0.30994147559521557
0,0.6097766964406379
0,0.4977287233614145
0,0.30549501131070905
0,0.590390025801198
0,0.4700701434464763
0,0.5206769842909033
0,0.5963142896471526
0,0.7011782943927803
0,0.4241704647526391
0,0.42444634902701717
0,0.5430669153517925
0,0.49633347804268063
0,0.4930700360043647
0,0.4774510829208222
0,0.50195183666765
0,0.4231680424528017
0,0.4837765799790256
0,0.41778431651985015
0,0.5190326627781674
0,0.5783690097345887
0,0.5404964140953217
0,0.5837508575317895
0,0.420055283241896
0,0.4206447052537324
0,0.48314585554876344
0,0.4808851342001126
0,0.5023659950868722
0,0.5541831093826878
0,0.6231142678875462
0,0.6564346938780439
0,0.7522690137825876
0,0.45020364346958663
0,0.34965552716686604
0,0.3788499564247541
0,0.3016953794649155
0,0.4099139401445694
0,0.41687851700174744
0,0.6046125275457138
0,0.4364252622488418
0,0.35002101018896037
0,0.5178770843253528
0,0.5166373993652451
0,0.5062849766138454
0,0.49733266643212626
0,0.3923828901749061
0,0.5061195381916465
0,0.5874104141013978
0,0.6601792106770004
0,0.5387704078798043
0,0.4476384257890184
0,0.41484273901467783
0,0.3681225494875632
0,0.3731708311569433
0,0.4680960382242948
0,0.6532519613058105
0,0.4166748927036077
0,0.42531820216588523
0,0.391088735494603
0,0.2825566595176586
0,0.5650115793001316
0,0.4777100910224263
0,0.7459581391828329
0,0.564546928132159
0,0.5658943004195449
0,0.4846365154441145
0,0.3931999803269786
0,0.4971694692954187
0,0.27390376249150855
0,0.688704639548979
0,0.5911291502085545
0,0.45576712555722765
0,0.5268981001556676
0,0.3520131586209289
0,0.3828680939426478
0,0.5489432926482444
0,0.37297901887260265
0,0.3681735758873224
0,0.6299044741081086
0,0.48701373641993245
0,0.4624686444557633
0,0.35359742399249094
0,0.4328913654593471
0,0.3812478287664375
0,0.46573892178655035
0,0.3280903533297429
0,0.6391237691321078
0,0.40906543852134264
0,0.39345708212799313
0,0.2774415211638246
0,0.36111495223077694
0,0.5177167969957314
0,0.21219884446791876
0,0.5745868210480404
0,0.5541991938408264
0,0.3727239302087659
0,0.42640257504830703
0,0.5458359188045289
0,0.5331075578869148
0,0.4568600613420908
0,0.5535074857733523
0,0.5145495571680723
0,0.4547709894474633
0,0.41162134422761376
0,0.49624982801778716
0,0.3964558138670864
0,0.3090177724308568
0,0.5602892175711282
0,0.4835220166747126
0,0.4337192644302893
0,0.2748979177931442
0,0.558805644276604
0,0.45696036208811447
0,0.6132790609297557
0,0.45142731201400327
0,0.4569750832903378
0,0.49617170266146393
0,0.4921884768359326
0,0.5058692144045926
0,0.4443690529698768
0,0.2509374019784817
0,0.4697157369069016
0,0.38448281944467144
0,0.5120320993724109
0,0.38827273336330775
0,0.41805789072409033
0,0.5073582525421639
0,0.5018114474404817
0,0.5047796220820213
0,0.3449362543551657
0,0.5543552828071541
0,0.35291666423247414
0,0.5356659328526513
0,0.4608978826661883
0,0.5083135344434758
0,0.5455526848611902
0,0.49929918584634536
0,0.5191505755685101
0,0.4475984255241912
0,0.4789876517085542
0,0.39638163317360303
0,0.5256743989891071
0,0.40945663914001657
0,0.689626291161561
0,0.6644581225863788
0,0.36809479255817146
0,0.5620985436572905
0,0.49401081409055675
0,0.5742433635422154
0,0.32237627845497
0,0.5255851486392135
0,0.4274527578044248
0,0.599318839355249
0,0.3389101066963059
0,0.6085045720511385
0,0.7249450817909652
0,0.48562506307213416
0,0.7119575994723437
0,0.4578538778535754
0,0.48986391567295523
0,0.38907342556892927
0,0.44432958426672814
0,0.6661291222174256
0,0.5001976143228644
0,0.5693938477513667
0,0.38241212397926794
0,0.3321169820647476
0,0.34425864582973975
0,0.45206932609250633
0,0.5145409269269771
0,0.29897391442807136
0,0.4832112905675873
0,0.3569910991285368
0,0.5798732917774084
0,0.3484337383412078
0,0.5878330636931709
0,0.3566842813208348
0,0.479334802269107
0,0.5000694949501203
0,0.3929776968028966
0,0.46853472700537707
0,0.30398836242570365
0,0.5345402043920432
0,0.5516762756569218
0,0.6502545339502853
0,0.6735980028909725
0,0.4044279812348843
0,0.5118723052816269
0,0.3098255169999743
0,0.5044013822108416
0,0.41677589665153236
0,0.29532071686238937
0,0.44623588167357015
0,0.6274686190430223
0,0.4358005283019113
0,0.4193437327290144
0,0.5193534109121728
0,0.39601163028491937
0,0.2605361711206886
0,0.3051147635871265
0,0.4133115825380582
0,0.5141745520486267
0,0.36878028765641246
0,0.35804103781747393
0,0.5044752694428188
0,0.39462983377392924
0,0.7410377208673482
0,0.6934027297584461
0,0.40594436639177783
0,0.5109966551551455
0,0.6435451928791155
0,0.49964862267127214
0,0.6790800291871905
0,0.5274165028657332
0,0.32171151033312995
0,0.5087810043133457
0,0.5962842079556536
0,0.6779293330492469
0,0.40683391578846123
0,0.5704424611187903
0,0.27876583771818664
0,0.3474903749292703
0,0.38841655928141305
0,0.5069719618552023
0,0.48899590347235444
0,0.33230215062099927
0,0.5000389791379598
0,0.5885418810919556
0,0.4392859331077871
0,0.4728501612220897
0,0.6516447257618018
0,0.5124467959968415
0,0.7599512117190806
0,0.5344729743399801
0,0.35928240632036157
0,0.6954496929684716
0,0.5762136251694538
0,0.4864866558011234
0,0.4347471982247873
0,0.5781065003964321
0,0.48014828095465106
0,0.38260232511567926
0,0.4311273798378495
0,0.49700896714585835
0,0.7323069908597423
0,0.42214418692855304
0,0.5472376857147045
0,0.3543680702553941
0,0.35111966048884236
0,0.5045508658982946
0,0.3225751647262864
0,0.5090240456007024
0,0.4430070855007269
0,0.2748374236140143
0,0.46487692314222334
0,0.341421366049102
0,0.41055772072499036
0,0.6689985138580025
0,0.450006467516557
0,0.548880634320992
0,0.5662709229754833
0,0.3137370181681453
0,0.44970786111463795
0,0.37838991356482454
0,0.3877717511719642
0,0.5033829835738753
0,0.34496250214945423
0,0.3978113743119762
0,0.501537803995391
0,0.6319731813766962
0,0.45289585940206345
0,0.5379698346646576
0,0.46064420017651697
0,0.36289948401220573
0,0.6346802844474733
0,0.42370727651362944
0,0.5029142775688844
0,0.5502202788790149
0,0.5952672671999686
0,0.400801192799598
0,0.48712194928511954
0,0.5371985197353373
0,0.35293130001147704
0,0.4900176931747357
0,0.5149081880868925
0,0.5720256737927415
0,0.4432321823821789
0,0.4070054155027759
0,0.44300235290144213
0,0.3301575063413655
0,0.47486225659893044
0,0.3932805031702672
0,0.4937257235048684
0,0.42768614380268644
0,0.42272163293335985
0,0.4848026897236476
0,0.3839479837674312
0,0.28811388012597716
0,0.6611835613060099
0,0.5476009020648108
0,0.5321931915860905
0,0.4612278054785198
0,0.6572196225063408
0,0.44224877967970594
0,0.37215554814415724
0,0.19248197852314977
0,0.4081647165891037
0,0.45919872653368066
0,0.5038489446705827
0,0.5715305352740047
0,0.6087271928462069
0,0.4160701378230899
0,0.4411469758641672
0,0.5782007899613152
0,0.3983029968689277
0,0.5299745634644508
0,0.4842946300171542
0,0.6013670473531878
0,0.41912149241095176
0,0.5797120013916123
0,0.6245178547580452
0,0.4317647823357308
0,0.53615454350891
0,0.31987741250307394
0,0.41124434992344044
0,0.5838107740772304
0,0.6255304790601198
0,0.48677107674546133
0,0.7619375067652403
0,0.461534313777243
0,0.3979665090174802
0,0.3972729415697031
0,0.5531115440402581
0,0.3712008728750432
0,0.4461734466524146
0,0.4201006569646608
0,0.29754043466224944
0,0.4336218098344442
0,0.630904128136984
0,0.5256704940392015
0,0.4982928144693708
0,0.4494805096796845
0,0.5765270335081825
0,0.5981053375900418
0,0.557004731098558
0,0.459343571703515
0,0.37903540222816956
0,0.6032783523864321
0,0.41403564598385767
0,0.3388580033117807
0,0.4460026652251135
0,0.7475461332933324
0,0.4112378109375471
0,0.3658752797004346
0,0.47707633077353867
0,0.6048599060929486
0,0.4875084759457741
0,0.349775325110817
0,0.33489627365496566
0,0.4034794088873256
0,0.4251193772663914
0,0.37047874655462404
0,0.4801422880632532
0,0.4700310795547233
0,0.6115369403445537
0,0.4919759683124351
0,0.6053591926599358
0,0.4443174983849187
0,0.5422876573364188
0,0.5088435469643895
0,0.5430742454685117
0,0.495440847774853
0,0.5153756148140739
0,0.456924323534287
0,0.41765433971214067
0,0.625137405937618
0,0.49638631054422333
0,0.592381252278499
0,0.44980800319336134
0,0.46098135221214986
0,0.39401545902500834
0,0.6481708181007978
0,0.5628389597109087
0,0.515995596295262
0,0.5206095040101021
0,0.6233639915343104
0,0.49734708364128466
0,0.3567113945501611
0,0.434235881662581
0,0.33980335870564904
0,0.41647487655584914
0,0.3627630635368314
0,0.5604538957332484
0,0.4117001799073943
0,0.5226111303186671
0,0.32356778067683983
0,0.5010087530455423
0,0.5502819271602664
0,0.5621787236940053
0,0.5167883515386688
0,0.3369951692590783
0,0.5540297864902275
0,0.2764277869436452
0,0.5955856397749623
0,0.5080575045059172
0,0.45239337201738955
0,0.5164137066447853
0,0.5697609165492084
0,0.47721306557075693
0,0.49429877186816534
0,0.5263975564976793
0,0.48344221616489785
0,0.34267782997031754
0,0.3704602711439707
0,0.6566722258949512
0,0.5736437099969302
0,0.5054979253196873
0,0.3528544793783283
0,0.5834515759893388
0,0.34653739037020304
0,0.4509561977123707
0,0.5541651830378769
0,0.3615269838684015
0,0.35938151383602773
0,0.6777469024861114
0,0.5084572256361599
0,0.4945540990478814
0,0.5413872286646844
0,0.4209649392116211
0,0.5379687214612212
0,0.5953550171765425
0,0.6887326505812478
0,0.5847503338986013
0,0.32945957148864236
0,0.4330492958691552
0,0.4559192883617938
0,0.40230018520027244
0,0.6391420047735985
0,0.6009721329215069
0,0.5310727545979544
0,0.31418756592774255
0,0.4883375401464383
0,0.6563251418517557
0,0.4405435611588801
0,0.46129276773183797
0,0.4889142859657279
0,0.5697720401006372
0,0.49866563835550554
0,0.6011094274283626
0,0.42270565555484496
0,0.41712220843891085
0,0.47804656645440863
0,0.6513868103420639
0,0.23865001602973768
0,0.5173398905718748
0,0.3108215951609073
0,0.4402805626759206
0,0.38229976372999397
0,0.6439199728024791
0,0.5447972098787836
0,0.6420992542117363
0,0.4173826584526424
0,0.37950396532189123
0,0.5044335887961655
0,0.286993973514595
0,0.3076742144138504
0,0.46772345969349494
0,0.24271051507102825
0,0.4536701630046819
0,0.48882922538300194
0,0.47107325352461604
0,0.4080227118203387
0,0.5148035951773355
0,0.3964482960913628
0,0.4142091432572523
0,0.49673518085141316
0,0.6177781828195149
0,0.4903618952584884
0,0.49214038787276426
0,0.5168629110296241
0,0.33046747334875215
0,0.6000398647431064
0,0.5317566266652568
0,0.66824545342485
0,0.38585063664112257
0,0.34985746043458193
0,0.5198520522353353
0,0.41743922228767216
0,0.33302877444629847
0,0.42832554838788234
0,0.3887588293307961
0,0.5892376946517204
0,0.366388202807247
0,0.39367943833454444
0,0.39522541369533754
0,0.5423874266603894
0,0.4626598193301805
0,0.4012296137220134
0,0.5435817980188624
0,0.4524263161978914
0,0.4659875877882528
0,0.5568187917897767
0,0.7174411544557135
0,0.6303306899746394
0,0.3923450907478015
0,0.410647895744032
0,0.20422621961213652
0,0.7013822763006435
0,0.41025960900570785
0,0.4506769538846519
0,0.4774311270246132
0,0.5444926995058187
0,0.1865801084535606
0,0.5835845285902346
0,0.37700233918691184
0,0.7461147089567765
0,0.41342806776349866
0,0.48306332868813084
0,0.33494997378146985
0,0.5607664089486257
0,0.4759176878676452
0,0.31818071419471416
0,0.42614573514836307
0,0.377211548804741
0,0.33298458890099863
0,0.4279317277778739
0,0.5977199797264459
0,0.32565492714184135
0,0.3394505780100497
0,0.5216200657444646
0,0.3404966726013052
0,0.1892263153425895
0,0.46910203998181693
0,0.4124226455747011
0,0.3370514891918457
0,0.6014279846148186
0,0.669780834157168
0,0.5057459584818124
0,0.5758082606011667
0,0.5813821824885659
0,0.44899267952649835
0,0.39268958088790534
0,0.6163038688459714
0,0.3532068976637068
0,0.46088843239027766
0,0.32921019718766353
0,0.33470418705357635
0,0.5619394390265654
0,0.46961458164636444
0,0.2710510107422115
0,0.46432354052690045
0,0.6235682442766854
0,0.4412316470930212
0,0.5740202712730956
0,0.6228081005271042
0,0.45284689424045416
0,0.5348856600182395
0,0.5304564983752298
0,0.38487170032033674
0,0.4202303618850415
0,0.44142871449056836
0,0.46125670509760597
0,0.3702573968680963
0,0.5162656208307713
0,0.5444097990364676
0,0.34383118807094026
0,0.485633203736135
0,0.5597085217473544
0,0.5353938378295587
0,0.55445901452426
0,0.5831263670268125
0,0.5183586789413648
0,0.21153756567064014
0,0.3594424256949928
0,0.3503682718176935
0,0.438428659459974
0,0.44853451489106405
0,0.42559562730740474
0,0.37856702605627096
0,0.5708925819511974
0,0.4753344210115606
0,0.41146450577663635
0,0.18362288232761484
0,0.6548522342674132
0,0.4639640464916456
0,0.4619562437362255
0,0.64895201866693
0,0.6561486414881773
0,0.4360030802053678
0,0.6397280889320134
0,0.43417888088621454
0,0.2810389462349865
0,0.5643813370940625
0,0.4643860927415482
0,0.5536289973608549
0,0.3340584728722847
0,0.4464541603846806
0,0.42344029462990024
0,0.5112198360749073
0,0.4256787630073321
0,0.4768397379272895
0,0.5774232975337273
0,0.3904551611429444
0,0.5599383538857841
0,0.2885145147520942
0,0.6086343864358852
0,0.5227376150884643
0,0.5640747746108375
0,0.46593602033403503
0,0.46377664914380096
0,0.4731818763052125
0,0.7555144058750374
0,0.4249737023227309
0,0.38309288152427623
0,0.5990393942004033
0,0.5431048603716916
0,0.545024108571133
0,0.29998851966735907
0,0.7670713895237044
0,0.4996800315555558
0,0.34729967049585136
0,0.4909778754231183
0,0.3092700425219586
0,0.4602118298031123
0,0.4885276446816833
0,0.4291737040228258
0,0.458152107739373
0,0.3801687796182786
0,0.3986599077301971
0,0.6029231422085111
0,0.6145320686147999
0,0.46003191346211514
0,0.5004538797061654
0,0.5596252944571867
0,0.4433427012058875
0,0.4505697684084809
0,0.43553780657212515
0,0.7347980554843185
0,0.5271550944465945
0,0.41646185688892523
0,0.5591460576605117
0,0.47859908817634594
0,0.5299588344181452
0,0.4901104121620695
0,0.47239282297617563
0,0.44066893470874896
0,0.6052295712986653
0,0.4996537481064198
0,0.5022422034171273
0,0.5337568864589659
0,0.37651023516558085
0,0.39028530967691016
0,0.3377197653851506
0,0.6843960706738357
0,0.48586117859712763
0,0.6304724833108861
0,0.5946154979622134
0,0.45728983679783175
0,0.5205447253052465
0,0.49005355871525746
0,0.554846073321831
0,0.5706455180498237
0,0.4624721222022247
0,0.5821420063324346
0,0.3705494158540626
0,0.40618368581628805
0,0.4670096050596946
0,0.5607857724739203
0,0.31184422343714113
0,0.4723296157193021
0,0.3221401639075885
0,0.6046541775715765
0,0.32361318052692906
0,0.257300989559563
0,0.5769702044641588
0,0.41558433450794147
0,0.5225222103103825
0,0.23483065189388852
0,0.48920144323732134
0,0.5089501190588822
0,0.16405524659627965
0,0.7127397203968356
0,0.2693857406258481
0,0.6698402650436746
0,0.5199437971954805
0,0.45662722898576574
0,0.6611089721577197
0,0.5230381726787339
0,0.5198340850681986
0,0.5868946206531517
0,0.4776965765212268
0,0.5007080207049885
0,0.4991105403935583
0,0.5782075656275973
0,0.4104276728508947
0,0.5196279775764575
0,0.5176152778582276
0,0.5620113916681592
0,0.3153116076507081
0,0.375922312009933
0,0.5570855774249222
0,0.4916657617199597
0,0.554121652854564
0,0.49072065798694336
0,0.3676463158121236
0,0.582217300883732
0,0.3594121579322377
0,0.5581489774359156
0,0.36164183305664366
0,0.58634683559839
0,0.7366612812388262
0,0.378820411474249
0,0.5546969681744286
0,0.46830788563636094
0,0.5739230708980536
0,0.40661540722756284
0,0.3537192260489786
0,0.4293232765319222
0,0.45144582488513196
0,0.498223137963292
0,0.4627653677412062
0,0.4063173164867138
0,0.473786622911752
0,0.5427822707269797
0,0.4435269664981637
0,0.46208579843486935
0,0.5133590817405
0,0.48868683245658295
0,0.6532226075936118
0,0.37978194526635856
0,0.6274574388333605
0,0.659381852259986
0,0.7734319588069238
0,0.5571390480949869
0,0.5143429355070679
0,0.5047217150445592
0,0.23831010025320473
0,0.48183539418345067
0,0.4820037686409066
0,0.4458619968644499
0,0.734438992501785
0,0.2250853822278221
0,0.5257738081470598
0,0.7268273713304092
0,0.46040100796588357
0,0.34821834518143524
0,0.39647204140367437
0,0.4035604000991
0,0.5722830664563279
0,0.6014762561867499
0,0.3641439695684453
0,0.5678260144476358
0,0.41357895993857396
0,0.5083418252899451
0,0.5817519433557643
0,0.39959664247420634
0,0.5623188754593907
0,0.4224978132151976
0,0.5199858438266258
0,0.17718443215442337
0,0.45820717555513546
0,0.5884943577688033
0,0.45867720839270343
0,0.5364179015142128
0,0.30213001883443097
0,0.3327830008905537
0,0.3454004686372076
0,0.5360877399941183
0,0.4670090948618341
0,0.4435382484929235
0,0.5461304564475638
0,0.4885127390557572
0,0.5683089838091435
0,0.7004892158467197
0,0.46836378868016165
0,0.7382168535688052
0,0.4597948924879054
0,0.4553868755609155
0,0.45680516682773553
0,0.34404044319337856
0,0.6167651011905338
0,0.3781250852680802
0,0.585408177343254
0,0.28721780334661345
0,0.6765972846729357
0,0.46038777860615404
0,0.6090752758837863
0,0.5745993900809203
0,0.5573488739369241
0,0.46047674316619897
0,0.5603289855020829
0,0.690303806997609
0,0.3708964392528586
0,0.7219229735084082
0,0.3755014810979991
0,0.5057143050719102
0,0.3461747469949798
0,0.4130674214665424
0,0.460911609901059
0,0.49385249705240253
0,0.39741778449505016
0,0.8345346548685604
0,0.5841912508306447
0,0.5772263472076828
0,0.426409715801996
0,0.5280034852462502
0,0.600783986851754
0,0.3933196043823282
0,0.48255920509993394
0,0.3642472340563276
0,0.6783352608641268
0,0.43126166856438236
0,0.6451797654764877
0,0.5725660250127879
0,0.6017878473234651
0,0.4367705805294684
0,0.556796170521526
0,0.6338210303061842
0,0.5370230194303358
0,0.3289890466314936
0,0.47094328726861073
0,0.4438207626278629
0,0.2737308633903997
0,0.4821782399880074
0,0.48326856545809405
0,0.5465452004169955
0,0.6298379296535226
0,0.37682182137074044
0,0.4608747438279828
0,0.4651302703559013
0,0.603460445542545
0,0.43999600922888527
0,0.34222040725823777
0,0.47590335726552263
0,0.3931816932330799
0,0.5014605393902926
0,0.4654948677685258
0,0.5738672871860916
0,0.37608436411459606
0,0.43316140758105204
0,0.42693884927673276
0,0.4981271567837872
0,0.3931845545740638
0,0.28166254367832516
0,0.4135582007879237
0,0.43504437884115044
0,0.3984693298614302
0,0.5418978090241985
0,0.3884505524631076
0,0.46643047626864703
0,0.4241033839356016
0,0.5984630613740597
0,0.38727764475607435
0,0.4544777398652063
0,0.4640588802809926
0,0.5096850253013191
0,0.5788210514869356
0,0.4862753903200494
0,0.5610978121230996
0,0.5385503734397741
0,0.5067240331771167
0,0.5320984924391712
0,0.42840218799461655
0,0.6219035280345027
0,0.3965703781495914
0,0.5880473046738842
0,0.46735345770952486
0,0.4541414865911374
0,0.6020160421227556
0,0.5338019922534064
0,0.39195803942734886
0,0.3689014482918883
0,0.6606971056314801
0,0.5317400261404271
0,0.4191314123800841
0,0.3665606778701902
0,0.31029801129882356
0,0.5166930561323042
0,0.6163650387742843
0,0.4840006582805896
0,0.20881900301972492
0,0.26856781086040293
0,0.6366625808448945
0,0.37173290283706156
0,0.5993336938803536
0,0.5607918318154962
0,0.45963203976192146
0,0.7028535572616643
0,0.5490373061386015
0,0.4435754971703951
0,0.6344065714526286
0,0.529402104299232
0,0.6605186408898581
0,0.29305765070906337
0,0.5268067568079915
0,0.5237180135922117
0,0.4582534703449509
0,0.4420660734572314
0,0.3818331147136816
0,0.48190712707252076
0,0.4167141113186253
0,0.5615924555044415
0,0.4188790133508925
0,0.5070384737264915
0,0.6452731804540159
0,0.5233338677550092
0,0.4283576976876134
0,0.5336567915052199
0,0.28233836864487016
0,0.3769855682206017
0,0.41590957357354197
0,0.6626079399825079
0,0.43035958403291075
0,0.6568988664172418
0,0.4441419103201868
0,0.3509833411510407
0,0.5370524588579623
0,0.5765668968543385
0,0.6419978242739252
0,0.447875454593664
0,0.6470505753797908
0,0.3969148018018247
0,0.5188266533698151
0,0.3472212503966776
0,0.515958179757352
0,0.603731263700207
0,0.39383036144499217
0,0.3944424074002556
0,0.4919290624992016
0,0.3893545399003122
0,0.6351614722313913
0,0.5677882322871229
0,0.5607542711508221
0,0.5701602186435769
0,0.5346964604557288
0,0.4840908843328409
0,0.35860511512630405
0,0.4617576077047836
0,0.39807788794773097
0,0.4976102434657665
0,0.5527626891062825
0,0.45437986021449017
0,0.391519458083989
0,0.403360755627041
0,0.5095343817421593
0,0.5044218428323959
0,0.5607302677420677
0,0.46192383373006274
0,0.36741892552805916
0,0.32661013548755835
0,0.2884371869655533
0,0.5164051250167504
0,0.3188860907449558
0,0.28834304181837705
0,0.2740428515408734
0,0.4912555107704674
0,0.469557573087122
0,0.488617762976572
0,0.472465808861407
0,0.6898869645783198
0,0.40500008459229464
0,0.6479748420380635
0,0.6765664113626121
0,0.48925526052998
0,0.40230782677533045
0,0.403761998406226
0,0.5535027995103158
0,0.6032805332702661
0,0.5874862973912398
0,0.6767012365420666
0,0.48548242174400813
0,0.5353754438035636
0,0.368019410395988
0,0.44560415537840103
0,0.362835699880505
0,0.476920974083943
0,0.48694232552525113
0,0.4047914965106087
0,0.44872102062003927
0,0.704967956527108
0,0.356739377475884
0,0.6682012907040911
0,0.4767729582282629
0,0.37534709491749696
0,0.5246082166163247
0,0.5037701272450441
0,0.6238445128541941
0,0.5353137241088519
0,0.6990725172312824
0,0.3409414430789593
0,0.7043886457628203
0,0.4653469941636879
0,0.3584162489463214
0,0.3596240905213308
0,0.3880281503079552
0,0.6340013893554745
0,0.5244054043384361
0,0.4812781624396779
0,0.5311015578455531
0,0.4164375147779074
0,0.4873024766059128
0,0.5572575177098263
0,0.47511445569793287
0,0.5288010830372022
0,0.2692098417463584
0,0.42292528297570353
0,0.5951055527966524
0,0.5693982766476986
0,0.38617559316486666
0,0.5134274365856153
0,0.5843360189685648
0,0.5775744330489001
0,0.5489483768593801
0,0.7020297111651991
0,0.49477263528773807
0,0.3964562245344344
0,0.20835824035596076
0,0.49948389914883523
0,0.3858457509548099
0,0.46919134872371066
0,0.562556684910943
0,0.49345749742177386
0,0.5171003387850396
0,0.6112456577699238
0,0.5049992346885368
0,0.43552669645525677
0,0.5942583999142989
0,0.26139477742635786
0,0.5337829083142402
0,0.5838978983890547
0,0.2939313215528194
0,0.3706485379628415
0,0.6737392618471406
0,0.414467938499525
0,0.507861505232929
0,0.36441397672287557
0,0.38891510954888425
0,0.5915261293392062
0,0.49108477940468026
0,0.424334896842137
0,0.6378290586126443
0,0.2994571069860002
0,0.46262028519782794
0,0.28558168170582676
0,0.6457289896628063
0,0.5149735611040326
0,0.5932975055803985
0,0.4275318107048792
0,0.32161477910537684
0,0.6105549069406171
0,0.43082050945497147
0,0.3885289030426932
0,0.3648173655893777
0,0.5456131359545663
0,0.5662185440643592
0,0.3425744703135288
0,0.2649545494976508
0,0.4691845101123751
0,0.4388932097766593
0,0.2963021652723229
0,0.24961059937141766
0,0.5256906937104295
0,0.31851239417034205
0,0.5629613344695809
0,0.4496919534809092
0,0.4083235402237748
0,0.47490059408386776
0,0.5715180365266361
0,0.4588960035296008
0,0.407476672723309
0,0.6856872681659216
0,0.7414380384952788
0,0.4612271078704453
0,0.4200639184297325
0,0.498991705341041
0,0.6217946918456263
0,0.41876188159587374
0,0.4662236938942192
0,0.6132248569403451
0,0.5932805395655317
0,0.3765074666178019
0,0.41154104736485786
0,0.46445982139693415
0,0.47003014700200574
0,0.7181106144701014
0,0.5049036888180057
0,0.3484392763167849
0,0.6142665822178599
0,0.5719833136553969
0,0.4723944369316352
0,0.40640480878679125
0,0.29734446614528853
0,0.3379030765228361
0,0.4417751558979853
0,0.5671470609555408
0,0.3525246342447525
0,0.3690168095600508
0,0.4604818658747123
0,0.4262871521423449
0,0.5292880380467928
0,0.5090042172422173
0,0.6155898008166517
0,0.41400998582712323
0,0.41777912680120344
0,0.44900756467448494
0,0.39598980204804457
0,0.5665821775079688
0,0.40071123126318126
0,0.6482603305538133
0,0.40203500865997577
0,0.6278189016053436
0,0.48164595982925684
0,0.4757906851268545
0,0.49919388392949166
0,0.4816320352106835
0,0.42860571711962003
0,0.43055628223846726
0,0.5507921463191217
0,0.2578030464975287
0,0.366103687868334
0,0.3215006259532217
0,0.3497206056024449
0,0.5019987901551753
0,0.41473590723245357
0,0.6149518748766396
0,0.3994527756437883
0,0.40665382431034364
0,0.49062486753521484
0,0.3816927586344384
0,0.440863474872301
0,0.5135705507342996
0,0.6237127892847941
0,0.3988784893201009
0,0.6103266515644252
0,0.41890428191380047
0,0.44189800194344875
0,0.4089119208458488
0,0.2962435684238382
0,0.556345027127393
0,0.4687416075847816
0,0.25726070672545515
0,0.5322200645211319
0,0.4340126721869548
0,0.486082299322512
0,0.3763159235132537
0,0.47463235561702194
0,0.5359285563294309
0,0.4749468504991193
0,0.29699785169561205
0,0.33182440568100996
0,0.572522427229293
0,0.5173614863265906
0,0.4775013846790301
0,0.4998149729485061
0,0.522852608741255
0,0.2688752798423312
0,0.49049794211508246
0,0.5419649117232651
0,0.32848831368132037
0,0.521583846226045
0,0.6552727094872854
0,0.306511899045591
0,0.45305498537525035
0,0.40241493512921933
0,0.5054869362780992
0,0.378564246478755
0,0.5708594029237953
0,0.6809169047708014
0,0.38688233183125587
0,0.4284401280661145
0,0.5942584590682516
0,0.46014508399408377
0,0.5807182656277255
0,0.6671205355932363
0,0.43910310415658116
0,0.4328691645650524
0,0.3232396357308758
0,0.48766307762735706
0,0.699550926877835
0,0.4068407725081815
0,0.5814982246041206
0,0.4278148496543457
0,0.5417550869106856
0,0.533294059325725
0,0.4315786385083685
0,0.2477722244288025
0,0.6011523940634783
0,0.35329700745362125
0,0.2977087177535979
0,0.3381696404283917
0,0.39505070017537575
0,0.5751209344827275
0,0.6475604905869387
0,0.5497513326717872
0,0.4000375338325012
0,0.5618817578152069
0,0.5444737291745908
0,0.3429192537829058
0,0.43397529128781187
0,0.6146415711800862
0,0.35151061874850903
0,0.6046525535560147
0,0.4986544478377618
0,0.3418023029331369
0,0.5427865961505949
0,0.4818566601198426
0,0.5156555256429892
0,0.4780810862392076
0,0.3677311647899774
0,0.32113866611150754
0,0.6803348981155906
0,0.47323491148067287
0,0.4070072978967713
0,0.44143909241148444
0,0.6366180944628079
0,0.4574648443039179
0,0.4804544002714415
0,0.47114562570379165
0,0.48006700208020003
0,0.5327147419690088
0,0.22670107399190148
0,0.5006642846890397
0,0.2522660282754568
0,0.5473149432590458
0,0.6205456979005374
0,0.5093634486106576
0,0.4468680726901294
0,0.471549929068239
0,0.4899738687618684
0,0.2626776865412004
0,0.3817016769463773
0,0.46916192567467885
0,0.4479967393918206
0,0.44524850274814676
0,0.4029771799610774
0,0.6375348725873748
0,0.28459982644285475
0,0.5268016615714982
0,0.40656983129526764
0,0.49915344289562585
0,0.6218963111289151
0,0.46054755003305936
0,0.5743717604670953
0,0.32359566193940553
0,0.323948698374789
0,0.42651624513412584
0,0.6165866716116123
0,0.5029369398378003
0,0.5993022333420914
0,0.6620966936873309
0,0.4186933458680424
0,0.5969680589749554
0,0.540477970376034
0,0.6554324485737464
0,0.2600263567407184
0,0.5076417526302719
0,0.3021772691827225
0,0.6362326706930165
0,0.28328583496327275
0,0.4291854351939352
0,0.4654839688648698
0,0.23761808440626214
0,0.5004911697899563
0,0.5315491670792102
0,0.562107242479178
0,0.30502657772009206
0,0.3444992530692962
0,0.5998229760354966
0,0.46544466363875103
0,0.49638027103205806
0,0.3369680664028655
0,0.5380717115720353
0,0.5164741580227669
0,0.543873145411115
0,0.4269989677448618
0,0.7186453010408966
0,0.4270979232581342
0,0.2813056320063835
0,0.40017929619974363
0,0.3849984847690112
0,0.4052995528096083
0,0.46718502877527446
0,0.4061751768134315
0,0.46516849638279995
0,0.5423385112245208
0,0.41630053931761923
0,0.39459858694367966
0,0.5482581324811785
0,0.343641431563409
0,0.5161781522880111
0,0.4195362640051895
0,0.4836399524124765
0,0.46543360272303963
0,0.6171870819122718
0,0.5463176215450968
0,0.2854494055478374
0,0.3719465986476543
0,0.34310754720355024
0,0.34906075057860975
0,0.4999564951740429
0,0.38908549230445544
0,0.2501862347639416
0,0.4419862369537084
0,0.285463510173057
0,0.7696134052980912
0,0.6195694243763062
0,0.6752206808150257
0,0.5596531078382871
0,0.35244630827214696
0,0.3743713418099336
0,0.5404421444493781
0,0.5718137650648589
0,0.45145816984134884
0,0.5416281402374785
0,0.20312353551430196
0,0.36890690784030694
0,0.3365037065621754
0,0.40373414173473615
0,0.4552287158228501
0,0.5405682694497526
0,0.5495615200660154
0,0.46016548171509064
0,0.3625603978979981
0,0.45826867956577094
0,0.29737593883084257
0,0.4113582372793897
0,0.5233084932927831
0,0.5048880352502592
0,0.43115246370485977
0,0.6990256925299005
0,0.5031613103254114
0,0.4936717682933634
0,0.360144769386565
0,0.5093784987380499
0,0.6161731377577837
0,0.5130641039579474
0,0.4326364427409715
0,0.3703969537209063
0,0.3638828554445711
0,0.6298336293459895
0,0.42427407009917634
0,0.3664088844958993
0,0.37908186671665844
0,0.41282867249404065
0,0.37242772816500724
0,0.6920249279296575
0,0.42860163097693676
0,0.5850101783160077
0,0.4537738538572107
0,0.5810191151649371
0,0.5249963620034391
0,0.4647101451095217
0,0.5527068301624656
0,0.47957558252351623
0,0.4511102417489213
0,0.553840498472858
0,0.49863444723228545
0,0.5130067421584675
0,0.6275155642225344
0,0.502496012961511
0,0.5155882382025687
0,0.5493067610612983
0,0.2830415199599433
0,0.14877348405284335
0,0.1982821374199028
0,0.4490896600336818
0,0.3386088619999909
0,0.6350747142608526
0,0.22628556451995677
0,0.5174860700709492
0,0.4404993518182791
0,0.4386676188087909
0,0.5935493255091452
0,0.40811523883033474
0,0.4015981117004653
0,0.5077703944133394
0,0.3636328950459788
0,0.3135053177154818
0,0.5901071219009737
0,0.3780654924266964
0,0.5755841730905732
0,0.5369049200693871
0,0.4610616526529543
0,0.6211489213435049
0,0.6672873544624929
0,0.27311449302630586
0,0.5811958360026184
0,0.5467014475584916
0,0.5261811576554033
0,0.49628591640776787
0,0.37573523737374476
0,0.6064796460103508
0,0.6032713305133296
0,0.46098988296881804
0,0.5131626426772193
0,0.6000547358707073
0,0.5305849488463356
0,0.6586858966406995
0,0.308539582077944
0,0.6357821068020764
0,0.37549868098221534
0,0.46035833837135076
0,0.4864094286618613
0,0.40915870515017055
0,0.3716342456135217
0,0.32382860017335247
0,0.47208617008652864
0,0.29637864721653284
0,0.46702177506209525
0,0.38030187596520093
0,0.5116908853852573
0,0.4405478257903941
0,0.5876372891687928
0,0.4195579736849046
0,0.46819433506172964
0,0.5078461584492944
0,0.48284829792949074
0,0.5608045060907347
0,0.5902698686258403
0,0.3750835155740604
0,0.44660777860946244
0,0.6457974021080021
0,0.577145547084153
0,0.5142850237538164
0,0.34930748505902787
0,0.37783131273139
0,0.3456857240062243
0,0.5281057173833863
0,0.5605206996712015
0,0.4824878657014409
0,0.678413005876109
0,0.3426288209908319
0,0.5060118338953963
0,0.32681910473620673
0,0.5494940924694817
0,0.37205942330824726
0,0.42888860693156367
0,0.26308153377541943
0,0.35705448073958745
0,0.49911989241790655
0,0.4801043790776528
0,0.581569454255495
0,0.5439681717494261
0,0.5057590591520593
0,0.411228662673648
0,0.3574257967466979
0,0.516433478596495
0,0.509120678487062
0,0.5001164692465894
0,0.388763353434698
0,0.5256137537215978
0,0.5282318015637596
0,0.5252147855964834
0,0.46381888339290833
0,0.4099703098786499
0,0.5576854252945161
0,0.7433820832115208
0,0.46901003856399975
0,0.4762860776852014
0,0.4538836055140002
0,0.6314464694926113
0,0.44245015527670073
0,0.5780906158198241
0,0.5224456388147027
0,0.4738931699160649
0,0.34062249068633715
0,0.3423125271200823
0,0.36470503987069564
0,0.20351687634613438
0,0.38579866435353594
0,0.543193011548294
0,0.5711585430571728
0,0.5171538470458596
0,0.5292035817410349
0,0.6866427930262873
0,0.5311939201574002
0,0.5005318398420883
0,0.4925355790867313
0,0.5239629300191099
0,0.38407919651600314
0,0.6471702935657294
0,0.3720460800619448
0,0.4623169781982135
0,0.48911122804824697
0,0.4957197410828258
0,0.4872431883341183
0,0.5197506228189739
0,0.43813013641608506
0,0.36442632635422884
0,0.5793344837388591
0,0.45126888481711314
0,0.1683290061832047
0,0.30338699708248196
0,0.5336781657381109
0,0.5575419620901536
0,0.48603562889777896
0,0.5122830007312671
0,0.45648501702999067
0,0.3267269054832466
0,0.7038805560393224
0,0.574418758142102
0,0.3974480609725662
0,0.4805878215679278
0,0.6444848297664448
0,0.46900084748216453
0,0.48527100914801596
0,0.6044056370242636
0,0.4507304261489603
0,0.5099119563004059
0,0.3987315802971174
0,0.4682683172925116
0,0.37813345649799046
0,0.5082181917993827
0,0.5829893525604151
0,0.4220185432566133
0,0.5740376470094364
0,0.586633087730145
0,0.5553188721802849
0,0.46965275889122404
0,0.40077439340896237
0,0.4054418324275121
0,0.409243321529569
0,0.41437356455914054
0,0.3582171663474366
0,0.4092762674480428
0,0.48046726354013075
0,0.6283883643511811
0,0.2651054721863509
0,0.41615762297932996
0,0.48031443984289124
0,0.3565498365421957
0,0.31450362624127465
0,0.5743338594186203
0,0.44590022875654367
0,0.48414851817334237
0,0.3197315194506123
0,0.35106499751490206
0,0.576883054177311
0,0.43164427888460255
0,0.556776844235719
0,0.6911367515267621
0,0.578543729256328
0,0.4508744802977447
0,0.27051920746262187
0,0.46020188238560616
0,0.5335231199928343
0,0.7834253170412944
0,0.49730309992495264
0,0.5146382823142999
0,0.3959221140302363
0,0.3638307862092348
0,0.41372828450232757
0,0.26782177952116637
0,0.6577482187268805
0,0.4602923200834481
0,0.7424059569190699
0,0.4162285062379307
0,0.5948223606830002
0,0.42235622294764547
0,0.6415785278020872
0,0.6302953205580145
0,0.6565336260409325
0,0.5107399592654459
0,0.4089895685442874
0,0.6083421807872498
0,0.3910549849554696
0,0.47988070828109725
0,0.4457381579238618
0,0.31114789899713835
0,0.3308716312243555
0,0.6010896527023387
0,0.40974745016060776
0,0.2854659116988571
0,0.39961860507260594
0,0.5521091931647333
0,0.45120506924581927
0,0.4784349809009322
0,0.3461303993033031
0,0.49703090933749455
0,0.5183629914668721
0,0.520379773689314
0,0.4803861332910179
0,0.7117398942122233
0,0.5277228948916796
0,0.4496418700506242
0,0.4253379067506415
0,0.45677761896600916
0,0.338585506374909
0,0.5124417365900211
0,0.5391596428650168
0,0.2727291297605111
0,0.441908385956681
0,0.38336358610297333
0,0.4194137832424321
0,0.429631913145837
0,0.43267302773688493
0,0.35926186405462757
0,0.605507716635825
0,0.5502801163457017
0,0.47620752293154367
0,0.2614687021608262
0,0.4380805904339604
0,0.34207346088182755
0,0.23543049256808143
0,0.3476542214931396
0,0.42145486734467136
0,0.42771267427673243
0,0.6614990614686388
0,0.522049030323961
0,0.5537726588848244
0,0.7453952219162802
0,0.5286672580515525
0,0.49607233473902773
0,0.5085423650421111
0,0.29588669806030043
0,0.32551743905506025
0,0.295557562306326
0,0.43604765738053536
0,0.23359939433358023
0,0.2845215689183939
0,0.38506039014367666
0,0.48682547542015187
0,0.4819745942050271
0,0.40363392738320275
0,0.5092267570365666
0,0.50012333509675
0,0.47011091605992616
0,0.3574073738522975
0,0.4984485292665224
0,0.4023041540227769
0,0.5429701303645447
0,0.37848715069191413
0,0.43064833710319905
0,0.4978745789399175
0,0.5553139216220976
0,0.5130932262679859
0,0.3396605768218902
0,0.4556241555547304
0,0.5678223186329179
0,0.447980370125882
0,0.585432701867574
0,0.605251408796229
0,0.38662663728047564
0,0.5164605289584899
0,0.4914964273584767
0,0.48150161239863354
0,0.6677063468457688
0,0.4028117296519743
0,0.4889573766835347
0,0.5629131306553115
0,0.2656985849065573
0,0.6526400321779792
0,0.25613554114534237
0,0.3984811097135803
0,0.4294035550110932
0,0.47311623675140774
0,0.3557652083212999
0,0.5321598796230264
0,0.43440425688841167
0,0.6769359362231373
0,0.5516619673825752
0,0.4772948984750613
0,0.43144917158175317
0,0.4075834465386031
0,0.2909793643153123
0,0.45431770751917466
0,0.48759137498050087
0,0.5858820997712894
0,0.4366494074356481
0,0.4852520328460197
0,0.4090223663621479
0,0.4916031334515919
0,0.5553954000576801
0,0.3593581157004779
0,0.5746249535584484
0,0.4771565652533614
0,0.2605045222879608
0,0.44178728869826206
0,0.5512640714346891
0,0.37461426789826785
0,0.42659055821277003
0,0.3826630588743486
0,0.3904242890343069
0,0.6341662705267924
0,0.5518007641750747
0,0.4198912160267987
0,0.47247109397231424
0,0.1931898700820926
0,0.38421408614102365
0,0.44493965968338695
0,0.4829257278666003
0,0.5432903358596227
0,0.36246354098364303
0,0.3859287283138446
0,0.5868585755725632
0,0.5116620462672529
0,0.6914214970859627
0,0.43462220716458627
0,0.30020166134464843
0,0.5672160076941013
0,0.6912298079682349
0,0.4529521194274806
0,0.4870630935269141
0,0.3373737770925621
0,0.762599372937042
0,0.41214625459453835
0,0.6938981838009987
0,0.5082389826292366
0,0.6064749218841836
0,0.6220940905280863
0,0.4881875075233907
0,0.5763585671342897
0,0.4584144108870676
0,0.5191054620916026
0,0.5647841230326224
0,0.3811240624559827
0,0.4482708413253675
0,0.6135331846933725
0,0.34543819685975996
0,0.38562947622677973
0,0.4650212350302775
0,0.5595959506457714
0,0.47858506639518456
0,0.38591385470409356
0,0.4239035547723721
0,0.6491553669143
0,0.3245477862468862
0,0.6244253127859389
0,0.4641963196788138
0,0.4694705031451264
0,0.35869059047330304
0,0.4926925468153391
0,0.43711779616105506
0,0.3124868233696085
0,0.43031203751194336
0,0.30874367914244044
0,0.27630038624183784
0,0.3149792613121787
0,0.4424045494615126
0,0.4937792652751901
0,0.4479612003982227
0,0.4555621271143957
0,0.4386234196455845
0,0.504112970244053
0,0.4834823280148657
0,0.5962803149351894
0,0.6475502729249246
0,0.4862031906819188
0,0.36540251868327706
0,0.5030320097329833
0,0.6752407137902029
0,0.5044605031991426
0,0.5015521259277448
0,0.646998306431513
0,0.46211505925424373
0,0.4998703112951757
0,0.43907938759661685
0,0.3715221610002855
0,0.3408684770894499
0,0.3975429454754862
0,0.5876799857453703
0,0.4025452029251454
0,0.5573323831430952
0,0.49934532662274683
0,0.42442423897738246
0,0.6659228970337141
0,0.44281504849218367
0,0.46894231766846517
0,0.5071235244426909
0,0.47494365139468603
0,0.41647244453819277
0,0.6872892805338655
0,0.44220662942040767
0,0.34304943116269393
0,0.6029509372730483
0,0.27565302517694673
0,0.6670159936997776
0,0.5055187886903852
0,0.5983047307789634
0,0.3363398553610267
0,0.40499055207693363
0,0.45755873146464915
0,0.42345648473930964
0,0.24957843359975213
0,0.43611191113035314
0,0.4752688686423558
0,0.33203845885467576
0,0.43318636048828285
0,0.543811703972286
0,0.48358686580372484
0,0.5361035162549074
0,0.41271343707939545
0,0.5296858062712597
0,0.4175929732098475
0,0.6304504332558004
0,0.5847720732750625
0,0.3657098451923393
0,0.46591771085010486
0,0.6462504773916131
0,0.33987732192012493
0,0.4700013505524795
0,0.7279186615655957
0,0.36718382770841396
0,0.5379495800837742
0,0.5780438094462644
0,0.45968371954916487
0,0.4432271096551506
0,0.3444127200672038
0,0.3048352012328679
0,0.5510250844555694
0,0.49988262431157615
0,0.4824481404193393
0,0.3431489407367637
0,0.7260236452594676
0,0.37724327775577415
0,0.34057116408711036
0,0.3806017548587459
0,0.45250365629623307
0,0.6831300365896671
0,0.6316558751159308
0,0.48251933225703747
0,0.2654541869264988
0,0.3608473007484929
0,0.39572458747061207
0,0.7022906123852114
0,0.3931133802510078
0,0.5618242167264257
0,0.43071455291487637
0,0.46717444435183886
0,0.41266364057279864
0,0.7320594509570879
0,0.5816291569824025
0,0.39781244065395005
0,0.4050640850982642
0,0.4457172721489245
0,0.41837047579954667
0,0.4436114710562234
0,0.42129143241085937
0,0.5747932963874621
0,0.5899888847419783
0,0.4073563792247525
0,0.5248666637917259
0,0.4029516769417145
0,0.3759340565915409
0,0.2981837899718268
0,0.6043675223428798
0,0.3350593944486696
0,0.4676156393620274
0,0.7113940321647351
0,0.5535975211670408
0,0.4547372207597596
0,0.5540104754597673
0,0.4368843658193344
0,0.41692439779444823
0,0.616313616415578
0,0.36070001288472187
0,0.40207985020788223
0,0.4350554123098153
0,0.46528649991122206
0,0.4931212897707549
0,0.316312582114354
0,0.3607676908233768
0,0.5862582891968088
0,0.3898011531991351
0,0.2999548339211486
0,0.49821196389346634
0,0.5390432472917712
0,0.47883025441298144
0,0.3925803876874085
0,0.5226811715038951
0,0.5719767167895405
0,0.47893684758215505
0,0.40004164388930863
0,0.43835736211238
0,0.372660013402231
0,0.40236770656569204
0,0.6349671306096575
0,0.443990809459984
0,0.6682320795874518
0,0.4174361278221777
0,0.5633204957847093
0,0.5797840791721054
0,0.46546474430936935
0,0.3995835896728527
0,0.5613535900025086
0,0.264980708127721
0,0.717942324150666
0,0.5124778382278207
0,0.46941968707388165
0,0.33235289737927426
0,0.23389155665693667
0,0.4075724587891234
0,0.5770503405190702
0,0.6067954146179538
0,0.6457918040690923
0,0.216877890370062
0,0.28115058849765395
0,0.31894756919038253
0,0.549388645041777
0,0.6205985676078355
0,0.4641706815775912
0,0.46430461358854047
0,0.4564415271694821
0,0.5728017616421739
0,0.6207584053197688
0,0.3475972382292495
0,0.40102306920628433
0,0.42959763380436
0,0.31300249713048445
0,0.3309370897861768
0,0.4877462518449608
0,0.5747532043973415
0,0.5619127464482453
0,0.5520552643248511
0,0.4088127775484035
0,0.4399604515177853
0,0.4289330364897075
0,0.40014982723382453
0,0.49469629525046743
0,0.3842260846938451
0,0.4954060753680665
0,0.6165895689844489
0,0.31701836429602454
0,0.6462985561987495
0,0.418120972795297
0,0.4111246054699986
0,0.41959742977618963
0,0.5171253425016745
0,0.547368623625552
0,0.34857645389009784
0,0.42895154544687286
0,0.6580736273964036
0,0.3928189769084749
0,0.5863372867409502
0,0.21387971033809908
0,0.5165602183618375
0,0.48782170384167306
0,0.7127098574585494
0,0.5115233185285742
0,0.40850019215360456
0,0.4714966294498818
0,0.6141233961679683
0,0.41542998663656777
0,0.22273474476986746
0,0.21255694707451323
0,0.5086995946515618
0,0.5226585849229012
0,0.3853114596567869
0,0.4673841907521038
0,0.464174806789538
0,0.4435949730452607
0,0.6614152575043191
0,0.5543661165547463
0,0.46239433728716994
0,0.3850651044190732
0,0.4663424520936707
0,0.639260071115858
0,0.5721786650315429
0,0.48260350290882736
0,0.44407984503367814
0,0.4217579703858042
0,0.6049368038227875
0,0.44752025948003854
0,0.40054533827231276
0,0.6134933379429585
0,0.5933172165243019
0,0.7345152127513123
0,0.6787585150553663
0,0.3541561494962945
0,0.37673177311909195
0,0.6203891476668768
0,0.40665766474372733
0,0.4707693746315393
0,0.4143279639163561
0,0.4684528026129223
0,0.34073073506602325
0,0.4095821311334596
0,0.6296765828905021
0,0.6008251839634895
0,0.44185326819421533
0,0.5284213847527498
0,0.3570728108007162
0,0.5229922661693709
0,0.6465789634623417
0,0.5874989567515203
0,0.31763622649518186
0,0.48234284871045713
0,0.5534456251823988
0,0.37612214179905734
0,0.5928369380271145
0,0.4550700407293288
0,0.47619476604759015
0,0.4644595266520185
0,0.3932791914144005
0,0.3878965272682628
0,0.540913122889022
0,0.6063625158557533
0,0.3747401632791825
0,0.4232270031218578
0,0.5054806671001054
0,0.48843567409330846
0,0.4835511577009398
0,0.595238661621959
0,0.5529228779436081
0,0.4052413064432603
0,0.5508193704369688
0,0.2972720083350325
0,0.5248067366561765
0,0.4194153072095061
0,0.4118388562003454
0,0.7436398743958921
0,0.4646621346369321
0,0.2790557018602103
0,0.29079539704868174
0,0.48550929529113773
0,0.4878475924423008
0,0.5602895813797745
0,0.49664725775671664
0,0.5067443088044185
0,0.32571791731637384
0,0.6614861352678625
0,0.3188080379889185
0,0.3261728414565171
0,0.5079779770829072
0,0.5257533581696743
0,0.29891498982456494
0,0.4053294648118047
0,0.3759340774896066
0,0.6412336824887133
0,0.3253772561441859
0,0.5851581853338115
0,0.3516113406836142
0,0.435797103452109
0,0.2290519075400444
0,0.5562757907693849
0,0.603730589961911
0,0.5943073669531913
0,0.5739250628098665
0,0.5656568232918854
0,0.4523802576273369
0,0.4219339676054824
0,0.4814252289762631
0,0.28232516941774644
0,0.3625312959797157
0,0.5355036313448792
0,0.5014637800931429
0,0.4980727688591376
0,0.5325186365667576
0,0.44183870459886493
0,0.7360948462403765
0,0.3449318738832367
0,0.6272649153069393
0,0.37505474179508874
0,0.541040591352855
0,0.35914164203773796
0,0.40311891067269423
0,0.45770800814871454
0,0.48382947849905866
0,0.43523901935114845
0,0.5645178401138363
0,0.5316973032576583
0,0.5302192910511454
0,0.47528137142129845
0,0.4893749400246952
0,0.6542973916031988
0,0.4251186021558462
0,0.5123887801968187
0,0.5487513300272218
0,0.31685189891556576
0,0.38162445539837525
0,0.46930364915360706
0,0.47814099539643046
0,0.25188110945368414
0,0.33715744104906237
0,0.45744410607326713
0,0.5458381031011488
0,0.537812390297759
0,0.5195396247495522
0,0.40567140784788236
0,0.44336153410721363
0,0.4783451400104622
0,0.2712981409631427
0,0.5076910823591074
0,0.49190285607540907
0,0.5619584588906992
0,0.5562994640469058
0,0.3754434652475691
0,0.4489201203152084
0,0.5391200841515253
0,0.3351850664450242
0,0.37400728806729855
0,0.6540477961550772
0,0.5719038411693217
0,0.6565421365203874
0,0.5172393119802133
0,0.41003886612889784
0,0.4556848268934476
0,0.3808057977581996
0,0.5589924313742316
0,0.5043167440103125
0,0.3614036483376574
0,0.38288991232898417
0,0.6295553859760961
0,0.3469279597797905
0,0.4133765611318503
0,0.3992868171898166
0,0.32160546724746764
0,0.2791700769927996
0,0.5552280194214583
0,0.40003514330341056
0,0.6450213830145403
0,0.5138365352575653
0,0.3324909033610232
0,0.5481633511465442
0,0.243297094671611
0,0.5358674198392159
0,0.3516419029246932
0,0.36517799013947644
0,0.5145492626666344
0,0.4212655517619314
0,0.4731893683138606
0,0.41959123326924924
0,0.4616448427400523
0,0.4381545308456764
0,0.5302948281101704
0,0.42905901988306444
0,0.5290929526647888
0,0.4367699205290163
0,0.36514994044965293
0,0.33195242842977296
0,0.5225635166390187
0,0.4017463344211606
0,0.45142125166304997
0,0.36073073376952597
0,0.479160057107067
0,0.38543514248471195
0,0.4089330037113711
0,0.4396466088972136
0,0.2798279106168129
0,0.5170470227444518
0,0.6528603706898293
0,0.39612550625297815
0,0.45162309058766065
0,0.5031206398943573
0,0.4384298493188992
0,0.4102562157113201
0,0.45769714463315464
0,0.40558104655041394
0,0.6745733366576426
0,0.5329783558632044
0,0.4010060665730059
0,0.5451989851566237
0,0.4658698927960451
0,0.4291505694408476
0,0.5784365557310014
0,0.502318364349208
0,0.4254900544726956
0,0.44793600909768067
0,0.4017090543763736
0,0.6180424680173645
0,0.5316951940022068
0,0.41283869456638683
0,0.606832183581621
0,0.5320175828562527
0,0.6138656130513469
0,0.4320918408531286
0,0.6705464282367668
0,0.5440730670607674
0,0.4542530771624687
0,0.6558251807506784
0,0.5283178837543363
0,0.5317570838239757
0,0.6627930788426457
0,0.47042896283555813
0,0.3771983980439072
0,0.4096505992092336
0,0.6198657507662558
0,0.537568736830746
0,0.5038294389866073
0,0.5396823081618582
0,0.4475149978104823
0,0.480526613835308
0,0.5464884720201868
0,0.41350195273188495
0,0.5245798530511889
0,0.6269864048598275
0,0.5111888185258417
0,0.34477046642182224
0,0.472302014105789
0,0.47706477715357987
0,0.6053829153385051
0,0.5110694749243372
0,0.5794385861786991
0,0.3501486641741996
0,0.4424392586281365
0,0.4693705412927697
0,0.3331025758197561
0,0.4500365894509523
0,0.44757068896641405
0,0.41608222352781427
0,0.3554498018363712
0,0.6936504971790511
0,0.32339560080997076
0,0.41580648896308564
0,0.27802462107854176
0,0.432757222634555
0,0.40387547212354236
0,0.3547362448117944
0,0.5250887420234603
0,0.28436409919311456
0,0.45802577460537625
0,0.5913098066966603
0,0.4449830701921078
0,0.4573074286892615
0,0.7714702080529786
0,0.5266464235133751
0,0.49802076625091796
0,0.387335719904438
0,0.4522246643153458
0,0.41584653132460647
0,0.3621293422111173
0,0.539546629616511
0,0.4345414406180139
0,0.3335918700605858
0,0.28517783999523255
0,0.39516983090007957
0,0.40927113977163193
0,0.45365474907251624
0,0.3385914331625536
0,0.5459853896699296
0,0.534037977819737
0,0.35524631407701396
0,0.47345573113281747
0,0.48824728702097187
0,0.3577513831606026
0,0.35429600394278254
0,0.465526373841358
0,0.27179796983883325
0,0.4395773947859105
0,0.7241392320143384
0,0.6056381289396469
0,0.49064969496542504
0,0.27665209905167615
0,0.4772001201591327
0,0.419591349424975
0,0.6431966162775724
0,0.3175315059689373
0,0.6498214220446888
0,0.6532884623066861
0,0.23944638170104318
0,0.4983369025815878
0,0.3818918169534359
0,0.35330860157715227
0,0.4044168605301331
0,0.5130592926005436
0,0.4632686702523713
0,0.39936400910883424
0,0.3185985213403898
0,0.5159747227148046
0,0.37821408191500183
0,0.5433906229658018
0,0.5534945979752801
0,0.6403926174018978
0,0.5404927218546293
0,0.3580714211980775
0,0.3632887712056426
0,0.4556969319058468
0,0.47600062555775263
0,0.4511003156538075
0,0.6062234159276078
0,0.6499373985751288
0,0.37319704301957557
0,0.381037522198154
0,0.37684722647903046
0,0.43644387602413015
0,0.34460236619595414
0,0.4009339973366978
0,0.26231153875840585
0,0.4727380230907605
0,0.7249908375010911
0,0.4922949704682113
0,0.49296707752399643
0,0.22822907623597305
0,0.508974796519676
0,0.5216445230607859
0,0.5886464156843441
0,0.3008249817359777
0,0.626065393159564
0,0.5407754958377237
0,0.4890053190125468
0,0.5236456149265887
0,0.42544070904946546
0,0.5474135417933371
0,0.41711108833651056
0,0.3572916517648587
0,0.2791528798787453
0,0.514677212496988
0,0.39885830993514704
0,0.39071117074959066
0,0.4139777243370586
0,0.4928259667994735
0,0.2058314747725019
0,0.32730287604624475
0,0.47447331613043564
0,0.5618902904146494
0,0.6201929130226769
0,0.5264653482618594
0,0.4601905872774561
0,0.6485474072503943
0,0.5503544258600082
0,0.6818775645905393
0,0.31202611175072387
0,0.6292408070340711
0,0.4500109389973766
0,0.48298722217638684
0,0.2863587119183714
0,0.30835923535649284
0,0.646234291822524
0,0.6206307760302743
0,0.6303160672171262
0,0.5958743795216732
0,0.27465796133637765
0,0.5815136943439877
0,0.5212221357466237
0,0.39517413046728767
0,0.38335878183272004
0,0.4247631218992657
0,0.49075820580042556
0,0.34083126452265367
0,0.48982747959140616
0,0.7787579157278579
0,0.5588924500370546
0,0.591786278434112
0,0.5135493072018836
0,0.5320126697995546
0,0.4659825962552606
0,0.48087838152736473
0,0.473593137655761
0,0.4920113637705446
0,0.6167659284553528
0,0.28326233674721135
0,0.3786660788420354
0,0.6407119246720692
0,0.43881765822810576
0,0.6267996687457262
0,0.26812045759622893
0,0.5477652612761023
0,0.6352547567344848
0,0.4627716469374745
0,0.5460808172756151
0,0.3709135301394073
0,0.4968930804360455
0,0.23842882878696442
0,0.45834757862601416
0,0.38366248955926385
0,0.464801208300057
0,0.5131038340682171
0,0.33349486569946335
0,0.5450070934602969
0,0.4647045268961194
0,0.413048411380022
0,0.5625835177181309
0,0.6726254690988579
0,0.4492752956103264
0,0.5967106690258178
0,0.29395538666944043
0,0.5525923288940451
0,0.5132868752090638
0,0.34252580501984387
0,0.4147131798112532
0,0.2838860096674319
0,0.3145556525307312
0,0.5150308416457803
0,0.5902213251122146
0,0.6771170276345179
0,0.5096178789833551
0,0.36191978198651265
0,0.32662662412433385
0,0.5450719658832464
0,0.3799811472358504
0,0.5954851596744873
0,0.5011277473658037
0,0.39517505009323395
0,0.6287503218965662
0,0.49374735584156454
0,0.44204641844610804
0,0.5130198082822354
0,0.6441952479729951
0,0.3922968263334589
0,0.5809524246981816
0,0.5085901757267183
0,0.5345930444252907
0,0.368586469279236
0,0.38080392272380115
0,0.36071113114148884
0,0.6335472439087244
0,0.6340831896131601
0,0.4720101306083219
0,0.2869959546404532
0,0.5060158374605606
0,0.4489246532537235
0,0.29283809352364687
0,0.5948205590971848
0,0.5636405319764775
0,0.5669069189036876
0,0.4578670168034031
0,0.4620341849118309
0,0.5346669158328953
0,0.49077540323282526
0,0.4680913822762005
0,0.5039233226876638
0,0.596560771249198
0,0.6282944634986202
0,0.5607324965477365
0,0.49470266464499046
0,0.3363364097254938
0,0.49249873349607853
0,0.49743712455876077
0,0.6419965652406253
0,0.4014238278009407
0,0.6234122132955497
0,0.40588835316595157
0,0.6737176994968753
0,0.5964099435281689
0,0.4945787071254521
0,0.3486191068745711
0,0.467816701534987
0,0.6662694745535312
0,0.38818996682091556
0,0.5428820080410087
0,0.5732611947686823
0,0.5396901213570842
0,0.48410427312600224
0,0.43095347938512424
0,0.4906383392930583
0,0.3719163604815132
0,0.4214509902024778
0,0.44281096450354024
0,0.332617148972618
0,0.3402385125343403
0,0.5766213752072223
0,0.4589463318058579
0,0.7637366575977397
0,0.5761909522573562
0,0.48727743375113136
0,0.37794592577308755
0,0.4710078536901005
0,0.5073172290533501
0,0.5030264198778559
0,0.6268113101168191
0,0.47854370560494885
0,0.45847653118049847
0,0.4472694713771908
0,0.5016468282236957
0,0.5288754413788443
0,0.6206456883696885
0,0.40691196273222874
0,0.5475856581338001
0,0.2986243253686539
0,0.46984435197170477
0,0.49249685661039355
0,0.35870358414618975
0,0.32393031473455236
0,0.3806190480300598
0,0.4996471353055183
0,0.6264215482633235
0,0.7203557412594961
0,0.42278188777255404
0,0.658446822229045
0,0.3387410785744573
0,0.42152025606538107
0,0.3287032549558098
0,0.4477944057499248
0,0.4878848176297845
0,0.5206346717732216
0,0.5648563288888175
0,0.5721997127393619
0,0.7193772306162209
0,0.5011364737451982
0,0.4525559841067085
0,0.294058552084237
0,0.6931890280212617
0,0.6418558810543087
0,0.4048193330210775
0,0.49698853426661205
0,0.29446830086445563
0,0.4086561815757315
0,0.6570059120992774
0,0.45856106379143136
0,0.3888234694663975
0,0.40520419387910644
0,0.5798621721111221
0,0.4391826234131485
0,0.4555073646150823
0,0.3859697508115616
0,0.5712499858606852
0,0.4592045924609622
0,0.412782218950119
0,0.48608379468883023
0,0.44454414507250595
0,0.5216503809173152
0,0.5294371394510433
0,0.36621925375575687
0,0.3587617925973568
0,0.24407517975287848
0,0.426272012367809
0,0.5529549999981234
0,0.5109230504275076
0,0.45956753111096615
0,0.6083644908135772
0,0.4875630594961347
0,0.5583979068631344
0,0.2971453801350483
0,0.352580083051909
0,0.3870755039407513
0,0.6060721105335165
0,0.5851936716222472
0,0.416565472038556
0,0.3837988879912916
0,0.3374035757145666
0,0.5425876571481112
0,0.4339200255699727
0,0.147392712152942
0,0.5694979595298715
0,0.4290053561531272
0,0.34268418655254407
0,0.3889937642540649
0,0.42976929964940835
0,0.42154264877544556
0,0.34255051162145495
0,0.2941119941122774
0,0.7341100103374879
0,0.4538167060700964
0,0.6550982618719228
0,0.5571239323590543
0,0.4573492671647358
0,0.5047036452471394
0,0.5500200536069406
0,0.2871640928138255
0,0.30863447618270085
0,0.6275816782667214
0,0.5121456385189754
0,0.5646212779203728
0,0.5884361116082687
0,0.4490536998481714
0,0.4207956822133221
0,0.5641022780442012
0,0.38993091150583187
0,0.4910243530062758
0,0.5807856363521027
0,0.6361335010744538
0,0.49793958501821517
0,0.51916334036108
0,0.3735218815567281
0,0.585044394806071
0,0.2739347708474741
0,0.52047150099308
0,0.45103075609980864
0,0.5993280846341262
0,0.5643031563957154
0,0.49033238798180473
0,0.4580862954418749
0,0.3962509212040276
0,0.6309004655302688
0,0.5910021444882052
0,0.494409216644316
0,0.5522217713099016
0,0.4170189799767354
0,0.46428295437615824
0,0.24517359335505773
0,0.5466402804842043
0,0.6601434103737633
0,0.505072495610176
0,0.2697076571284641
0,0.3609960209195364
0,0.269630533624368
0,0.4681447837190676
0,0.437351719994947
0,0.3326048330001196
0,0.5624661663667813
0,0.4774890618133973
0,0.36532802487711935
0,0.46587305894828474
0,0.5839666403221502
0,0.5595452374739551
0,0.6208776446818817
0,0.543996487140952
0,0.5564934667945982
0,0.4232090242234721
0,0.5096969779870774
0,0.4113231694501809
0,0.5894966857566538
0,0.3540601168876226
0,0.596557171603813
0,0.544879542884926
0,0.6408412877433605
0,0.423524686988711
0,0.5947986290184413
0,0.7150503345858145
0,0.43240313581223666
0,0.3958458235279807
0,0.28683173142054424
0,0.40929666613380483
0,0.2854092278998338
0,0.30774966793010494
0,0.47484613060950553
0,0.7736732528095036
0,0.4126470536004688
0,0.21587685252731262
0,0.5375221918544014
0,0.5453205174223494
0,0.5056952764007808
0,0.37288542853691176
0,0.45914770480059885
0,0.621283140631362
0,0.5935937278811921
0,0.3574676897415555
0,0.5147062398729338
0,0.733846167163357
0,0.5548250378568701
0,0.4413758683015208
0,0.2167541962409789
0,0.6225765588724897
0,0.5797238647962264
0,0.4543015287250394
0,0.48338196465472505
0,0.48749912289873376
0,0.6097822441324877
0,0.34459704522970613
0,0.2320928072951425
0,0.3697173690131299
0,0.5056160297907651
0,0.5397737208429512
0,0.5415197718728164
0,0.35351452168694697
0,0.46076473838918885
0,0.2501940426508823
0,0.5462503827915635
0,0.342555052915441
0,0.6508711410538506
0,0.4081144056764188
0,0.3894885485177136
0,0.22246112505575452
0,0.6945445242588213
0,0.4150432172069836
0,0.3383517465259798
0,0.6117487091052748
0,0.7557921702451662
0,0.366049982929395
0,0.5432043304507856
0,0.44014401675448883
0,0.38616210568908915
0,0.5424464642449316
0,0.6496820849314134
0,0.5591719697768568
0,0.5466406750173609
0,0.5810274585437472
0,0.5985932852894327
0,0.36076237780285614
0,0.2579770453276498
0,0.3126704913468868
0,0.47242769878493707
0,0.6905079248053994
0,0.41406658985724676
0,0.3244034777344874
0,0.562033368908087
0,0.4775758940358854
0,0.5593332481468998
0,0.5243594427543486
0,0.4252092236668398
0,0.5241150817955009
0,0.39357328314111206
0,0.5476600898031042
0,0.4180582158440259
0,0.3899134858419989
0,0.7143853052126987
0,0.33680817636632054
0,0.4031579971169718
0,0.49382019973615265
0,0.5198624196787206
0,0.6125531032134653
0,0.6645049631225082
0,0.275037264156188
0,0.6196963128681636
0,0.4757383460783075
0,0.6080290831416444
0,0.5174756145141785
0,0.5350594290873489
0,0.5570569250335675
0,0.3764029370733604
0,0.4218369877151861
0,0.4549357784891667
0,0.33752780400673366
0,0.7202788426781911
0,0.4695044063213928
0,0.6310937194696813
0,0.3246061493730885
0,0.6384353127655005
0,0.40441750636628926
0,0.5654101736174809
0,0.4742948579934968
0,0.3563324550136612
0,0.45320123477832663
0,0.4683467622915741
0,0.5938104408875448
0,0.4798675278611069
0,0.24565541880954914
0,0.32007442516806567
0,0.6490781198526038
0,0.48407887148028195
0,0.47949224406064384
0,0.5048082934362563
0,0.4988254511831123
0,0.5696018898092841
0,0.5559739332435719
0,0.5437812943803109
0,0.5934194657850123
0,0.6405883451326676
0,0.552764150568463
0,0.46489090422747403
0,0.6232506077715493
0,0.4387005306731246
0,0.5771183371399911
0,0.3158910126946509
0,0.4565721072275143
0,0.3599839774591821
0,0.33324649511351473
0,0.7182159567388842
0,0.5770755887433798
0,0.5643319451142992
0,0.5761330241804464
0,0.5794692091570597
0,0.423004025832586
0,0.4051930512152534
0,0.5313282608002233
0,0.46276202344608786
0,0.6885744016071534
0,0.6160126487785516
0,0.6159102474074667
0,0.3628825246189681
0,0.4668486880911141
0,0.491286969800012
0,0.30987057821063085
0,0.4991296334747695
0,0.29891700073626903
0,0.5803217115436611
0,0.3530278420821241
0,0.47014721422469435
0,0.43994653184219545
0,0.44200215225808537
0,0.42417263444895825
0,0.41660663779162344
0,0.34759819175930007
0,0.652385685794987
0,0.4177926309775959
0,0.40177019537315367
0,0.4493648558197174
0,0.4949889117591385
0,0.4524812051809313
0,0.4173121686384091
0,0.405672204081566
0,0.6398105817422886
0,0.5533373807689984
0,0.4864674040576621
0,0.3574937611713863
0,0.5643754973902323
0,0.357326184651235
0,0.6928790347915598
0,0.6442250065456924
0,0.47110961240694005
0,0.3117614595863919
0,0.4844195227987969
0,0.6775924175841143
0,0.3535616599617981
0,0.3877716836598001
0,0.4658554420756906
0,0.3810094068859318
0,0.2823990750713415
0,0.6538323432839019
0,0.4610406213006487
0,0.2992232262218558
0,0.4247281295218317
0,0.625486770397287
0,0.30783620843418247
0,0.35165209257601177
0,0.2997144972077699
0,0.5308068373751238
0,0.46121270390092167
0,0.4352360642131558
0,0.36667141574792966
0,0.6473473929200213
0,0.6787691881534613
0,0.4082223713931376
0,0.36697764236163904
0,0.3845949797175258
0,0.5972694128014834
0,0.6088110677437627
0,0.421388858573562
0,0.5547972628716974
0,0.4006233434691559
0,0.651346778801005
0,0.31752600358220184
0,0.371657316337051
0,0.4359448551944388
0,0.4727498215697398
0,0.46949433388177136
0,0.3161200464801164
0,0.44897826718514516
0,0.4435245408351529
0,0.583498905552253
0,0.41130163310427403
0,0.35759953874588357
0,0.3221945436747139
0,0.5970863981499849
0,0.4846090342872339
0,0.39040291352436446
0,0.34661556054037423
0,0.4227046968732928
0,0.5150175813318609
0,0.5385706453354665
0,0.48862660981797773
0,0.4344310808093966
0,0.3422281672893851
0,0.5788288857673273
0,0.4214748452877602
0,0.3970748476897047
0,0.32054551528141495
0,0.6949194337416004
0,0.4060340550327109
0,0.4043491074086464
0,0.5193819490853122
0,0.6618166786492641
0,0.40876338884382524
0,0.513542745312876
0,0.554229839425107
0,0.34292427797028807
0,0.30448786669753175
0,0.31306457468890925
0,0.4459123106075388
0,0.5304307937946403
0,0.5927013831671621
0,0.44882760128138915
0,0.46741852787705646
0,0.4046554385307462
0,0.3845084373170169
0,0.3025995855013269
0,0.4449694085229604
0,0.3415002388062455
0,0.6528414588139515
0,0.534978104723703
0,0.6046712335402326
0,0.371787999772762
0,0.3277831029716422
0,0.4386300037164005
0,0.524390697132495
0,0.5938329780309813
0,0.3899011951914938
0,0.5649122602859771
0,0.5402728184764755
0,0.3928660115121492
0,0.3904144347278328
0,0.4082212838587969
0,0.37647660478406075
0,0.5650509754155292
0,0.3395086611608694
0,0.44351457746879713
0,0.3125786277001877
0,0.27574926266020117
0,0.5812504511635828
0,0.5913848081654328
0,0.422988664023855
0,0.3476002064863199
0,0.6815943169749719
0,0.4735808508029144
0,0.49683513507672394
0,0.28008191809391647
0,0.4629975778170103
0,0.310080413158265
0,0.4283866459272575
0,0.34489377859032516
0,0.39597153149038433
0,0.45783088463983085
0,0.6058948718249249
0,0.5083062633649034
0,0.5094196322837437
0,0.522533073503726
0,0.4204470604040918
0,0.28037259179947177
0,0.6115517013568309
0,0.5315814571307761
0,0.6100707534674509
0,0.45358834786250674
0,0.5248471814895777
0,0.45630374465034096
0,0.7163076744884933
0,0.624905530243332
0,0.6634353739899689
0,0.4941290890232716
0,0.33307197611237915
0,0.3758815039131114
0,0.5155081967046503
0,0.353229980883315
0,0.4409263765108857
0,0.40842331295602224
0,0.3740270266744125
0,0.4019349534671073
0,0.4898188261794276
0,0.28908061319294726
0,0.38808566002633255
0,0.4532001028737908
0,0.5121005626353801
0,0.2682938264853541
0,0.4424671687024184
0,0.49312287668586413
0,0.3694603809770216
0,0.44651708696612213
0,0.5743590815391839
0,0.44248651631124575
0,0.3515961097091031
0,0.40824775771212024
0,0.38165930211911736
0,0.3406348947869463
0,0.4245653878066092
0,0.4071612132629527
0,0.5743543008770932
0,0.5025356833152677
0,0.549039851615645
0,0.4747672227221544
0,0.5552403913256525
0,0.36155621954649586
0,0.3921068608248836
0,0.6360378187049162
0,0.3386837368484717
0,0.3777448322391112
0,0.5346389924259844
0,0.5364477056688249
0,0.5300729666061899
0,0.6109845494202736
0,0.45217937966918903
0,0.3641410028106793
0,0.3564325088910602
0,0.44634151485674467
0,0.27260001858551314
0,0.48278248162049897
0,0.5625945947970236
0,0.48339519937303554
0,0.5359040083872788
0,0.533533698118386
0,0.5226065269157816
0,0.6519117744134655
0,0.483827734202792
0,0.3364709738033827
0,0.3340098789179979
0,0.3224009959901009
0,0.7045396489137177
0,0.4641877090902427
0,0.5965558154111184
0,0.2685699773344976
0,0.4285974782324893
0,0.3356340558456639
0,0.43319116947719993
0,0.49630347575174066
0,0.43216925656533633
0,0.452416498029489
0,0.5406228037616506
0,0.4857310864398231
0,0.5245360149935895
0,0.3212958247021436
0,0.415627686034951
0,0.518534848758102
0,0.4710195079299564
0,0.4141825520578884
0,0.3443572958017192
0,0.48563373997258713
0,0.5181351014225611
0,0.6777584284745202
0,0.7323779971039548
0,0.39149708857787774
0,0.3591528979415967
0,0.47161283709747037
0,0.3340895439872403
0,0.45115936243843996
0,0.297996951195508
0,0.4439017080273087
0,0.4212295391409944
0,0.4472777652357222
0,0.6060078909664293
0,0.5566023370478738
0,0.467126668009228
0,0.604216927774208
0,0.33037595479102877
0,0.3430314605927123
0,0.4419944913564424
0,0.22480652358720982
0,0.43062142309128704
0,0.5329217707994095
0,0.554458854642805
0,0.3047274634831123
0,0.3394748697985003
0,0.6712172785800501
0,0.40869400255894145
0,0.37466015543579134
0,0.311248595345253
0,0.5146382835630602
0,0.20745748469402434
0,0.3666409595819512
0,0.5356656643384154
0,0.5548820670638065
0,0.4165636750024289
0,0.38060604089608735
0,0.6583398952702649
0,0.5854637070582387
0,0.31604268515266504
0,0.6247719305734731
0,0.5672887754831915
0,0.3161003563610708
0,0.42358130754950574
0,0.48201479417427295
0,0.5188149448058293
0,0.44979659203341604
0,0.5463544157590455
0,0.4189543698842764
0,0.5436645209066358
0,0.46376786864580144
0,0.43556056304222485
0,0.5189654804753947
0,0.6379875479002379
0,0.43632554458105
0,0.5289249352755755
0,0.4131251173125823
0,0.49709927018313516
0,0.5264125523865061
0,0.5525610108800586
0,0.5885820240728349
0,0.5262696466704925
0,0.5460308088961319
0,0.5134057008263674
0,0.643528123141267
0,0.5360374713797461
0,0.5983467358133217
0,0.6192698286392364
0,0.46504277602984234
0,0.6575687718622493
0,0.39086482944275314
0,0.45145519396746087
0,0.6503888134883141
0,0.7033832177711508
0,0.44063490697516694
0,0.5178318644678319
0,0.6991342286281828
0,0.5397371779583505
0,0.3681701121213614
0,0.573907378339177
0,0.4166931789869767
0,0.43855356691396874
0,0.447646844569562
0,0.6424361945983127
0,0.5180553666450572
0,0.4092966965159488
0,0.5180603555667143
0,0.3886388279573739
0,0.7967778866686255
0,0.5628098714625759
0,0.3883146523273515
0,0.48287049928334186
0,0.546404729491798
0,0.6630417542725451
0,0.4778781954434047
0,0.6005966800578995
0,0.3950576531038049
0,0.4835919953017096
0,0.40515169228932735
0,0.4804452651810342
0,0.2594630987048834
0,0.5560186594421858
0,0.3915394438167547
0,0.5594682432678675
0,0.4578786932199587
0,0.39715664231415876
0,0.4776364860600121
0,0.48183967501496716
0,0.501149265194444
0,0.2508338698982718
0,0.4162297789662818
0,0.37658388453058456
0,0.6537967598463098
0,0.6881754881818122
0,0.5127896918569669
0,0.6717676525013961
0,0.5044669446516328
0,0.49035395432660905
0,0.28026782645489473
0,0.4261273956245741
0,0.5104018075036293
0,0.41745407775942345
0,0.23843154713488418
0,0.44403959949040256
0,0.3049531382252038
0,0.526498009346765
0,0.4114872928312804
0,0.3260378883746342
0,0.4240392079886637
0,0.5952146739044553
0,0.49982198106029063
0,0.4757007457581096
0,0.43088613206956905
0,0.4043144300424776
0,0.621079300902459
0,0.27435660031453446
0,0.43610849302270877
0,0.4780906730058238
0,0.6601243616204893
0,0.6979384232670138
0,0.6111198260046428
0,0.7474125847441293
0,0.6768204760066537
0,0.4035383806205515
0,0.6753598760249506
0,0.5418316162241321
0,0.49583915628235004
0,0.5090678686951081
0,0.5221355849795609
0,0.257020019646897
0,0.37004273551954975
0,0.5817765273876269
0,0.5119620127183928
0,0.4124672396071037
0,0.37644821604260287
0,0.5466636334442119
0,0.47921783185997013
0,0.6803365587079216
0,0.42871411269828197
0,0.49008863181554246
0,0.4077414091527058
0,0.48597249833805983
0,0.43309954731402167
0,0.4988640138825286
0,0.4770667013217943
0,0.4295597181307746
0,0.5711738550220227
0,0.3150082311630639
0,0.22346372273023377
0,0.6876456460028284
0,0.5995156393505194
0,0.4918835635195255
0,0.4686605881248781
0,0.5135776790663267
0,0.3073307204281895
0,0.37434645912603887
0,0.5035656239518236
0,0.3105645306556357
0,0.5796842478684228
0,0.469543248712672
0,0.3427208997247466
0,0.5481447062104072
0,0.30291667476705
0,0.4367634280889595
0,0.33142377819264096
0,0.4201126656902687
0,0.26734445688621744
0,0.6213777729062852
0,0.429714709061538
0,0.5499785451135717
0,0.4824934950635873
0,0.5133178985086678
0,0.48077359252824353
0,0.7208463237546819
0,0.5719217238005359
0,0.36151135251537964
0,0.4933842031976526
0,0.467949012250881
0,0.465354226227298
0,0.24080612158285483
0,0.4175384541964318
0,0.6072935135442231
0,0.5921226745656193
0,0.3563959728157342
0,0.649146583550684
0,0.5843430500622047
0,0.7152731901408605
0,0.4377731260841122
0,0.4015996494908919
0,0.4696009883638266
0,0.6204432616401958
0,0.5866218056291512
0,0.39167728548017844
0,0.5544023487029954
0,0.4382533098722607
0,0.5990700356940613
0,0.6415591277653682
0,0.4581441662460869
0,0.606266491285055
0,0.5988135991285829
0,0.608592036439022
0,0.5396860081325447
0,0.6772801977027072
0,0.4533428059573841
0,0.5577155177333802
0,0.3896161864550892
0,0.648600766565209
0,0.36642426742568557
0,0.625977678938561
0,0.3021407704222766
0,0.5191446354372716
0,0.42648843792357083
0,0.5084079011493527
0,0.5018435479211533
0,0.4776888521396489
0,0.519363709932864
0,0.3692921516393938
0,0.48520461891306865
0,0.4928744535915959
0,0.371778733214215
0,0.4807606253764033
0,0.4221903892521745
0,0.5082777792696809
0,0.5810920772198882
0,0.3379294596709642
0,0.4354626026294607
0,0.251374669780164
0,0.40548974123244663
0,0.4650537146597365
0,0.5383679618705766
0,0.3305605363665498
0,0.45626259142090897
0,0.22895278958195786
0,0.4162051962121651
0,0.6040626969206842
0,0.6197910299608111
0,0.48284365809482266
0,0.4391745394016826
0,0.48517887584390107
0,0.5709604011985835
0,0.6482228288902017
0,0.46342269288910704
0,0.5286384779721739
0,0.31927990881170987
0,0.3768437529784241
0,0.4325916682582665
0,0.4686586525114738
0,0.4576903006409828
0,0.519742067028061
0,0.5205724236361767
0,0.5405361153393875
0,0.485030055437111
0,0.4322788841495977
0,0.47936364160039535
0,0.39361831442424855
0,0.2886788438879231
0,0.6813828889305892
0,0.5451837971871046
0,0.37364838370546716
0,0.4864688941494101
0,0.6052826228487602
0,0.4837094015768641
0,0.5211433564791641
0,0.4123369662088049
0,0.5916303916094173
0,0.40000033251974404
0,0.27699980461462537
0,0.49732527545630095
0,0.3358606629183837
0,0.44749791983426096
0,0.5498852001521657
0,0.5758604297196553
0,0.5063821829554948
0,0.5328175498245162
0,0.3471082554884798
0,0.5783187365869402
0,0.5352970678081748
0,0.2911913006702126
0,0.5245120924652782
0,0.347416480466971
0,0.450904815533147
0,0.3284990274186288
0,0.443522287443021
0,0.3969630174369011
0,0.4046922462269608
0,0.23571192992905365
0,0.44235984471045386
0,0.35496550477708017
0,0.3763922938023114
0,0.31105017898262843
0,0.2939678256419035
0,0.6155733473460662
0,0.538551770543141
0,0.4711948040520225
0,0.35553941308307446
0,0.4712690751974826
0,0.3357039042244446
0,0.4421564371400565
0,0.6424984363881507
0,0.5217910857540545
0,0.40000508317041633
0,0.42491210341660374
0,0.6221436285475227
0,0.5074781224465468
0,0.5345578700405207
0,0.3964561557322863
0,0.6003350225487966
0,0.3940332856755814
0,0.3380763022442322
0,0.3909111678106843
0,0.4724603616425029
0,0.3482784025606994
0,0.5792986923763025
0,0.6122611232600056
0,0.6836284190782326
0,0.5593088561874362
0,0.5087634769977469
0,0.6092388867723934
0,0.7930773301840176
0,0.4276193374120184
0,0.46566899376883664
0,0.2798171076794247
0,0.29984790449019205
0,0.34875805397514165
0,0.5992729849020675
0,0.6642416206768743
0,0.347300884057257
0,0.5417276654107452
0,0.5378547976354677
0,0.4930010695903874
0,0.35832338597949165
0,0.5254725418236748
0,0.4944596755981455
0,0.4731593436211071
0,0.4661876494383526
0,0.5729055217784148
0,0.39929979136445676
0,0.7866754501677194
0,0.5555009008930438
0,0.47965852161386335
0,0.4324288284576334
0,0.7879572495790381
0,0.3377500043510844
0,0.4749009016637217
0,0.22927869593665606
0,0.43245286092327195
0,0.3110920290137174
0,0.3607997494547759
0,0.42572029854406623
0,0.2740492512972989
0,0.5813701285801356
0,0.5838506567785802
0,0.4495075297787409
0,0.5077724851771579
0,0.667454818340981
0,0.3399295149262791
0,0.446476296980485
0,0.3857890091094653
0,0.4968818872857923
0,0.46100696960121246
0,0.246541317403461
0,0.48814794562612657
0,0.5199846973843396
0,0.6702504939406366
0,0.3724501742021322
0,0.43181288036052534
0,0.5758841859552478
0,0.3653911397743591
0,0.47352929145294076
0,0.4402751070338577
0,0.4038320065262162
0,0.5725252503907169
0,0.32437599930555266
0,0.26320039208969853
0,0.3697110393670189
0,0.3169736374539612
0,0.5010186154090894
0,0.4596475777573659
0,0.5273155734615922
0,0.5043781216102785
0,0.4196756786344725
0,0.6464334706718827
0,0.5866140652624804
0,0.4512501105115616
0,0.2817911067255773
0,0.7064463508466656
0,0.5641051013609125
0,0.4366661451516498
0,0.41364367878588726
0,0.6794638813205442
0,0.44631569315661507
0,0.49886375273088124
0,0.4794928942206542
0,0.4345701013348354
0,0.3984056024718383
0,0.5251766137790949
0,0.39579232697305256
0,0.651152370190844
0,0.4053761220174998
0,0.41249225939539086
0,0.4970733785138684
0,0.6421708673280444
0,0.39467778678089216
0,0.2931520130761381
0,0.4588703384543018
0,0.5779851213748453
0,0.5665899136938507
0,0.43151948861473965
0,0.39763665753203664
0,0.49130091765088013
0,0.39132398328027473
0,0.5454296371507932
0,0.5127987181273274
0,0.4412723173206414
0,0.6153299025131834
0,0.6465453658606442
0,0.5963652003083209
0,0.37971463372864944
0,0.44278062919237127
0,0.16352031821841892
0,0.40070298569238083
0,0.6812124222151799
0,0.6102806837898452
0,0.34078570017475285
0,0.6058857118323856
0,0.5334118191666936
0,0.6366374617142802
0,0.28067587166868774
0,0.5192622123452795
0,0.3869122648838302
0,0.42534473484406027
0,0.5655645321178749
0,0.516587046625928
0,0.6067311660907965
0,0.5862033967068677
0,0.6667391002496146
0,0.34442583958453493
0,0.2809696951752357
0,0.5683592364718821
0,0.6120637743380677
0,0.49942818738334377
0,0.6244158532640852
0,0.6663911756730795
0,0.5900668085535857
0,0.5663723529542156
0,0.4013887834084856
0,0.5207350909476025
0,0.3101504167912775
0,0.3595370473628325
0,0.42588042378928476
0,0.5647817071753496
0,0.6717364331943436
0,0.548228183347778
0,0.5367263899764562
0,0.26478639696190914
0,0.7482834123107
0,0.3497774503075995
0,0.5047153210923992
0,0.5889528443900086
0,0.4361692234152818
0,0.4385848747654537
0,0.3280000616026545
0,0.4169744299508532
0,0.40713481353920306
0,0.43528781968046026
0,0.33367961485950914
0,0.599115908292225
0,0.3671234706183292
0,0.5138758002906465
0,0.3425754266762622
0,0.4163723369910646
0,0.5713957428767207
0,0.3892962016350216
0,0.63055462362663
0,0.32487094821308454
0,0.4531618534086713
0,0.4814517792685515
0,0.31027503421542496
0,0.3326543664025829
0,0.49055147831967055
0,0.3104291006136102
0,0.5492810828480118
0,0.6849891121904303
0,0.38710264021296503
0,0.44927286321360604
0,0.4136563711353624
0,0.24099682115382298
0,0.5953544227043136
0,0.4260102412206447
0,0.36827163794366363
0,0.5848282587535385
0,0.4064389645883932
0,0.5771583330752726
0,0.28275980087400876
0,0.4257387786151443
0,0.35024279501063305
0,0.6814529574286073
0,0.5383061629915021
0,0.4068400963057358
0,0.5178184888918711
0,0.3920717419782394
0,0.3130285431732656
0,0.41031272125390383
0,0.2915366870002992
0,0.5073574078500441
0,0.4771005961242843
0,0.5839869781210395
0,0.492368081893905
0,0.6269885427113829
0,0.33023681125339516
0,0.3451384075950203
0,0.4112833109922894
0,0.3726453628626278
0,0.6475256498768441
0,0.7954025856757914
0,0.5111379923735059
0,0.3759873231848866
0,0.5419937283096611
0,0.5541663737104653
0,0.4899494867564802
0,0.5874072259834575
0,0.47007493174047116
0,0.44404097421687727
0,0.6862758378282251
0,0.5356064240190365
0,0.5219029184644411
0,0.47817626675700425
0,0.3646386647112184
0,0.6248796366509185
0,0.5499400248096077
0,0.38378872063763775
0,0.7615813361115557
0,0.5978305277325758
0,0.3974512336408208
0,0.5636096731519239
0,0.7011240606147456
0,0.5615351503107218
0,0.4087722279258253
0,0.5697457600662804
0,0.4920410794451683
0,0.47120239853370194
0,0.3799209416259176
0,0.5858499918002159
0,0.38982142855586854
0,0.5071341431115641
0,0.42062640626298
0,0.5227945036609352
0,0.5517735808821802
0,0.5647836895127178
0,0.46094323688481903
0,0.3005066524143525
0,0.5581553644284216
0,0.6260173297535682
0,0.47756740338770765
0,0.5232301084985759
0,0.29912171462817194
0,0.5217857836908095
0,0.6285164282156412
0,0.34595905269809896
0,0.5806866411354084
0,0.7817573487494369
0,0.5580558873866645
0,0.7245831530883405
0,0.7514729104204478
0,0.5880226961053023
0,0.5033478684192927
0,0.5046770674035725
0,0.5589545218366004
0,0.5063427197324414
0,0.7141374594433486
0,0.45856234543275354
0,0.25783938823735764
0,0.3852345778295457
0,0.5226988869937701
0,0.36816880058926327
0,0.3274699300083666
0,0.4154015668906338
0,0.4492122162216942
0,0.5805101271941514
0,0.5767343935703221
0,0.48131690138419136
0,0.6825919828988142
0,0.5320352188058457
0,0.5144199740649256
0,0.47039173780041527
0,0.47082212941737045
0,0.5558774477411162
0,0.516808483282132
0,0.3274953163794954
0,0.552840086886312
0,0.5543202428183255
0,0.3790448346538865
0,0.4618562771060258
0,0.48224029559124465
0,0.44333599546492924
0,0.3122925458262801
0,0.6333296963668814
0,0.40844888919246214
0,0.5940417921385629
0,0.4797441605545353
0,0.5888857686375825
0,0.6779145817196994
0,0.4038610746857205
0,0.628072891097353
0,0.5794163082607787
0,0.4537196167125069
0,0.4136533177625746
0,0.45303947198110733
0,0.40898294639835725
0,0.4052223037805478
0,0.6045382695530666
0,0.47814305655562206
0,0.25685575211310574
0,0.44016163025522104
0,0.3730003190038127
0,0.5970433650583507
0,0.40493531997694543
0,0.39274311181148086
0,0.7396178313806704
0,0.5473450661400002
0,0.4422311246654382
0,0.6915066158370338
0,0.5395584697569817
0,0.4833545605585432
0,0.29111602587008245
0,0.3557863281323009
0,0.3751248173759145
0,0.6725051568307991
0,0.36505082404096123
0,0.4396544842235195
0,0.4564400626073806
0,0.4611076608731914
0,0.39477767165111133
0,0.597264708683843
0,0.46165906924466615
0,0.6407649425860066
0,0.4776165125981743
0,0.36088496041729073
0,0.3314072412147072
0,0.5642416337840535
0,0.5388588531618264
0,0.5059133631062158
0,0.6434627450067363
0,0.380627965149785
0,0.5124255628547605
0,0.4406686399494205
0,0.5587572484464114
0,0.5265311925536892
0,0.5005697803495096
0,0.6541180382447599
0,0.361993562776261
0,0.5647799303114245
0,0.5023627610522259
0,0.4619233684735677
0,0.6210410139823292
0,0.6261243756311091
0,0.3635789607246661
0,0.49303113854708625
0,0.5936017673867386
0,0.6364434958673747
0,0.5660245323651687
0,0.5328256165580025
0,0.7601588721045108
0,0.31237637564920945
0,0.2633509311705033
0,0.4560548820872012
0,0.2562209018575559
0,0.5221836233167316
0,0.47049757542516996
0,0.57200157749991
0,0.3692575643283673
0,0.4779206006259342
0,0.27576356263003027
0,0.49488681372864174
0,0.4959201801752802
0,0.5689553136925148
0,0.49771042259946374
0,0.615476373741521
0,0.4655047432014441
0,0.6628061482421252
0,0.41594906299708856
0,0.35548220724688473
0,0.3104387167853561
0,0.4085646649910351
0,0.48252979661832734
0,0.435292650593064
0,0.5838917620601782
0,0.6577881725288315
0,0.35332821719971896
0,0.20356249564842696
0,0.47976308855778704
0,0.5766749123676405
0,0.3069050790540254
0,0.5693800053172257
0,0.7553403182313413
0,0.5127544811607261
0,0.3706275691298016
0,0.5937088907771791
0,0.324187225020474
0,0.36710606597823425
0,0.6200352910365609
0,0.40128802589105145
0,0.22473532455721001
0,0.4721607296957906
0,0.5787075808532749
0,0.488803139947824
0,0.3212358082183068
0,0.4269257374479285
0,0.4040771481953689
0,0.5534009710691279
0,0.5230463742234589
0,0.5019659360798913
0,0.4941113204710186
0,0.437790976610745
0,0.5755222832708135
0,0.4452905920059158
0,0.4614769174698889
0,0.37319009803856906
0,0.605508336939382
0,0.38189492235634315
0,0.3191438424494669
0,0.49928664629930836
0,0.5682626903528272
0,0.36670541883109514
0,0.4601813339840635
0,0.4547735175589071
0,0.4290701052753696
0,0.4533053862935157
0,0.588011253711544
0,0.49609721141349983
0,0.4739706240335779
0,0.5906171914199907
0,0.3940436300444274
0,0.4047284946791051
0,0.4123817620718428
0,0.5460784421839457
0,0.5725802782362696
0,0.5940753317149674
0,0.4372692811321058
0,0.582130193843544
0,0.4144467653198388
0,0.42528085140978583
0,0.3844245163904089
0,0.43943314885556023
0,0.3574561408376863
0,0.5205129820204338
0,0.5939073523093303
0,0.5606792385077494
0,0.4674550065061834
0,0.657752946820537
0,0.26149553131177994
0,0.42900067558432775
0,0.4341260132697731
0,0.4445639358176763
0,0.4389051100659244
0,0.5490042906127846
0,0.29502814991942383
0,0.37946159693259013
0,0.44979829108993835
0,0.42227864662669307
0,0.3335538422137209
0,0.36081564207697625
0,0.49732347039555314
0,0.48801716079584956
0,0.6507064600933455
0,0.35269175157793226
0,0.4126058472613514
0,0.6333785327977297
0,0.6063765466731985
0,0.6184745456235587
0,0.34426933986537295
0,0.35205251483059297
0,0.3324023954183577
0,0.6138365506398542
0,0.46316760044562366
0,0.28625187945201597
0,0.49488795826012694
0,0.212983093301243
0,0.6955495156247853
0,0.688982072902831
0,0.5337744209499723
0,0.30484998085498827
0,0.3861544629780051
0,0.3753850382741426
0,0.4737591663057049
0,0.6821979534242936
0,0.26945133752284006
0,0.4770135463899621
0,0.44929482248981806
0,0.669090808861052
0,0.484166903449887
0,0.45358207038444087
0,0.4318536553585225
0,0.397764699194725
0,0.462196277552921
0,0.46914736948573627
0,0.4647723429300827
0,0.4010571344203211
0,0.5141164957210956
0,0.5317445060229129
0,0.5371295823538135
0,0.5658595096566637
0,0.5229638654527372
0,0.25514081921364706
0,0.4004664852071927
0,0.4345334413121763
0,0.7211907768812088
0,0.48654067196325723
0,0.4852172236399889
0,0.3999540295099093
0,0.38915887144537054
0,0.4254290805868778
0,0.4371883321113383
0,0.6026488939083076
0,0.698718283493473
0,0.5101596066296761
0,0.5552699337798006
0,0.28431667729291815
0,0.4257399822971322
0,0.3833999462352412
0,0.43517372662987486
0,0.6487272996708698
0,0.7269147158729613
0,0.43792014935010326
0,0.44832251026670566
0,0.5211651734036237
0,0.5452392677723015
0,0.6801703837476041
0,0.628833125832459
0,0.6990502155821228
0,0.3992126445720545
0,0.36066279256859646
0,0.30789883698462683
0,0.45517380823571496
0,0.47373894143912626
0,0.6510520055441722
0,0.5368179309214531
0,0.5308944037179069
0,0.5606218539239485
0,0.619315378244416
0,0.572979630266637
0,0.5733334912084248
0,0.25944457701879436
0,0.3532094189912728
0,0.309261435791844
0,0.6035443272861052
0,0.33581890073723375
0,0.4128519898730294
0,0.36438632405426113
0,0.39047881335650597
0,0.47665595315356535
0,0.454438194556787
0,0.46715190375094773
0,0.470269835743227
0,0.7218259781208485
0,0.49030603929479116
0,0.4570828190727591
0,0.49454311004448026
0,0.5763474836457574
0,0.43660126347409084
0,0.39227499462430704
0,0.40816719947606483
0,0.45893565226808974
0,0.2968721535655434
0,0.48903051581366586
0,0.6251727977015669
0,0.6503560867192215
0,0.5272973791896951
0,0.2648430297072114
0,0.5343029218552858
0,0.46609052227358977
0,0.5993435836601456
0,0.2938710533564706
0,0.5057622256402075
0,0.5970702407051359
0,0.5438800004785473
0,0.3503227519527288
0,0.661035657275761
0,0.6180846042839171
0,0.3797307547281947
0,0.461991647829441
0,0.5182135560103039
0,0.49485341277261413
0,0.41259155502927514
0,0.39300589391355506
0,0.3449774731562933
0,0.36827605512506106
0,0.4670124511008596
0,0.4261533734388245
0,0.5386700360800214
0,0.4091632043459556
0,0.4740953736438578
0,0.3965536853074254
0,0.32935024370850274
0,0.49035443872131634
0,0.5217914598970494
0,0.4640659136362879
0,0.3612709643173657
0,0.6893924265172428
0,0.5251741321278481
0,0.6914076970722539
0,0.6640212627918135
0,0.6696594454904004
0,0.2715188358050854
0,0.5311722539401839
0,0.592891980427876
0,0.61837085686456
0,0.5314887218142856
0,0.3749122229987562
0,0.5273167024695106
0,0.7419509722031536
0,0.4279730825475597
0,0.5560635165517878
0,0.6331942110914545
0,0.5622723884748239
0,0.49102476736566886
0,0.5243410115004454
0,0.4420452557221773
0,0.5034926597738066
0,0.5760930177441864
0,0.5486324149111084
0,0.6818908630780095
0,0.46859389182950817
0,0.252184654618935
0,0.45049619729889956
0,0.4687970952325069
0,0.4759316469255839
0,0.41583493745893507
0,0.5746380300244108
0,0.37350034255682774
0,0.5261961946830724
0,0.5468757195090859
0,0.6593810030094763
0,0.35015456539361456
0,0.5476114306349421
0,0.4827574377388622
0,0.43897216772600545
0,0.5904645087954097
0,0.6233432667028621
0,0.5887204091436208
0,0.5087988134711956
0,0.6182544414118462
0,0.34129386697960656
0,0.3866990252865703
0,0.42623038842181493
0,0.6257880664965294
0,0.42849069917188803
0,0.3914531308436127
0,0.48789815343739673
0,0.5389596641378281
0,0.4132487752428125
0,0.6549001686561257
0,0.4722047207734845
0,0.3915153676758089
0,0.5304779523384675
0,0.41930079590607494
0,0.4284875791736673
0,0.41417944254844785
0,0.4015633373179131
0,0.4230904756609772
0,0.5701634511388821
0,0.5623739234927521
0,0.5458940159692739
0,0.33504545443798367
0,0.5979170503753068
0,0.5020715155331725
0,0.49967258738309717
0,0.5419571077703885
0,0.47050165034128816
0,0.5504024735720132
0,0.28265278063603877
0,0.640938752409984
0,0.20051405000019362
0,0.4656646397547097
0,0.25600063901080283
0,0.31061739852546993
0,0.40226929736294387
0,0.39300402004757784
0,0.5263400861061632
0,0.5371590282345812
0,0.3964906294848277
0,0.5557383495353484
0,0.5348469494045719
0,0.42163470741002285
0,0.7259981113143562
0,0.3522423105984131
0,0.31405447984728635
0,0.5748271051650888
0,0.21181036648524112
0,0.3390447231858359
0,0.5207574240101578
0,0.46708654226685886
0,0.36344108315980694
0,0.6280808890587469
0,0.49445074362090746
0,0.5433341578000819
0,0.6931718817742809
0,0.4565931563374062
0,0.5758829447955552
0,0.21662244224856056
0,0.4845961592258033
0,0.4314589539605523
0,0.4603739355231098
0,0.3811036793450676
0,0.31341254186499984
0,0.2902405030950968
0,0.626887063263984
0,0.5964921241807566
0,0.4482641274323935
0,0.516229475531142
0,0.5722413319543327
0,0.3245150721632766
0,0.5281005783256211
0,0.6153139094621659
0,0.40540264669018544
0,0.3192172055193006
0,0.5225350597905728
0,0.5100342384612615
0,0.31483024880470356
0,0.23866499937625518
0,0.2792218534393571
0,0.37008263362217897
0,0.4216870948472553
0,0.45646053793303565
0,0.5346979690075123
0,0.666673216358046
0,0.3895140870617033
0,0.3553336284660573
0,0.6254753217151933
0,0.3466057947200397
0,0.5436931393355299
0,0.5490310686411503
0,0.5506798321896083
0,0.4333773709025686
0,0.5733243176157757
0,0.6251747734109521
0,0.5602173111358649
0,0.5187660628645251
0,0.5953174955738866
0,0.40088685279269975
0,0.5433132714567825
0,0.5599814046220684
0,0.48366306850153823
0,0.7627671426155748
0,0.2320468696783121
0,0.6386098279053888
0,0.32834586067539573
0,0.5534872191855407
0,0.43820719355011695
0,0.5028168640843275
0,0.6453561302957226
0,0.428829061768686
0,0.33027982933215844
0,0.59528471145015
0,0.26566525310952466
0,0.5929824924855722
0,0.23484034486183916
0,0.3737204672239906
0,0.5123983217312064
0,0.40515410545602865
0,0.3147416851155282
0,0.39640413624649234
0,0.40958217343256575
0,0.4424351053047973
0,0.49960334915431864
0,0.3123187552343935
0,0.63980382896789
0,0.4303035396189813
0,0.47538472528452663
0,0.43978626387318026
0,0.5747007251825745
0,0.5392147284554667
0,0.5751146902851559
0,0.4620774832195863
0,0.45086969884761396
0,0.5107155389041476
0,0.6318094840494045
0,0.5912445346964837
0,0.47543674269087177
0,0.7608617335964625
0,0.46815242191909806
0,0.4927829097439224
0,0.5115149735339986
0,0.571234847324686
0,0.3395060405023222
0,0.7059032762895798
0,0.4818259755569906
0,0.38883026490620753
0,0.34814499955737327
0,0.552425095413386
0,0.4151135468760396
0,0.4225388905870509
0,0.4705011171867876
0,0.42213420282194314
0,0.43031801418552434
0,0.41964903614695315
0,0.4576632282355791
0,0.48227956914631254
0,0.5183487638758697
0,0.3881894046443937
0,0.5983920565670781
0,0.498482819494865
0,0.6480316744314648
0,0.4176847752185624
0,0.6024284559276434
0,0.5081647388033756
0,0.4883196345902666
0,0.4103408316071967
0,0.518988873095525
0,0.40455632275233594
0,0.6684004362477696
0,0.5756937509954323
0,0.5828432472624446
0,0.5031609202045639
0,0.41992530778476544
0,0.6595167473432456
0,0.2656441168375246
0,0.678062920356684
0,0.37294901377611117
0,0.4539568423540504
0,0.337841711881025
0,0.31152293973059114
0,0.6444644381276384
0,0.7475390135826624
0,0.7071504480737079
0,0.37617062325958767
0,0.2980195243269234
0,0.6444777667646545
0,0.5760200997083019
0,0.6021807975783022
0,0.44130315157433947
0,0.5796769504732451
0,0.5068647040879651
0,0.5716900399437393
0,0.595619624983027
0,0.5617092623340395
0,0.3552571890906786
0,0.30092168526820146
0,0.5633828425775493
0,0.5070337934837438
0,0.35684343237164023
0,0.2859022563164664
0,0.2561964469599496
0,0.4339156372327831
0,0.43307128011337814
0,0.7083756744483776
0,0.47399767120255065
0,0.492536918627162
0,0.508193680839325
0,0.6349699831372266
0,0.5103555050368918
0,0.4185900610851921
0,0.4954989678849109
0,0.47135974808829395
0,0.5063367556749357
0,0.3417047225242603
0,0.32668176688716305
0,0.5080466617925549
0,0.6140230957445624
0,0.439090929658747
0,0.274256338739834
0,0.4741291969021037
0,0.5175756327539768
0,0.4874091150730408
0,0.3871603514045954
0,0.46014380579946784
0,0.4306616416174832
0,0.3974681305944326
0,0.2702029298598938
0,0.6382405347459492
0,0.42568844119171556
0,0.6243937240695845
0,0.6648877903301215
0,0.3897735876698392
0,0.409159509914659
0,0.4319790408686546
0,0.4908441344927329
0,0.3684501543083384
0,0.5619654127524284
0,0.48314980696772314
0,0.3353091874839493
0,0.5152862634639799
0,0.4192949732822246
0,0.3491982455333266
0,0.38054508723760055
0,0.3099667922894986
0,0.43244673759736163
0,0.3008913470912468
0,0.7162143497053077
0,0.32246694062940695
0,0.2954382710317219
0,0.18918715718107015
0,0.42286101513398466
0,0.6442881589336659
0,0.2851465882263041
0,0.5665672919093664
0,0.610933620148224
0,0.43547055038432175
0,0.37419160854808553
0,0.5868508638139183
0,0.4025502478110604
0,0.6091692267103448
0,0.6577482918475438
0,0.456531271297378
0,0.2668568879540188
0,0.45303102264940665
0,0.4390922749552889
0,0.5728908863541704
0,0.5309511542746026
0,0.3011932590767469
0,0.343266796935067
0,0.4654595437309097
0,0.35969071343300646
0,0.4646692862054282
0,0.30248708787412315
0,0.6430515652945101
0,0.5391268983896605
0,0.46598627411412374
0,0.44208066063923906
0,0.33262825219949216
0,0.36572529748475613
0,0.5253473477393787
0,0.713251168355516
0,0.37175308751520403
0,0.3708157860990165
0,0.3837826309411999
0,0.6085730666474142
0,0.35065509955261326
0,0.3542953256095887
0,0.5074509821270254
0,0.5141955858257525
0,0.29326242656044493
0,0.49901194802344273
0,0.5298641408804303
0,0.3583908144016759
0,0.47963542355192684
0,0.6857624007771104
0,0.5356942991525728
0,0.286349802718782
0,0.394154403381799
0,0.5214160938308857
0,0.4900435874586144
0,0.5322946407775764
0,0.3522355321835475
0,0.47327306521272716
0,0.4012502656651271
0,0.4119849065458898
0,0.24379800065993215
0,0.4184529666479566
0,0.2668648956275895
0,0.5724012507051084
0,0.3378883313436033
0,0.3495835480785502
0,0.4823914453463268
0,0.662473155265673
0,0.6500260684596632
0,0.5646110278259057
0,0.5068103392291874
0,0.5076415492976291
0,0.41862187096713827
0,0.4251966199590199
0,0.5395754749186469
0,0.4249051833782924
0,0.5753624465026217
0,0.41557227285803305
0,0.46174413262410097
0,0.4591311130347396
0,0.45733007040037976
0,0.453906877331579
0,0.40657219042199993
0,0.6702016079962488
0,0.43870647736601115
0,0.4620715257146511
0,0.46068988465594873
0,0.3467450459906512
0,0.3820026651712134
0,0.32457036074558554
0,0.5802220135425024
0,0.4949466584071815
0,0.3534011426543803
0,0.4035676061240996
0,0.5768454108411853
0,0.27886937435095566
0,0.4693879747968301
0,0.5363681486179172
0,0.3830631565225427
0,0.4044593690688229
0,0.5538168682264792
0,0.3251958222942433
0,0.4948148145260133
0,0.6010968546417285
0,0.44885889769193965
0,0.695032557932855
0,0.4667810645429774
0,0.5694906271687202
0,0.4917264809356632
0,0.3746347473481373
0,0.5582175895259495
0,0.34278638938212763
0,0.48702945816718424
0,0.6491031725987442
0,0.3499478628323523
0,0.48052353340383724
0,0.33461292991260383
0,0.47482471912991575
0,0.6636900278481033
0,0.5884292469181414
0,0.4743013369102804
0,0.48701764896698413
0,0.37875303034144997
0,0.6263529892693476
0,0.40532332234830537
0,0.3451803563382244
0,0.43892573730317436
0,0.5676281049859927
0,0.48357816404887427
0,0.6186771030033764
0,0.43753258400463996
0,0.48939798850540883
0,0.4756287409922605
0,0.430649934544147
0,0.5362323481813241
0,0.5649102712970093
0,0.5601974172626121
0,0.3758681183036294
0,0.4228718210217807
0,0.4176350175329618
0,0.5257467412617255
0,0.3973898456407434
0,0.5887405474660095
0,0.6374985097424081
0,0.5822037119547938
0,0.46906576769061026
0,0.609289168515269
0,0.6634240478675015
0,0.4763309372441797
0,0.30980155068517756
0,0.3393198170869897
0,0.5249337762846705
0,0.5715168609312002
0,0.3321583741234193
0,0.4544185330868854
0,0.5395482509602156
0,0.6777102841328544
0,0.3061715944031082
0,0.6547009840992019
0,0.41124047740662706
0,0.4622669142052856
0,0.5375367122237723
0,0.41773929816158206
0,0.5052388216440733
0,0.6738251958072672
0,0.6430798935761362
0,0.5726575438445382
0,0.4247590861199949
0,0.33765441469260976
0,0.5069920182523444
0,0.4264394016240747
0,0.3305070100279099
0,0.40527407836800294
0,0.33170025443888307
0,0.4856502309586067
0,0.5321917396022289
0,0.4802841952740743
0,0.40158028663995626
0,0.3694343255994973
0,0.2455558203989865
0,0.49389837266092224
0,0.6482600903781687
0,0.5410995374706924
0,0.6319918359630031
0,0.3909205625444478
0,0.37873117039814996
0,0.5306870111535922
0,0.5409569719108679
0,0.2952692839214583
0,0.7204020156185513
0,0.5415104471328515
0,0.2926852305235401
0,0.7262529485645624
0,0.3323422429474202
0,0.5993236690075588
0,0.41154104125691293
0,0.40287645725563104
0,0.48649897476811027
0,0.7160554325226941
0,0.3162605533825926
0,0.39221942696291334
0,0.492222723212378
0,0.5404128565072329
0,0.3816673247999932
0,0.5113319770747962
0,0.4889574541978407
0,0.42708603215373175
0,0.6633851915555184
0,0.26933019102706046
0,0.4815123457492275
0,0.4655310832332827
0,0.7076039618009106
0,0.649718534838015
0,0.3703720879684249
0,0.525596394838739
0,0.3264505058768006
0,0.5424620873839001
0,0.39202968606883953
0,0.41773596513073824
0,0.5422465417891948
0,0.4593544139823214
0,0.5575110821253022
0,0.4099720096402074
0,0.5668250716276616
0,0.7232683945254109
0,0.5741214799747032
0,0.5988632222699585
0,0.5583206259666035
0,0.5139187855567577
0,0.5918728424305935
0,0.34079181833969374
0,0.287256222777662
0,0.43744113925860284
0,0.5212946490892743
0,0.30719386862721076
0,0.5967559064332273
0,0.49966367363304454
0,0.5852825082974884
0,0.4603098688124265
0,0.549443092965968
0,0.5218606802125256
0,0.32294183921466646
0,0.4290210172068283
0,0.3682144319451068
0,0.43526348246847313
0,0.6105316369307351
0,0.4151245905848221
0,0.39123861018238737
0,0.5166667563505585
0,0.3218502000386154
0,0.498745460893932
0,0.4097272516512021
0,0.6252307021423901
0,0.294603449163998
0,0.4869151178640079
0,0.32417224444813775
0,0.21987633866389109
0,0.3567536483858717
0,0.5780954686397947
0,0.4108340596079546
0,0.40659472186998963
0,0.37471856953791616
0,0.487316253797465
0,0.40657272819680784
0,0.3610133832708135
0,0.34122199750745663
0,0.34365567362895244
0,0.5367807990678788
0,0.4565509693630067
0,0.416232226324967
0,0.5407114174409432
0,0.5468308622093674
0,0.5161916498888642
0,0.57466608997099
0,0.44759133535772055
0,0.5393666767708234
0,0.34334838555944414
0,0.5698034265648335
0,0.5569842844851725
0,0.49839143355494314
0,0.33868554803746076
0,0.574646605570268
0,0.24557857004834813
0,0.48826561270482466
0,0.2583995831167441
0,0.637201496295674
0,0.4727753026953242
0,0.7842527055296472
0,0.342898126887311
0,0.5860418271821649
0,0.5137942362395629
0,0.5387228534010066
0,0.44167410342710056
0,0.2734930317908834
0,0.7010105969468562
0,0.5743863889041875
0,0.3726130307036298
0,0.3883418314218416
0,0.5435180289716263
0,0.5215886486823872
0,0.41112298119674007
0,0.5547119224529534
0,0.4202765294601243
0,0.24199364785611216
0,0.39230286309418394
0,0.4558098560693699
0,0.44653055306222744
0,0.49448346290308537
0,0.543981736468852
0,0.6494926297792606
0,0.48768299778983526
0,0.5062921374838036
0,0.5694267307581057
0,0.3953172557448852
0,0.5179783706781902
0,0.632149358776144
0,0.5677830016961531
0,0.5581157102764314
0,0.5797921964824005
0,0.3258684369235742
0,0.3016447611932776
0,0.509979164587614
0,0.4632358920339533
0,0.42459361454287486
0,0.40140464375163964
0,0.38077738599332284
0,0.34007332897360976
0,0.45259936186400723
0,0.3053803800828253
0,0.558842282846761
0,0.40996362352837784
0,0.4364580441862758
0,0.26299711842058665
0,0.42159590319660256
0,0.3212880703628718
0,0.5019716895441002
0,0.5221258333084821
0,0.5343130199471908
0,0.45741391824031474
0,0.6552793664184561
0,0.6691664622769888
0,0.4163338491052339
0,0.5520199549537611
0,0.6884937019052912
0,0.5811020169705723
0,0.5119079256433052
0,0.3164453413726082
0,0.26940973577319755
0,0.44163873485647465
0,0.4063623263670575
0,0.48084244512875607
0,0.6575634264555631
0,0.46683924528083537
0,0.4442229141038335
0,0.39400018198070574
0,0.4433456039391198
0,0.3517313447257425
0,0.2056884013813469
0,0.2596330130168591
0,0.39417898162883136
0,0.45545954943565686
0,0.4308939346333075
0,0.4168887968715195
0,0.5236589172771187
0,0.35930275874669215
0,0.6137313010677711
0,0.5126369778330938
0,0.3798726135973333
0,0.44235688422310315
0,0.45552299747213787
0,0.7429263253948926
0,0.4451475477206418
0,0.5387211991169257
0,0.4773852188415045
0,0.3694038347669934
0,0.37635217608068283
0,0.2927925858077193
0,0.5038339552309218
0,0.44489894037597466
0,0.5508674807596126
0,0.5309807286762706
0,0.5298292490161736
0,0.4167088228114656
0,0.3775285925482057
0,0.5305066659380439
0,0.4044192053979645
0,0.6127642959044584
0,0.44093831774109415
0,0.3901649824159945
0,0.29986366546156984
0,0.43118066535665456
0,0.6180815253519065
0,0.60652650683077
0,0.5616451233275969
0,0.48886893135134074
0,0.44709994642873024
0,0.49504062027774565
0,0.5662512178535428
0,0.5501746719871723
0,0.5123145929862408
0,0.5226736119991483
0,0.6660057340226552
0,0.49046440448651435
0,0.3630397782297012
0,0.3846957277234267
0,0.570105947004605
0,0.4110031384574853
0,0.5400892411485122
0,0.5092803493872576
0,0.49668620034954775
0,0.47955986942511136
0,0.6253435478031667
0,0.5749265674742723
0,0.42081486156400794
0,0.4149756370850632
0,0.42006026911830996
0,0.4516637089200509
0,0.6113488918861649
0,0.4229074736944818
0,0.3450594084013967
0,0.6136166880594922
0,0.3283592478592479
0,0.6031978829510194
0,0.4405598781496344
0,0.5609225571607722
0,0.3412697984102532
0,0.5121359294225227
0,0.5559750339667583
0,0.3980726761917349
0,0.4254843098097172
0,0.27552559483712374
0,0.5006950939205914
0,0.386761562535275
0,0.48752670749023536
0,0.3388642792269385
0,0.24641891740492858
0,0.48987861047053155
0,0.6003042260096586
0,0.3329956169993642
0,0.582345605953906
0,0.4237149664794648
0,0.4157618054752644
0,0.5282826707040262
0,0.3855530921374849
0,0.5319060156036568
0,0.33408105149228307
0,0.37479698936017497
0,0.477845377651282
0,0.37622636486583294
0,0.46954181876576845
0,0.2880313612761884
0,0.4003714262085642
0,0.5020171342176512
0,0.5802345999877933
0,0.4935950048655148
0,0.31048940640662076
0,0.5203638959266587
0,0.368347293353527
0,0.4265551243732693
0,0.6070869794349094
0,0.39296709140818664
0,0.5145417453022814
0,0.4537147306235552
0,0.3066378305065052
0,0.38383148608659745
0,0.5399646329013676
0,0.4477531771585831
0,0.4652211063482286
0,0.6328298505336785
0,0.39007332915942605
0,0.32323843863004564
0,0.6385805765250654
0,0.45669490255437495
0,0.5118397609482285
0,0.5484285068816925
0,0.44738717524532523
0,0.385260568510873
0,0.7095117830853497
0,0.4846227181893294
0,0.3688444306862548
0,0.26906232964161697
0,0.4978391875998859
0,0.3884618230633665
0,0.5574746271279242
0,0.37321083923576004
0,0.5053742814149513
0,0.5104934569476258
0,0.6216136490972373
0,0.25408106996848356
0,0.6036471088758697
0,0.46927568796605806
0,0.6481668144430169
0,0.5221591755836215
0,0.40134055741862157
0,0.618141134039921
0,0.4433863740388676
0,0.5731490615639591
0,0.5253910010880596
0,0.5810017210246704
0,0.513525360078104
0,0.5469883084038344
0,0.3646689068316151
0,0.4811876957526412
0,0.538592320127307
0,0.31928013328704086
0,0.5504840889431017
0,0.4898606923515269
0,0.2604182727492841
0,0.40593529250895194
0,0.5999966725270738
0,0.6332572687915836
0,0.5526890738554728
0,0.4140080965411635
0,0.5578019651341595
0,0.5393088181268936
0,0.4469252331120359
0,0.5332171465612545
0,0.48910401587669067
0,0.3730870144879079
0,0.2683655614720899
0,0.41929043661390014
0,0.5341416463167349
0,0.3501829485009496
0,0.48910258900331444
0,0.34885429740595086
0,0.32250483568177307
0,0.38397834238784984
0,0.3607831986595866
0,0.6265093900492698
0,0.4781069825326697
0,0.4854484680560415
0,0.5364273298795187
0,0.5059784955064731
0,0.38350102711648787
0,0.34625241175051424
0,0.5689904675298718
0,0.6560910346577966
0,0.49142343807041944
0,0.40662686180381985
0,0.3622336152024584
0,0.2749014779950727
0,0.4580764192920785
0,0.41050997953810797
0,0.39624139239534073
0,0.2396636940845529
0,0.36909283849827623
0,0.47986505689332026
0,0.39760392285978113
0,0.4902493117340618
0,0.6024783416838946
0,0.42425916545850273
0,0.4286837903030964
0,0.4196202575669107
0,0.47933205028432657
0,0.4612385846240734
0,0.465783449205649
0,0.5794784825808053
0,0.47385834107789443
0,0.6694840386406867
0,0.5528404154842264
0,0.4646353810610817
0,0.31929097553345265
0,0.3592602639416752
0,0.5701221186732041
0,0.530440137575753
0,0.5059871786557907
0,0.42606679242799933
0,0.6370258090426482
0,0.6967131159786232
0,0.2660236544942472
0,0.34377996561661117
0,0.5803041584532268
0,0.5902897720192001
0,0.47263811827956115
0,0.28164622527333466
0,0.5649366748719057
0,0.38901621059073777
0,0.45807084078638904
0,0.5291885936809869
0,0.46734193690764725
0,0.6755093182842663
0,0.5131619885947247
0,0.3504295994694768
0,0.5596367430755056
0,0.4043024651552258
0,0.6378649689953426
0,0.6310091418007058
0,0.545038187222338
0,0.2775249126084646
0,0.5219428325079339
0,0.617641543413682
0,0.4366070506820344
0,0.3160135868108653
0,0.579361421066692
0,0.5447787439585409
0,0.5915514147011628
0,0.5297227598883801
0,0.5424276584094786
0,0.6629024854701285
0,0.4599391225216147
0,0.4809475067923564
0,0.5790666620240023
0,0.3338813641147717
0,0.42081207394891945
0,0.39526010563422964
0,0.5124922558345648
0,0.6426558575296532
0,0.4803882731018975
0,0.4470377731876495
0,0.7166855595975388
0,0.637776025832965
0,0.5448542296669908
0,0.4584553419979783
0,0.4439559003750537
0,0.4338902705322036
0,0.37675207522366594
0,0.3611380821344915
0,0.6731165316335044
0,0.4961977553448292
0,0.3218147843230732
0,0.38477688163539187
0,0.4860417968180119
0,0.4945957421668362
0,0.5659406893753285
0,0.48652117310567294
0,0.5666010143960658
0,0.5366622103655708
0,0.5230685097446471
0,0.448003980070704
0,0.41795532047830464
0,0.616111717513101
0,0.4119605462438431
0,0.43117747478240326
0,0.4458019751328213
0,0.5768149348887573
0,0.4329875189892969
0,0.540036482181283
0,0.3669077068725461
0,0.36059404608808343
0,0.6105200040289611
0,0.49220125025540423
0,0.4344931157335561
0,0.5282961975799044
0,0.29915481105135844
0,0.587071072125289
0,0.3679531409183191
0,0.31874540070248975
0,0.7521204404645724
0,0.3445983544538205
0,0.5793507955416027
0,0.31418607905718526
0,0.5048512639361382
0,0.3790637840624733
0,0.5322707024952884
0,0.42019317710648685
0,0.555197711544078
0,0.3449124595959286
0,0.5084269234202546
0,0.5997890671016699
0,0.6218601750379114
0,0.4360970283887986
0,0.5617504764026267
0,0.47222959274435317
0,0.5565219524592564
0,0.3638825896236159
0,0.4980530903823952
0,0.5323102175377137
0,0.33012017966925905
0,0.17397565943789228
0,0.4311031920332584
0,0.3633644524557753
0,0.7077731733216828
0,0.6364316609920988
0,0.4319103747559887
0,0.3826566259345814
0,0.5656445612952155
0,0.2524464237099562
0,0.3443981158612735
0,0.3309034582092342
0,0.47997728727636285
0,0.716484474544217
0,0.45074230871508897
0,0.5453577382545803
0,0.5077638256430069
0,0.5335881764828881
0,0.6794416516969125
0,0.5181007907590687
0,0.4466151684121338
0,0.5719593109192999
0,0.8112871361059296
0,0.5164312351983635
0,0.3273920325775213
0,0.6522981618869654
0,0.4667987578914802
0,0.5176295582853765
0,0.6194634412816518
0,0.4162970209291227
0,0.33485800887466244
0,0.4469215337231367
0,0.530507282000102
0,0.2802489376571503
0,0.6330794340833753
0,0.7707596631328525
0,0.27291491444462895
0,0.41254577930243636
0,0.3391537117179961
0,0.3128813185581798
0,0.4451286696408649
0,0.2822797921775671
0,0.5937181049246426
0,0.34386997122440666
0,0.6071237055654463
0,0.38489216722507524
0,0.29451491557897
0,0.4701755864935721
0,0.4973864881462772
0,0.33929240712016245
0,0.4794876521148956
0,0.5121313332900419
0,0.2782068505417604
0,0.705242491048609
0,0.4865293018499089
0,0.38100301645058804
0,0.36103254509663957
0,0.5512966146531804
0,0.45824655700556277
0,0.5697972390131161
0,0.4289317655019804
0,0.4885319068516505
0,0.425716679119691
0,0.34108228564780585
0,0.47192634115275994
0,0.4873989450363263
0,0.2594682670386336
0,0.38972806932521536
0,0.4461825385389391
0,0.5991326479838064
0,0.3042879811225232
0,0.6273306321745584
0,0.6766688758045419
0,0.44667507440480914
0,0.6241946849222096
0,0.4681220160760103
0,0.3798061797803891
0,0.47776297843156085
0,0.5489307698030834
0,0.46711033012255515
0,0.48426181272186414
0,0.36384661139843005
0,0.5340560641657678
0,0.6405833725150205
0,0.4265776893896748
0,0.4537200165461961
0,0.5047334266204676
0,0.4959212713196379
0,0.6558565740312577
0,0.36429043062897754
0,0.5907700210198212
0,0.7531050866675378
0,0.31377533345206254
0,0.5316549420430833
0,0.564336331333428
0,0.5801795747804277
0,0.608291774213589
0,0.38674218589677356
0,0.5958773440758318
0,0.40641096270131305
0,0.35884773363856276
0,0.3377914071321313
0,0.5396981338588549
0,0.5472666819410779
0,0.29443667532294726
0,0.467549600105833
0,0.42471813217088583
0,0.5635560859460672
0,0.4225423682684262
0,0.39221523618984266
0,0.4143424999764551
0,0.38933652366128774
0,0.47332193216610674
0,0.44173018246505313
0,0.5280395740104415
0,0.3626544029303178
0,0.6320293496612169
0,0.4814917050428008
0,0.5819666596228719
0,0.6183068082946702
0,0.3568715535151771
0,0.42199355727819654
0,0.6749685938069628
0,0.3380669998629019
0,0.5010448153555522
0,0.6323304561170722
0,0.36958159004864294
0,0.5260162806056707
0,0.4074358340744873
0,0.4482040558880507
0,0.5805378431769684
0,0.6387747770410178
0,0.5213275682213223
0,0.4910285842434874
0,0.6722060901154027
0,0.5179723876217971
0,0.35844642590473663
0,0.5379765681213207
0,0.3925948089525024
0,0.40357509713201084
0,0.30306614202548
0,0.4359801964209641
0,0.48584864666459604
0,0.542822155189275
0,0.7011762248864525
0,0.3172285512789339
0,0.529752736257024
0,0.6175422330782352
0,0.48489804467104697
0,0.3660341095721586
0,0.42142659029206275
0,0.44461130169100754
0,0.4939515100160682
0,0.574748506615449
0,0.3885493190862832
0,0.47794293904805996
0,0.434041858729936
0,0.5069925108894595
0,0.40925692776642325
0,0.2776912666460809
0,0.595918965060098
0,0.35268116157455404
0,0.4370604677353426
0,0.6597189261557251
0,0.6138425271293085
0,0.4129845552390043
0,0.39173377801325965
0,0.2952843683783678
0,0.4782657752703448
0,0.5570404043054666
0,0.42291264745279933
0,0.3056603671777977
0,0.6072098703892435
0,0.4857951098274326
0,0.39389529329566
0,0.3886691369911702
0,0.46492959844085396
0,0.595229111353143
0,0.3748662141196073
0,0.47232430955574106
0,0.5593176754630255
0,0.4397693768780042
0,0.42594212917132024
0,0.2671273885665736
0,0.5455742376595374
0,0.5077402231969991
0,0.6173923300268729
0,0.3883490526631812
0,0.41197059584254825
0,0.4512241255616841
0,0.4730781238563756
0,0.4265158523611982
0,0.35452884748770075
0,0.4966168075238643
0,0.4035156152718349
0,0.5625832623309366
0,0.38643368229175784
0,0.466755143089519
0,0.6614774813144306
0,0.6184345237805546
0,0.3383228000055447
0,0.2397943966308994
0,0.44348825258174707
0,0.4526642470066075
0,0.4675855426276676
0,0.5129574634986197
0,0.4192893373164102
0,0.5231018251070454
0,0.3619024403494251
0,0.4165600324000292
0,0.6240425790891416
0,0.45188875271138507
0,0.48724637729317505
0,0.36270392576718175
0,0.5387999412651618
0,0.47725334535430214
0,0.5715330462603176
0,0.3643966952817138
0,0.5041153494620401
0,0.3742281682467573
0,0.4657507524758097
0,0.3146742430377809
0,0.590935773425071
0,0.7177041547843628
0,0.4814603652865339
0,0.4837027426403002
0,0.4557054685077272
0,0.45758385465232054
0,0.4838702002188816
0,0.41026464597294243
0,0.4928320755461592
0,0.44213721284562335
0,0.6026423394978853
0,0.5277004943006451
0,0.46453772424873113
0,0.4350568993555292
0,0.3712373384724984
0,0.7137015905800658
0,0.509527032150485
0,0.39958126429444224
0,0.3990634481761015
0,0.321430738023008
0,0.511469292645415
0,0.4080017702262681
0,0.34114662284786845
0,0.402159282687712
0,0.2772015075114451
0,0.4736973872728224
0,0.5272705373413932
0,0.44001926767087846
0,0.44677046327775655
0,0.41179664549090694
0,0.5735001419253407
0,0.35257915350646063
0,0.6052057533537278
0,0.4681065584753751
0,0.5990120589454861
0,0.42143824496133664
0,0.42824173542640215
0,0.6719485570319318
0,0.5160487159075147
0,0.6308069773108183
0,0.6325920135818892
0,0.4263685474583259
0,0.41980430769948235
0,0.6273238577238476
0,0.43346258330421306
0,0.3841240927220762
0,0.6204013460624053
0,0.544103273412496
0,0.6369512803898054
0,0.579602855224894
0,0.5290761000021308
0,0.6696771993637803
0,0.501993699363288
0,0.5387047125319769
0,0.5969856966266402
0,0.40027124995987
0,0.4668931790947022
0,0.4737920175624627
0,0.5254569531831225
0,0.6561252947102908
0,0.5965733162724597
0,0.2650413164255657
0,0.45570839163880983
0,0.3225910917520113
0,0.24195973173050905
0,0.6127424271398595
0,0.4045011601932821
0,0.4390705873655966
0,0.48408084446170907
0,0.638388308209283
0,0.683536907152499
0,0.6404143667760056
0,0.5703771371312604
0,0.36940650333335057
0,0.39493282085247616
0,0.4283832539338517
0,0.48868272353991626
0,0.4302135082770174
0,0.47545909329056557
0,0.44301354769198004
0,0.3304693351092632
0,0.5455954767290045
0,0.3843866873118747
0,0.5300187966589291
0,0.4308126033307178
0,0.2796108200397751
0,0.38385298079966135
0,0.5145864935031343
0,0.4472749849444764
0,0.33628659028761315
0,0.31599476256898196
0,0.469929839918226
0,0.5679307178890179
0,0.5201038968391574
0,0.2608590461641402
0,0.3852692869479615
0,0.30923508794939936
0,0.27724266391630487
0,0.5529565825892162
0,0.43920592944223813
0,0.4714371143382773
0,0.4872328327084593
0,0.3782725707679143
0,0.4137483346964896
0,0.3220175148487984
0,0.5426760636981055
0,0.5397639002938126
0,0.5678689481804031
0,0.5422731306513989
0,0.7140894783884119
0,0.45613505646613095
0,0.4921164738303096
0,0.5418643410103781
0,0.414689610220923
0,0.4798417182039804
0,0.6034400976799392
0,0.645020566639084
0,0.2887905826182742
0,0.5459760143386063
0,0.5170435123464107
0,0.4429579806731324
0,0.545729527542009
0,0.4329732634116435
0,0.42720682940490473
0,0.49635353280575895
0,0.48978849172794287
0,0.3016330012449497
0,0.3287706618948791
0,0.3566434212949243
0,0.5176456151604405
0,0.49373135375956995
0,0.5858632392186448
0,0.37694901818926047
0,0.3230247116469941
0,0.3187639046217186
0,0.28693307664467205
0,0.5818553538431391
0,0.5267404409141385
0,0.6493377177908648
0,0.4427999437275541
0,0.34727206756821327
0,0.428479762992284
0,0.40408486450707326
0,0.4256485260845238
0,0.4307548962406553
0,0.34931829837834594
0,0.43008615342848716
0,0.5040019074695511
0,0.37033575828848564
0,0.37842563073890617
0,0.5890255807321709
0,0.43903458678710905
0,0.4366085966976795
0,0.5355609936125215
0,0.43091533642950736
0,0.43951954564857415
0,0.4363730038522495
0,0.5206311871862316
0,0.42346063573392334
0,0.3804550016003303
0,0.524713144373101
0,0.434805128333614
0,0.5237239157778724
0,0.5414211471719578
0,0.36596701919700414
0,0.4599597658287677
0,0.3701722455934495
0,0.32817783772001524
0,0.6681147056020056
0,0.47749754733055716
0,0.4080465794903675
0,0.6803828045969671
0,0.4853251328433427
0,0.2800189211990606
0,0.41877981378333695
0,0.7001135770648106
0,0.2997460678660038
0,0.34937932727713716
0,0.49200985914524764
0,0.5042586487761667
0,0.26851599955481353
0,0.6155850401944681
0,0.5943201443325677
0,0.5419703387352595
0,0.21700430107101332
0,0.49524734328463477
0,0.6590259263285346
0,0.42632878190960366
0,0.5218270125709159
0,0.21939173142422058
0,0.4414731252057255
0,0.40312336857348124
0,0.6067918104993791
0,0.4476555061106633
0,0.5329483670569054
0,0.4708763101366264
0,0.6162288063555419
0,0.4924080938064858
0,0.2760083223196244
0,0.5614792922523529
0,0.537554622807728
0,0.2643769654026936
0,0.3348349981070259
0,0.4353001923790173
0,0.5179564825115626
0,0.3976845449403152
0,0.5194080804026338
0,0.38173252960217857
0,0.5185530897576303
0,0.5068815265618838
0,0.5540347836747601
0,0.4589291074365336
0,0.3050498511604213
0,0.4948949487197628
0,0.43488296552234407
0,0.4355168387603987
0,0.678661101143745
0,0.526447470347081
0,0.5462232425068598
0,0.39646440210129497
0,0.4864107123497606
0,0.4011399466953886
0,0.2908144852589607
0,0.5786985596187456
0,0.48971296475396375
0,0.5492850303577305
0,0.28956357834003665
0,0.38017777044824835
0,0.5720910876831047
0,0.6484066626539798
0,0.4344690315725457
0,0.5999572587029256
0,0.5167721501318782
0,0.4118828524238977
0,0.517033508934462
0,0.6104281382084198
0,0.32651072567130385
0,0.6164061224610553
0,0.24878910062000165
0,0.447244723187852
0,0.5468877258181086
0,0.5921682992110009
0,0.4970446983899787
0,0.474040405364042
0,0.4219373183718519
0,0.43191940817661073
0,0.4380652381246024
0,0.48645871158448273
0,0.3912838189730281
0,0.3720140788205411
0,0.4145288364831233
0,0.5542622226070161
0,0.450597183376649
0,0.5458904858913443
0,0.38683875936254564
0,0.5529946506696554
0,0.40820879928589227
0,0.511921264676065
0,0.47275072744486135
0,0.5186682013130567
0,0.5451154316637961
0,0.5584782031452018
0,0.6331170762461122
0,0.47474752893050587
0,0.4590328039737249
0,0.43806772839425384
0,0.3450849472074917
0,0.5230631501153274
0,0.7364777910999374
0,0.39399462495205273
0,0.48057820173282045
0,0.4700354298742787
0,0.5470317612715465
0,0.547618540763491
0,0.540498540117091
0,0.4088294976606706
0,0.47492146018478637
0,0.4234865009305803
0,0.46097120868493624
0,0.499340792545406
0,0.3362486972992931
0,0.3420341892679668
0,0.7323066248335747
0,0.2900178396534859
0,0.6812625444571753
0,0.5309187534258002
0,0.5272168879680778
0,0.4112858626556336
0,0.37359606585453853
0,0.4018248974916633
0,0.335790072265503
0,0.6181797896183963
0,0.4000400092640712
0,0.7569639142997563
0,0.49952694025032274
0,0.38161149284709595
0,0.5575768287436702
0,0.5208401005411378
0,0.4043456107174952
0,0.5768669449478399
0,0.41270585104302954
0,0.6679186205314742
0,0.6159440963933639
0,0.43351842322851264
0,0.48499717662049646
0,0.5957407734248532
0,0.4133400902167703
0,0.4125794625757357
0,0.662616310607276
0,0.31464677222294396
0,0.4170239607142406
0,0.34196887382795293
0,0.3068007194212611
0,0.29045005294389337
0,0.4540756127345219
0,0.3437949943733968
0,0.6111270409779251
0,0.45960617748884625
0,0.5795745472687044
0,0.609109186516478
0,0.47666231699449896
0,0.2640138629177378
0,0.5063853837064752
0,0.4127286434242002
0,0.7291575528120279
0,0.5783621408681873
0,0.3170672081482585
0,0.4936358695343815
0,0.3200900436328977
0,0.4698576884292562
0,0.4157069412978303
0,0.30657338102450804
0,0.5475642459180807
0,0.4700427247715032
0,0.6028190651296127
0,0.505784727904579
0,0.4656548026895813
0,0.36618236085461103
0,0.44600013321212834
0,0.44740558782517836
0,0.5169073977165515
0,0.3879341905641667
0,0.5421932853638377
0,0.388522766215978
0,0.41815404832541136
0,0.5573018208347172
0,0.3485807075673077
0,0.8383554084816772
0,0.3429174372320227
0,0.6378103929575044
0,0.3832675431941753
0,0.5814243222498431
0,0.33418166344177
0,0.23255291452052834
0,0.4499594061641188
0,0.2962141295479259
0,0.5059862955927854
0,0.5722731596360602
0,0.7066762811028414
0,0.7680012582075216
0,0.4659080953976093
0,0.4590873117050949
0,0.4184150335111676
0,0.44992509279089543
0,0.39552568855211906
0,0.337578827097164
0,0.49970976248959303
0,0.46728412896668936
0,0.4107810666639892
0,0.2875705377192086
0,0.4414808699292212
0,0.5692322767462301
0,0.678923139864123
0,0.48530699776408964
0,0.4259852801919326
0,0.6233072148833869
0,0.6265510357974958
0,0.4764973846121288
0,0.513237153200742
0,0.46174928603985627
0,0.6080773658968609
0,0.5053211759953797
0,0.5690401390506055
0,0.45871403355113727
0,0.430488616746293
0,0.5239584315347652
0,0.46457934742363455
0,0.48640934233914335
0,0.5545265535579633
0,0.4869111548148246
0,0.532133712734168
0,0.3552316324323069
0,0.4229461134363426
0,0.6479815714856632
0,0.6229931717918616
0,0.32529683668442966
0,0.5127689214309314
0,0.5083721769978965
0,0.4211629615824052
0,0.3356224062754682
0,0.48300324863905936
0,0.46962819101653597
0,0.39425676455214637
0,0.4534281028923079
0,0.4532368748183422
0,0.24333985010105774
0,0.4317337839673507
0,0.4230573964834228
0,0.4048291125095679
0,0.4397247830511795
0,0.4346611076435256
0,0.6172363825992935
0,0.43475200106320605
0,0.27218106919688945
0,0.35197117808538164
0,0.5103397107058552
0,0.5892556838190194
0,0.6238966165503719
0,0.5037182832550128
0,0.4785956056789842
0,0.3891150027784552
0,0.2669906639897338
0,0.48944929452369235
0,0.6654939309158873
0,0.2995653844980785
0,0.32603131729323254
0,0.5708724935445407
0,0.34847717273082646
0,0.46802251220242497
0,0.4352267555131291
0,0.5604622629807006
0,0.5364134691923013
0,0.4252433878983261
0,0.22862658657452045
0,0.44548553638963756
0,0.534090642521977
0,0.5661274992767926
0,0.46984640805370187
0,0.3794484089924625
0,0.3592893215253043
0,0.41810309504136906
0,0.6797537511714259
0,0.5059064630530601
0,0.6330478862269209
0,0.501294094651647
0,0.5784028718162599
0,0.4130888620676438
0,0.43485103448845996
0,0.4703837766096682
0,0.31273755204777326
0,0.3566020227085275
0,0.49692675960467514
0,0.5355394893696
0,0.4509005773988697
0,0.39711820621482213
0,0.6192588279248992
0,0.3624001757284596
0,0.5384008423077334
0,0.3734383618761854
0,0.28433272823393624
0,0.5692370122304355
0,0.4777452318223175
0,0.5159264115312321
0,0.36977897105960866
0,0.2787218523980571
0,0.6540685510174985
0,0.5759594264473951
0,0.5909489864062017
0,0.6653766687787988
0,0.3559024812781355
0,0.2706356181774306
0,0.4746829164172746
0,0.5143812734265025
0,0.41791564911451007
0,0.4766151654945146
0,0.5028824915896434
0,0.3814747791010571
0,0.2927236828557315
0,0.5284570017646696
0,0.41753013049179455
0,0.39217847316091314
0,0.305750462586362
0,0.4154103084720143
0,0.4274444497167869
0,0.5198550565616209
0,0.5446420978862
0,0.42374186588549706
0,0.4606583302488949
0,0.24138482255624388
0,0.5050588801775459
0,0.40124917391779386
0,0.4496871569692263
0,0.2826693429845082
0,0.6514595680660664
0,0.4427647167694815
0,0.4377746962953869
0,0.4577046475375257
0,0.4122177391405644
0,0.46117843492611826
0,0.5809398062905426
0,0.6101872671305394
0,0.4968245264848896
0,0.4959857368668085
0,0.5429025043369076
0,0.39307365978424375
0,0.43034183713966395
0,0.4876652715998982
0,0.5423916891237214
0,0.645813502744269
0,0.5287397148055254
0,0.4738186879044448
0,0.41974047103475776
0,0.450366769582005
0,0.5137072586494297
0,0.4800935910031225
0,0.4974922327509866
0,0.5841129606953603
0,0.5103309852808134
0,0.6312559876914824
0,0.6312739116108563
0,0.4842952589667341
0,0.5273049334162464
0,0.5756264980724969
0,0.5129361691209676
0,0.5919298832276487
0,0.7550801635636699
0,0.6009767554490711
0,0.49256608456872925
0,0.46665766972149525
0,0.3215267871793144
0,0.3691819866617726
0,0.5628912664985791
0,0.5523380093557556
0,0.47242514404975267
0,0.4940986900102238
0,0.45238668194376747
0,0.28061661402862637
0,0.5936503055706567
0,0.4824768104172069
0,0.5832685075181475
0,0.3434436702434281
0,0.44055919669981036
0,0.4604510297667871
0,0.46497237734545516
0,0.711259338039225
0,0.39781279532159025
0,0.4230143228458023
0,0.6004823755327626
0,0.4212297020986967
0,0.38616872386249035
0,0.5204525534022686
0,0.47363573130415904
0,0.5787791208049325
0,0.4649474684641427
0,0.4321970764839716
0,0.30884005554197047
0,0.3727321146217243
0,0.5132666004272587
0,0.5300875348410923
0,0.38791856760279364
0,0.18624833595068416
0,0.3657868211366156
0,0.4700566086394508
0,0.5938001031050807
0,0.4806921330101607
0,0.6254106169492132
0,0.6176838877480617
0,0.6344928245384303
0,0.5409866429966796
0,0.5524209460336686
0,0.4992321451202547
0,0.31724437128517097
0,0.43419691772209956
0,0.5930267489917682
0,0.481470810000862
0,0.6858572461409301
0,0.40895368684526384
0,0.6019474787692165
0,0.3510043655448332
0,0.5363671538782563
0,0.3513973839909605
0,0.49281613269208024
0,0.4808435058296614
0,0.4912783985314311
0,0.3195384434477746
0,0.3323423676878485
0,0.46360624212654633
0,0.4851091816174057
0,0.4251698827331826
0,0.6475234191548961
0,0.5851099265100637
0,0.24687347541683657
0,0.47128154131014094
0,0.3033140869281976
0,0.49168469998894054
0,0.486015261295807
0,0.5113890827319496
0,0.34643816652204906
0,0.542783049212319
0,0.3588177429456149
0,0.4040072017498708
0,0.28391712697450666
0,0.25299064903166774
0,0.2581849023325126
0,0.4688266017809268
0,0.5721169810989394
0,0.367139805390821
0,0.4477942737367199
0,0.46659594608589317
0,0.3352919648740053
0,0.3728398930469462
0,0.6445500291055252
0,0.4667848417877151
0,0.2565005962045998
0,0.42274760117412546
0,0.4137368359480258
0,0.455346569943356
0,0.4957910632091041
0,0.4941802060655342
0,0.17163857357053391
0,0.2471822279957976
0,0.4528231433647603
0,0.5822975510785918
0,0.5015185014094291
0,0.5398935463683382
0,0.5312259270597564
0,0.38880121629855396
0,0.4912896980968805
0,0.36561325023350744
0,0.4022330127020195
0,0.49774792122433853
0,0.44636890315361955
0,0.35793819665780763
0,0.671263408950276
0,0.37913949136711833
0,0.3848845925572321
0,0.6194178301392695
0,0.367709782443793
0,0.4529344849299186
0,0.4683853730382341
0,0.4249385756028353
0,0.5499712274283106
0,0.5008667631462712
0,0.4922768639311938
0,0.5875857576394995
0,0.4125082466087896
0,0.19296349960038262
0,0.5981220483341403
0,0.26852466509308603
0,0.3272110835949287
0,0.4082880066201251
0,0.5810567381628547
0,0.4155998996623718
0,0.47522316882908455
0,0.22736006675717696
0,0.4152146354977137
0,0.3014860523812806
0,0.4603388172285503
0,0.5444991030522204
0,0.5075258291239846
0,0.4366135977176519
0,0.6099950606994948
0,0.38398528226341333
0,0.4602364056637439
0,0.6237429060419886
0,0.5870266482872533
0,0.48966703753208246
0,0.4919349910378954
0,0.33489878376273263
0,0.898859933492763
0,0.2735415112323937
0,0.3590115574954892
0,0.49645369288290087
0,0.5563128494737741
0,0.3237241806794447
0,0.4860348076380985
0,0.4697018436980744
0,0.6068733644694286
0,0.23735948121551134
0,0.6250472154323803
0,0.42581957764607054
0,0.49097685609955044
0,0.38232959030902774
0,0.5225308244155644
0,0.34623150348243387
0,0.5124770564459168
0,0.32554266010993466
0,0.43828777892174436
0,0.3932012142218726
0,0.4746022037706143
0,0.46493061042561223
0,0.5372424453902293
0,0.6042098652776228
0,0.34435094375614306
0,0.5783353118948262
0,0.35598339756986014
0,0.34713591940808713
0,0.34006524916419567
0,0.6089091899659411
0,0.6148903280635274
0,0.5177647609900186
0,0.2930684385488499
0,0.5748420027259299
0,0.28371390273191216
0,0.4317023066761357
0,0.3333824771935583
0,0.481715108345219
0,0.2807888898243749
0,0.5247297820129957
0,0.29833811547055333
0,0.37379857298520625
0,0.4651763789394193
0,0.4213015826960601
0,0.4432965622676518
0,0.5747103518198464
0,0.33784540011986264
0,0.6075666100139341
0,0.5259530298869746
0,0.4861155138691845
0,0.760757698393696
0,0.405717909810166
0,0.4858277542143733
0,0.3535745084223423
0,0.48232629879275934
0,0.48806295934416405
0,0.3544201363872436
0,0.3919363821692237
0,0.49277104104922703
0,0.4947499549543188
0,0.5179605787791084
0,0.4332522348818295
0,0.23399632849708066
0,0.3356985389943113
0,0.37633968076638047
0,0.3122616876908561
0,0.4797674199908287
0,0.5551541914364105
0,0.4283947034884579
0,0.5147378209088983
0,0.501627799890343
0,0.5431884325002166
0,0.4834456126827435
0,0.3010389369543665
0,0.4521843842366738
0,0.48420569033553523
0,0.679239934168181
0,0.41695299606384334
0,0.6250689960542063
0,0.513978113970402
0,0.4160349335975
0,0.49718429542338605
0,0.40095906352017874
0,0.2903778313939415
0,0.41343238936274523
0,0.5615300841521664
0,0.44446081753764716
0,0.4090349615472739
0,0.6288822760610197
0,0.39231774795229873
0,0.5596608832123473
0,0.5227052069197534
0,0.4825465760960915
0,0.41751592679702454
0,0.4618951872556379
0,0.5435857167585809
0,0.540996519612776
0,0.5957401488645815
0,0.4823626768959191
0,0.5251242757535868
0,0.5671407351418228
0,0.5001169208846639
0,0.5099326799168149
0,0.3303101658558919
0,0.4149101518525678
0,0.42039591567448703
0,0.5830666909588826
0,0.32459673929951166
0,0.46694826367261943
0,0.46285535296792696
0,0.6089499933017569
0,0.5054529032167532
0,0.38819412528249575
0,0.47321357909948647
0,0.4684549828902901
0,0.4118570041279896
0,0.4008907814257666
0,0.3949407134897802
0,0.4045282487354775
0,0.2966753798254972
0,0.3927968556956617
0,0.7245753778085046
0,0.5677436138417834
0,0.5778230499345546
0,0.5926953712887001
0,0.5920691955789255
0,0.37361818157242055
0,0.6428951229625339
0,0.3326379867429287
0,0.4967674366829748
0,0.4611748668305819
0,0.33155746541756914
0,0.6866120926621032
0,0.36952472120471896
0,0.39001541293487024
0,0.39886663291319224
0,0.4674991199743166
0,0.3856367877442099
0,0.5054958090502581
0,0.45239852735112007
0,0.6850241758460905
0,0.5712478536067277
0,0.3918061093230048
0,0.7569055368524991
0,0.7560124105145167
0,0.6306289544832199
0,0.6883922202276643
0,0.4201592332136536
0,0.5224526989495599
0,0.36905659705316923
0,0.5511433283688947
0,0.49639083600495343
0,0.40368174398011536
0,0.5440552026019776
0,0.5718665600881461
0,0.44852739890600146
0,0.3854127789270857
0,0.5560350214995734
0,0.4706995393220371
0,0.5208579008631482
0,0.44953721613612296
0,0.5675112427306527
0,0.6472293512576959
0,0.5797029254001483
0,0.299671929093685
0,0.536453492623378
0,0.585282741727821
0,0.34190454693364386
0,0.3809612773130407
0,0.48425067938301
0,0.379329368799217
0,0.5770215117541129
0,0.36719984173014364
0,0.3973643329888374
0,0.6514544181077138
0,0.23858548207630148
0,0.5136377596111521
0,0.5451489212557927
0,0.5638550892880431
0,0.44404659815098113
0,0.47741908720501397
0,0.3233584378725929
0,0.5699464936695275
0,0.3673844210532719
0,0.6011539330314211
0,0.381603951086459
0,0.41915367787822666
0,0.44507076011804353
0,0.6262754065784109
0,0.5644404674260547
0,0.5227559584771468
0,0.5240884826178744
0,0.42169852364183996
0,0.5230623956822759
0,0.5473317259975892
0,0.5413216001146516
0,0.31783319670034266
0,0.5886989788766834
0,0.5470891010551938
0,0.5594721411326201
0,0.308413849936679
0,0.3331634360177748
0,0.43548474413832866
0,0.42378669272012054
0,0.5522439362534463
0,0.5382753013922092
0,0.28122678979225796
0,0.6498745028161754
0,0.3057729288512265
0,0.5834127618994996
0,0.49354092895375024
0,0.5273369365519047
0,0.39065030230863557
0,0.6976130553559439
0,0.7195405946555398
0,0.46054273942650836
0,0.3136771418229239
0,0.5209335412707337
0,0.49764006648018255
0,0.5324615257608969
0,0.4082256471812491
0,0.5221279524564875
0,0.3993422579798894
0,0.4649175166703706
0,0.5098462459565698
0,0.5772568808353725
0,0.5374808933785591
0,0.5285939942457814
0,0.5821578901319675
0,0.43305136567738506
0,0.4180926606571391
0,0.40351914704407765
0,0.6255277104918534
0,0.5965372405579987
0,0.38267091653965296
0,0.5244385536843211
0,0.4300197373942108
0,0.5486005094624606
0,0.504760875576162
0,0.7320393885259192
0,0.463114802617389
0,0.3231778145807326
0,0.36783552410864034
0,0.6266089968923205
0,0.6842776062754654
0,0.48502583826196277
0,0.3905907825937217
0,0.3878212034435112
0,0.5558970920952512
0,0.5109516484180292
0,0.3772850861722637
0,0.4039335265276203
0,0.4810605587384184
0,0.37097415329817873
0,0.5212545190039343
0,0.3220635119540596
0,0.5071291536600638
0,0.7562930149568519
0,0.38487190286154827
0,0.34524581977572394
0,0.24076859536872133
0,0.2182652341748398
0,0.644844238353591
0,0.39782169240226156
0,0.5134797102113952
0,0.4333550842862358
0,0.4411770133839278
0,0.44057032670656443
0,0.44335407485794665
0,0.48115927969846417
0,0.6609630495858062
0,0.53903123200886
0,0.48957425285521433
0,0.6149208478633551
0,0.7330942566818539
0,0.652840753633245
0,0.4989784146323188
0,0.2730978585867653
0,0.5310256695336775
0,0.4966543838236674
0,0.5006926037354252
0,0.6781881985591997
0,0.4077858883828764
0,0.43723926013017805
0,0.3957462465208635
0,0.6441055834827414
0,0.5516625393434869
0,0.27924741928216607
0,0.38692637897149196
0,0.483475356220757
0,0.4464738797882178
0,0.2545560589057087
0,0.5814315318457156
0,0.766078493363333
0,0.53953764366782
0,0.5903141456210886
0,0.25822583497443735
0,0.47613273272262285
0,0.6387739098813906
0,0.4567765981182735
0,0.46046165325683075
0,0.43380699281226764
0,0.6566865194510851
0,0.5332721788417236
0,0.31985983869541645
0,0.3456169673881856
0,0.5393083141916625
0,0.4838074798996489
0,0.4148446578160853
0,0.5398112358370599
0,0.43714718292963867
0,0.5074270115036694
0,0.6374679762103489
0,0.3608954699050913
0,0.4149090568208709
0,0.36156921650254964
0,0.6105579745245072
0,0.3034337465911444
0,0.6463370357816985
0,0.35742154051734676
0,0.31113703629914835
0,0.43396142401640236
0,0.3769980004407301
0,0.44263532353674134
0,0.6005259580269425
0,0.48870703556481976
0,0.6744654067330029
0,0.4352223627383371
0,0.712238058778123
0,0.42924000916175575
0,0.5649242577540918
0,0.5500879490967016
0,0.5193004486484497
0,0.43579666208225154
0,0.4729730043437204
0,0.47165271054659036
0,0.6383903861181969
0,0.2993635460815986
0,0.29255643062762743
0,0.3902389159439351
0,0.4589150204057201
0,0.5526473101127866
0,0.48696895642028026
0,0.43726699464481017
0,0.4208261853673868
0,0.4804245623217045
0,0.5601251508590624
0,0.35658337335605067
0,0.43878073226920866
0,0.47090849036733595
0,0.6194593147058065
0,0.5396229226323936
0,0.2752098207090784
0,0.5351615091523974
0,0.369201942833059
0,0.4912154657625487
0,0.48714085198103435
0,0.3222308444639452
0,0.6250313875085506
0,0.6766258880148475
0,0.5101170686005124
0,0.3174581419442647
0,0.588546200991584
0,0.4896763504498884
0,0.45877892131579207
0,0.2936539176570126
0,0.3452876068718143
0,0.4326795155571539
0,0.41291711024994304
0,0.5170150992173762
0,0.5641578442112739
0,0.46306838356538965
0,0.31089829347823345
0,0.5456603836346866
0,0.40139511953361673
0,0.29886017025558875
0,0.5032617088566657
0,0.611275715815287
0,0.5306292193696347
0,0.4103913009442138
0,0.6753088621156287
0,0.5230457960614849
0,0.569896343946214
0,0.4606133611669807
0,0.47214959084846503
0,0.37255225024572003
0,0.5659736761150079
0,0.4640669923229646
0,0.46717752326626755
0,0.3994290315049194
0,0.7160150032388292
0,0.3363598834715925
0,0.4928116972961782
0,0.42793871078455914
0,0.4809701201513788
0,0.21599656674254225
0,0.3562710856944398
0,0.3424680481521371
0,0.4788787905209726
0,0.5376182621750891
0,0.3647144290304148
0,0.5897200523691334
0,0.42932672269690736
0,0.48755941817185766
0,0.4753656971762552
0,0.5362099706713407
0,0.28376087474165346
0,0.586659378938922
0,0.610360708860351
0,0.6106195563412135
0,0.37628580888039
0,0.5269960626173795
0,0.4811613279959518
0,0.5434842558743079
0,0.5566721512684594
0,0.2767193040021141
0,0.34189160025051796
0,0.4976827650094419
0,0.46743801701493193
0,0.4125583330949408
0,0.5114604515573344
0,0.4674656182366545
0,0.557873640774604
0,0.493524044138717
0,0.5417788162001591
0,0.4719818496427287
0,0.6047891595589618
0,0.653041956414205
0,0.38179193169083186
0,0.4834632812008893
0,0.5781279954470661
0,0.2983744064939618
0,0.5250397517795103
0,0.44067155422178117
0,0.35018424805558296
0,0.6254225669259128
0,0.501245764877586
0,0.309773553046086
0,0.5179232689193292
0,0.2870032455364381
0,0.3547667598744207
0,0.2614676836513169
0,0.5885570219280638
0,0.34501052364951
0,0.4002849377822701
0,0.4073679445498549
0,0.43015288455600303
0,0.3778303441408791
0,0.3650674565369239
0,0.4910643735563831
0,0.424418535941567
0,0.3007400501706104
0,0.5486323457430589
0,0.672679378733434
0,0.4633372654604395
0,0.3589132488724548
0,0.36783550739420945
0,0.5154627306071112
0,0.5047524324552106
0,0.5238643196645267
0,0.35556976464240536
0,0.5551986039323246
0,0.29472590917859687
0,0.350581968526266
0,0.5135437241387436
0,0.396840324465863
0,0.5198064598421593
0,0.5421691978774624
0,0.431441669503241
0,0.4575916729041376
0,0.37668444538012713
0,0.6110548632382573
0,0.5004267916515024
0,0.42740472493213294
0,0.5788497106050539
0,0.3166072488616335
0,0.40177221204903185
0,0.45485718832290534
0,0.4197745194727889
0,0.35588263628093947
0,0.6384865320163464
0,0.5758130719061556
0,0.4383335994876699
0,0.24832976882858937
0,0.39881446186986774
0,0.178099983595706
0,0.40304924647952967
0,0.4833080623773724
0,0.5585648899543799
0,0.32873478541313883
0,0.5068998252363772
0,0.46301771519103657
0,0.5496994376799504
0,0.32868720360690445
0,0.3699618997339421
0,0.5005766926525338
0,0.3916270332880064
0,0.34121836896841995
0,0.5106379906874611
0,0.33505910669973576
0,0.3170724526462052
0,0.5673274686715949
0,0.45179638141001943
0,0.5978215235260776
0,0.5800017409441628
0,0.3928553733832777
0,0.5371240278084046
0,0.44263507003217367
0,0.5588616341659833
0,0.508744755111661
0,0.43167882682118147
0,0.44237532696193405
0,0.4667050258147364
0,0.5693762878039332
0,0.5409160901835721
0,0.544787243050919
0,0.45390295781108814
0,0.45781748334542544
0,0.32317274202617996
0,0.40190301311532944
0,0.5089864448969178
0,0.28392524406604314
0,0.4591729992141288
0,0.5452417986722274
0,0.4804297171159342
0,0.6035548133879616
0,0.41932135468571313
0,0.5472062522747781
0,0.5705807000669947
0,0.6208340733832414
0,0.7344630388192122
0,0.514079743388035
0,0.6528923483725545
0,0.5170597074266605
0,0.32317428314840396
0,0.35855114039571623
0,0.5613900876335477
0,0.469408226397768
0,0.38191586517833975
0,0.5883743482202942
0,0.5079713245994179
0,0.28480408528261836
0,0.2983736595497611
0,0.5238949531810515
0,0.3583144173015799
0,0.21320659475863474
0,0.3679125079869622
0,0.37041096341388535
0,0.48929435896113627
0,0.26567869542584244
0,0.43656565963375726
0,0.44714969388851594
0,0.4495806700027472
0,0.29175580727982453
0,0.7255831234245914
0,0.21206990188070168
0,0.4243571355274102
0,0.6096336087521936
0,0.49079034438289837
0,0.42345201621196527
0,0.3331666866405881
